"category","sub_category","role","relative_path","extension","width","height","size_bytes","recommended_use"
"bgm_audio","aiwfc.ogg/bgm","Background music candidates","MAS/game/mod_assets/bgm/aiwfc.ogg",".ogg",,,"5317420","Optional BGM playback; check volume/loop metadata later."
"bgm_audio","ddlc_maintheme_80s.ogg/bgm","Background music candidates","MAS/game/mod_assets/bgm/ddlc_maintheme_80s.ogg",".ogg",,,"2833067","Optional BGM playback; check volume/loop metadata later."
"bgm_audio","eurobeatreality.ogg/bgm","Background music candidates","MAS/game/mod_assets/bgm/eurobeatreality.ogg",".ogg",,,"1889783","Optional BGM playback; check volume/loop metadata later."
"bgm_audio","happy_story_telling.ogg/bgm","Background music candidates","MAS/game/mod_assets/bgm/happy_story_telling.ogg",".ogg",,,"862498","Optional BGM playback; check volume/loop metadata later."
"bgm_audio","Monika's Lullaby.ogg/bgm","Background music candidates","MAS/game/mod_assets/bgm/Monika's Lullaby.ogg",".ogg",,,"5784671","Optional BGM playback; check volume/loop metadata later."
"bgm_audio","PaC.ogg/bgm","Background music candidates","MAS/game/mod_assets/bgm/PaC.ogg",".ogg",,,"14242992","Optional BGM playback; check volume/loop metadata later."
"bgm_audio","runereality.ogg/bgm","Background music candidates","MAS/game/mod_assets/bgm/runereality.ogg",".ogg",,,"2917118","Optional BGM playback; check volume/loop metadata later."
"calendar_assets","calendar_bg.png/calendar","Visual/UI resource","MAS/game/mod_assets/calendar/calendar_bg.png",".png","900","514","4987","Review manually before use."
"calendar_assets","calendar_bg-n.png/calendar","Visual/UI resource","MAS/game/mod_assets/calendar/calendar_bg-n.png",".png","900","514","4967","Review manually before use."
"calendar_assets","calendar_button_hover.png/calendar","Visual/UI resource","MAS/game/mod_assets/calendar/calendar_button_hover.png",".png","60","35","3320","Review manually before use."
"calendar_assets","calendar_button_normal.png/calendar","Visual/UI resource","MAS/game/mod_assets/calendar/calendar_button_normal.png",".png","60","35","3205","Review manually before use."
"calendar_assets","calendar_button_normal-n.png/calendar","Visual/UI resource","MAS/game/mod_assets/calendar/calendar_button_normal-n.png",".png","60","35","2706","Review manually before use."
"calendar_assets","calendar_button_shadow.png/calendar","Visual/UI resource","MAS/game/mod_assets/calendar/calendar_button_shadow.png",".png","80","55","634","Review manually before use."
"calendar_assets","calendar_close.png/calendar","Visual/UI resource","MAS/game/mod_assets/calendar/calendar_close.png",".png","74","74","3205","Review manually before use."
"calendar_assets","calendar_close_hover.png/calendar","Visual/UI resource","MAS/game/mod_assets/calendar/calendar_close_hover.png",".png","74","74","1769","Review manually before use."
"calendar_assets","calendar_close_hover-n.png/calendar","Visual/UI resource","MAS/game/mod_assets/calendar/calendar_close_hover-n.png",".png","74","74","1868","Review manually before use."
"calendar_assets","calendar_close-n.png/calendar","Visual/UI resource","MAS/game/mod_assets/calendar/calendar_close-n.png",".png","74","74","1920","Review manually before use."
"calendar_assets","calendar_day_bg.png/calendar","Visual/UI resource","MAS/game/mod_assets/calendar/calendar_day_bg.png",".png","128","65","1884","Review manually before use."
"calendar_assets","calendar_day_bg-n.png/calendar","Visual/UI resource","MAS/game/mod_assets/calendar/calendar_day_bg-n.png",".png","128","65","327","Review manually before use."
"calendar_assets","calendar_day_disabled_bg.png/calendar","Visual/UI resource","MAS/game/mod_assets/calendar/calendar_day_disabled_bg.png",".png","128","65","720","Review manually before use."
"calendar_assets","calendar_day_disabled_bg-n.png/calendar","Visual/UI resource","MAS/game/mod_assets/calendar/calendar_day_disabled_bg-n.png",".png","128","65","373","Review manually before use."
"calendar_assets","calendar_day_hover_bg.png/calendar","Visual/UI resource","MAS/game/mod_assets/calendar/calendar_day_hover_bg.png",".png","128","65","374","Review manually before use."
"calendar_assets","calendar_day_name_bg.png/calendar","Visual/UI resource","MAS/game/mod_assets/calendar/calendar_day_name_bg.png",".png","128","35","1553","Review manually before use."
"calendar_assets","calendar_day_name_bg-n.png/calendar","Visual/UI resource","MAS/game/mod_assets/calendar/calendar_day_name_bg-n.png",".png","128","35","207","Review manually before use."
"calendar_assets","calendar_left_arrow.png/calendar","Visual/UI resource","MAS/game/mod_assets/calendar/calendar_left_arrow.png",".png","20","20","1962","Review manually before use."
"calendar_assets","calendar_left_arrow_hover.png/calendar","Visual/UI resource","MAS/game/mod_assets/calendar/calendar_left_arrow_hover.png",".png","20","20","427","Review manually before use."
"calendar_assets","calendar_left_arrow_hover-n.png/calendar","Visual/UI resource","MAS/game/mod_assets/calendar/calendar_left_arrow_hover-n.png",".png","20","20","479","Review manually before use."
"calendar_assets","calendar_left_arrow-n.png/calendar","Visual/UI resource","MAS/game/mod_assets/calendar/calendar_left_arrow-n.png",".png","20","20","479","Review manually before use."
"calendar_assets","calendar_right_arrow.png/calendar","Visual/UI resource","MAS/game/mod_assets/calendar/calendar_right_arrow.png",".png","20","20","1959","Review manually before use."
"calendar_assets","calendar_right_arrow_hover.png/calendar","Visual/UI resource","MAS/game/mod_assets/calendar/calendar_right_arrow_hover.png",".png","20","20","429","Review manually before use."
"calendar_assets","calendar_right_arrow_hover-n.png/calendar","Visual/UI resource","MAS/game/mod_assets/calendar/calendar_right_arrow_hover-n.png",".png","20","20","471","Review manually before use."
"calendar_assets","calendar_right_arrow-n.png/calendar","Visual/UI resource","MAS/game/mod_assets/calendar/calendar_right_arrow-n.png",".png","20","20","472","Review manually before use."
"calendar_assets","calendar_today_bg.png/calendar","Visual/UI resource","MAS/game/mod_assets/calendar/calendar_today_bg.png",".png","128","65","358","Review manually before use."
"calendar_assets","calendar_today_bg-n.png/calendar","Visual/UI resource","MAS/game/mod_assets/calendar/calendar_today_bg-n.png",".png","128","65","349","Review manually before use."
"calendar_assets","calendar_today_disabled_bg.png/calendar","Visual/UI resource","MAS/game/mod_assets/calendar/calendar_today_disabled_bg.png",".png","128","65","372","Review manually before use."
"calendar_assets","calendar_today_disabled_bg-n.png/calendar","Visual/UI resource","MAS/game/mod_assets/calendar/calendar_today_disabled_bg-n.png",".png","128","65","367","Review manually before use."
"calendar_assets","calendar_today_hover_bg.png/calendar","Visual/UI resource","MAS/game/mod_assets/calendar/calendar_today_hover_bg.png",".png","128","65","368","Review manually before use."
"character_accessory_layers","a","Accessory and prop layers for sprite compositing","MAS/game/mod_assets/monika/a/acs-anonymioo_ribbon_bisexualpride-0.png",".png","1280","850","69569","Useful for outfit/accessory selector and layered static avatar; not directly Live2D without rigging."
"character_accessory_layers","a","Accessory and prop layers for sprite compositing","MAS/game/mod_assets/monika/a/acs-anonymioo_ribbon_bisexualpride-5.png",".png","1280","850","82914","Useful for outfit/accessory selector and layered static avatar; not directly Live2D without rigging."
"character_accessory_layers","a","Accessory and prop layers for sprite compositing","MAS/game/mod_assets/monika/a/acs-anonymioo_ribbon_blackandwhite-0.png",".png","1280","850","83689","Useful for outfit/accessory selector and layered static avatar; not directly Live2D without rigging."
"character_accessory_layers","a","Accessory and prop layers for sprite compositing","MAS/game/mod_assets/monika/a/acs-anonymioo_ribbon_blackandwhite-5.png",".png","1280","850","84614","Useful for outfit/accessory selector and layered static avatar; not directly Live2D without rigging."
"character_accessory_layers","a","Accessory and prop layers for sprite compositing","MAS/game/mod_assets/monika/a/acs-anonymioo_ribbon_bronze-0.png",".png","1280","850","92747","Useful for outfit/accessory selector and layered static avatar; not directly Live2D without rigging."
"character_accessory_layers","a","Accessory and prop layers for sprite compositing","MAS/game/mod_assets/monika/a/acs-anonymioo_ribbon_bronze-5.png",".png","1280","850","91017","Useful for outfit/accessory selector and layered static avatar; not directly Live2D without rigging."
"character_accessory_layers","a","Accessory and prop layers for sprite compositing","MAS/game/mod_assets/monika/a/acs-anonymioo_ribbon_brown-0.png",".png","1280","850","79303","Useful for outfit/accessory selector and layered static avatar; not directly Live2D without rigging."
"character_accessory_layers","a","Accessory and prop layers for sprite compositing","MAS/game/mod_assets/monika/a/acs-anonymioo_ribbon_brown-5.png",".png","1280","850","78426","Useful for outfit/accessory selector and layered static avatar; not directly Live2D without rigging."
"character_accessory_layers","a","Accessory and prop layers for sprite compositing","MAS/game/mod_assets/monika/a/acs-anonymioo_ribbon_gradient_lowpoly-0.png",".png","1280","850","102746","Useful for outfit/accessory selector and layered static avatar; not directly Live2D without rigging."
"character_accessory_layers","a","Accessory and prop layers for sprite compositing","MAS/game/mod_assets/monika/a/acs-anonymioo_ribbon_gradient_lowpoly-5.png",".png","1280","850","98707","Useful for outfit/accessory selector and layered static avatar; not directly Live2D without rigging."
"character_accessory_layers","a","Accessory and prop layers for sprite compositing","MAS/game/mod_assets/monika/a/acs-anonymioo_ribbon_gradient_rainbow-0.png",".png","1280","850","78875","Useful for outfit/accessory selector and layered static avatar; not directly Live2D without rigging."
"character_accessory_layers","a","Accessory and prop layers for sprite compositing","MAS/game/mod_assets/monika/a/acs-anonymioo_ribbon_gradient_rainbow-5.png",".png","1280","850","74285","Useful for outfit/accessory selector and layered static avatar; not directly Live2D without rigging."
"character_accessory_layers","a","Accessory and prop layers for sprite compositing","MAS/game/mod_assets/monika/a/acs-anonymioo_ribbon_gradient-0.png",".png","1280","850","92120","Useful for outfit/accessory selector and layered static avatar; not directly Live2D without rigging."
"character_accessory_layers","a","Accessory and prop layers for sprite compositing","MAS/game/mod_assets/monika/a/acs-anonymioo_ribbon_gradient-5.png",".png","1280","850","101256","Useful for outfit/accessory selector and layered static avatar; not directly Live2D without rigging."
"character_accessory_layers","a","Accessory and prop layers for sprite compositing","MAS/game/mod_assets/monika/a/acs-anonymioo_ribbon_polkadots_whiteonred-0.png",".png","1280","850","81340","Useful for outfit/accessory selector and layered static avatar; not directly Live2D without rigging."
"character_accessory_layers","a","Accessory and prop layers for sprite compositing","MAS/game/mod_assets/monika/a/acs-anonymioo_ribbon_polkadots_whiteonred-5.png",".png","1280","850","81738","Useful for outfit/accessory selector and layered static avatar; not directly Live2D without rigging."
"character_accessory_layers","a","Accessory and prop layers for sprite compositing","MAS/game/mod_assets/monika/a/acs-anonymioo_ribbon_starsky_black-0.png",".png","1280","850","94143","Useful for outfit/accessory selector and layered static avatar; not directly Live2D without rigging."
"character_accessory_layers","a","Accessory and prop layers for sprite compositing","MAS/game/mod_assets/monika/a/acs-anonymioo_ribbon_starsky_black-5.png",".png","1280","850","94160","Useful for outfit/accessory selector and layered static avatar; not directly Live2D without rigging."
"character_accessory_layers","a","Accessory and prop layers for sprite compositing","MAS/game/mod_assets/monika/a/acs-anonymioo_ribbon_starsky_red-0.png",".png","1280","850","93504","Useful for outfit/accessory selector and layered static avatar; not directly Live2D without rigging."
"character_accessory_layers","a","Accessory and prop layers for sprite compositing","MAS/game/mod_assets/monika/a/acs-anonymioo_ribbon_starsky_red-5.png",".png","1280","850","91449","Useful for outfit/accessory selector and layered static avatar; not directly Live2D without rigging."
"character_accessory_layers","a","Accessory and prop layers for sprite compositing","MAS/game/mod_assets/monika/a/acs-anonymioo_ribbon_striped_blueandwhite-0.png",".png","1280","850","103608","Useful for outfit/accessory selector and layered static avatar; not directly Live2D without rigging."
"character_accessory_layers","a","Accessory and prop layers for sprite compositing","MAS/game/mod_assets/monika/a/acs-anonymioo_ribbon_striped_blueandwhite-5.png",".png","1280","850","101955","Useful for outfit/accessory selector and layered static avatar; not directly Live2D without rigging."
"character_accessory_layers","a","Accessory and prop layers for sprite compositing","MAS/game/mod_assets/monika/a/acs-anonymioo_ribbon_striped_pinkandwhite-0.png",".png","1280","850","107656","Useful for outfit/accessory selector and layered static avatar; not directly Live2D without rigging."
"character_accessory_layers","a","Accessory and prop layers for sprite compositing","MAS/game/mod_assets/monika/a/acs-anonymioo_ribbon_striped_pinkandwhite-5.png",".png","1280","850","105159","Useful for outfit/accessory selector and layered static avatar; not directly Live2D without rigging."
"character_accessory_layers","a","Accessory and prop layers for sprite compositing","MAS/game/mod_assets/monika/a/acs-anonymioo_ribbon_transexualpride-0.png",".png","1280","850","102713","Useful for outfit/accessory selector and layered static avatar; not directly Live2D without rigging."
"character_accessory_layers","a","Accessory and prop layers for sprite compositing","MAS/game/mod_assets/monika/a/acs-anonymioo_ribbon_transexualpride-5.png",".png","1280","850","100120","Useful for outfit/accessory selector and layered static avatar; not directly Live2D without rigging."
"character_accessory_layers","a","Accessory and prop layers for sprite compositing","MAS/game/mod_assets/monika/a/acs-bellmandi86_hairclip_bat-0.png",".png","1280","850","6127","Useful for outfit/accessory selector and layered static avatar; not directly Live2D without rigging."
"character_accessory_layers","a","Accessory and prop layers for sprite compositing","MAS/game/mod_assets/monika/a/acs-bellmandi86_hairclip_bat-5.png",".png","1280","850","6247","Useful for outfit/accessory selector and layered static avatar; not directly Live2D without rigging."
"character_accessory_layers","a","Accessory and prop layers for sprite compositing","MAS/game/mod_assets/monika/a/acs-bellmandi86_hairclip_crescentmoon-0.png",".png","1280","850","6489","Useful for outfit/accessory selector and layered static avatar; not directly Live2D without rigging."
"character_accessory_layers","a","Accessory and prop layers for sprite compositing","MAS/game/mod_assets/monika/a/acs-bellmandi86_hairclip_crescentmoon-5.png",".png","1280","850","6605","Useful for outfit/accessory selector and layered static avatar; not directly Live2D without rigging."
"character_accessory_layers","a","Accessory and prop layers for sprite compositing","MAS/game/mod_assets/monika/a/acs-bellmandi86_hairclip_ghost-0.png",".png","1280","850","6323","Useful for outfit/accessory selector and layered static avatar; not directly Live2D without rigging."
"character_accessory_layers","a","Accessory and prop layers for sprite compositing","MAS/game/mod_assets/monika/a/acs-bellmandi86_hairclip_ghost-5.png",".png","1280","850","6480","Useful for outfit/accessory selector and layered static avatar; not directly Live2D without rigging."
"character_accessory_layers","a","Accessory and prop layers for sprite compositing","MAS/game/mod_assets/monika/a/acs-bellmandi86_hairclip_pumpkin-0.png",".png","1280","850","6696","Useful for outfit/accessory selector and layered static avatar; not directly Live2D without rigging."
"character_accessory_layers","a","Accessory and prop layers for sprite compositing","MAS/game/mod_assets/monika/a/acs-bellmandi86_hairclip_pumpkin-5.png",".png","1280","850","6908","Useful for outfit/accessory selector and layered static avatar; not directly Live2D without rigging."
"character_accessory_layers","a","Accessory and prop layers for sprite compositing","MAS/game/mod_assets/monika/a/acs-briaryoung_blacksilver_piercings-0.png",".png","1280","850","20590","Useful for outfit/accessory selector and layered static avatar; not directly Live2D without rigging."
"character_accessory_layers","a","Accessory and prop layers for sprite compositing","MAS/game/mod_assets/monika/a/acs-briaryoung_blacksilver_piercings-5.png",".png","1280","850","20570","Useful for outfit/accessory selector and layered static avatar; not directly Live2D without rigging."
"character_accessory_layers","a","Accessory and prop layers for sprite compositing","MAS/game/mod_assets/monika/a/acs-briaryoung_choker_chain_silver-0-0.png",".png","1280","850","21654","Useful for outfit/accessory selector and layered static avatar; not directly Live2D without rigging."
"character_accessory_layers","a","Accessory and prop layers for sprite compositing","MAS/game/mod_assets/monika/a/acs-briaryoung_choker_chain_silver-5-0.png",".png","1280","850","21495","Useful for outfit/accessory selector and layered static avatar; not directly Live2D without rigging."
"character_accessory_layers","a","Accessory and prop layers for sprite compositing","MAS/game/mod_assets/monika/a/acs-briaryoung_choker_daisy_white-0-0.png",".png","1280","850","24557","Useful for outfit/accessory selector and layered static avatar; not directly Live2D without rigging."
"character_accessory_layers","a","Accessory and prop layers for sprite compositing","MAS/game/mod_assets/monika/a/acs-briaryoung_choker_daisy_white-5-0.png",".png","1280","850","24481","Useful for outfit/accessory selector and layered static avatar; not directly Live2D without rigging."
"character_accessory_layers","a","Accessory and prop layers for sprite compositing","MAS/game/mod_assets/monika/a/acs-briaryoung_choker_emerald_green-0-0.png",".png","1280","850","21985","Useful for outfit/accessory selector and layered static avatar; not directly Live2D without rigging."
"character_accessory_layers","a","Accessory and prop layers for sprite compositing","MAS/game/mod_assets/monika/a/acs-briaryoung_choker_emerald_green-5-0.png",".png","1280","850","22892","Useful for outfit/accessory selector and layered static avatar; not directly Live2D without rigging."
"character_accessory_layers","a","Accessory and prop layers for sprite compositing","MAS/game/mod_assets/monika/a/acs-briaryoung_choker_glitter_bead_silver-0-0.png",".png","1280","850","25149","Useful for outfit/accessory selector and layered static avatar; not directly Live2D without rigging."
"character_accessory_layers","a","Accessory and prop layers for sprite compositing","MAS/game/mod_assets/monika/a/acs-briaryoung_choker_glitter_bead_silver-5-0.png",".png","1280","850","27644","Useful for outfit/accessory selector and layered static avatar; not directly Live2D without rigging."
"character_accessory_layers","a","Accessory and prop layers for sprite compositing","MAS/game/mod_assets/monika/a/acs-briaryoung_choker_ribbon_red-0-0.png",".png","1280","850","24693","Useful for outfit/accessory selector and layered static avatar; not directly Live2D without rigging."
"character_accessory_layers","a","Accessory and prop layers for sprite compositing","MAS/game/mod_assets/monika/a/acs-briaryoung_choker_ribbon_red-5-0.png",".png","1280","850","26394","Useful for outfit/accessory selector and layered static avatar; not directly Live2D without rigging."
"character_accessory_layers","a","Accessory and prop layers for sprite compositing","MAS/game/mod_assets/monika/a/acs-briaryoung_choker_ruffles_red-0-0.png",".png","1280","850","24185","Useful for outfit/accessory selector and layered static avatar; not directly Live2D without rigging."
"character_accessory_layers","a","Accessory and prop layers for sprite compositing","MAS/game/mod_assets/monika/a/acs-briaryoung_choker_ruffles_red-5-0.png",".png","1280","850","25345","Useful for outfit/accessory selector and layered static avatar; not directly Live2D without rigging."
"character_accessory_layers","a","Accessory and prop layers for sprite compositing","MAS/game/mod_assets/monika/a/acs-briaryoung_choker_silk_white-0-0.png",".png","1280","850","23525","Useful for outfit/accessory selector and layered static avatar; not directly Live2D without rigging."
"character_accessory_layers","a","Accessory and prop layers for sprite compositing","MAS/game/mod_assets/monika/a/acs-briaryoung_choker_silk_white-5-0.png",".png","1280","850","24778","Useful for outfit/accessory selector and layered static avatar; not directly Live2D without rigging."
"character_accessory_layers","a","Accessory and prop layers for sprite compositing","MAS/game/mod_assets/monika/a/acs-briaryoung_choker_spiked_star-0-0.png",".png","1280","850","25379","Useful for outfit/accessory selector and layered static avatar; not directly Live2D without rigging."
"character_accessory_layers","a","Accessory and prop layers for sprite compositing","MAS/game/mod_assets/monika/a/acs-briaryoung_choker_spiked_star-5-0.png",".png","1280","850","26810","Useful for outfit/accessory selector and layered static avatar; not directly Live2D without rigging."
"character_accessory_layers","a","Accessory and prop layers for sprite compositing","MAS/game/mod_assets/monika/a/acs-briaryoung_choker_spiral_black-0-0.png",".png","1280","850","23686","Useful for outfit/accessory selector and layered static avatar; not directly Live2D without rigging."
"character_accessory_layers","a","Accessory and prop layers for sprite compositing","MAS/game/mod_assets/monika/a/acs-briaryoung_choker_spiral_black-5-0.png",".png","1280","850","24284","Useful for outfit/accessory selector and layered static avatar; not directly Live2D without rigging."
"character_accessory_layers","a","Accessory and prop layers for sprite compositing","MAS/game/mod_assets/monika/a/acs-briaryoung_choker_thread_ribbon-0-0.png",".png","1280","850","23406","Useful for outfit/accessory selector and layered static avatar; not directly Live2D without rigging."
"character_accessory_layers","a","Accessory and prop layers for sprite compositing","MAS/game/mod_assets/monika/a/acs-briaryoung_choker_thread_ribbon-5-0.png",".png","1280","850","24606","Useful for outfit/accessory selector and layered static avatar; not directly Live2D without rigging."
"character_accessory_layers","a","Accessory and prop layers for sprite compositing","MAS/game/mod_assets/monika/a/acs-briaryoung_earrings_pearls-0.png",".png","1280","850","19724","Useful for outfit/accessory selector and layered static avatar; not directly Live2D without rigging."
"character_accessory_layers","a","Accessory and prop layers for sprite compositing","MAS/game/mod_assets/monika/a/acs-briaryoung_earrings_pearls-5.png",".png","1280","850","19652","Useful for outfit/accessory selector and layered static avatar; not directly Live2D without rigging."
"character_accessory_layers","a","Accessory and prop layers for sprite compositing","MAS/game/mod_assets/monika/a/acs-briaryoung_front_bow_black-0.png",".png","1280","850","16903","Useful for outfit/accessory selector and layered static avatar; not directly Live2D without rigging."
"character_accessory_layers","a","Accessory and prop layers for sprite compositing","MAS/game/mod_assets/monika/a/acs-briaryoung_front_bow_black-5.png",".png","1280","850","17970","Useful for outfit/accessory selector and layered static avatar; not directly Live2D without rigging."
"character_accessory_layers","a","Accessory and prop layers for sprite compositing","MAS/game/mod_assets/monika/a/acs-briaryoung_mini_ribbon_black-0.png",".png","1280","850","48721","Useful for outfit/accessory selector and layered static avatar; not directly Live2D without rigging."
"character_accessory_layers","a","Accessory and prop layers for sprite compositing","MAS/game/mod_assets/monika/a/acs-briaryoung_mini_ribbon_black-5.png",".png","1280","850","50927","Useful for outfit/accessory selector and layered static avatar; not directly Live2D without rigging."
"character_accessory_layers","a","Accessory and prop layers for sprite compositing","MAS/game/mod_assets/monika/a/acs-briaryoung_mini_ribbon_dark_pink-0.png",".png","1280","850","62273","Useful for outfit/accessory selector and layered static avatar; not directly Live2D without rigging."
"character_accessory_layers","a","Accessory and prop layers for sprite compositing","MAS/game/mod_assets/monika/a/acs-briaryoung_mini_ribbon_dark_pink-5.png",".png","1280","850","65349","Useful for outfit/accessory selector and layered static avatar; not directly Live2D without rigging."
"character_accessory_layers","a","Accessory and prop layers for sprite compositing","MAS/game/mod_assets/monika/a/acs-briaryoung_mini_ribbon_gray-0.png",".png","1280","850","58175","Useful for outfit/accessory selector and layered static avatar; not directly Live2D without rigging."
"character_accessory_layers","a","Accessory and prop layers for sprite compositing","MAS/game/mod_assets/monika/a/acs-briaryoung_mini_ribbon_gray-5.png",".png","1280","850","62238","Useful for outfit/accessory selector and layered static avatar; not directly Live2D without rigging."
"character_accessory_layers","a","Accessory and prop layers for sprite compositing","MAS/game/mod_assets/monika/a/acs-briaryoung_mini_ribbon_orange-0.png",".png","1280","850","63426","Useful for outfit/accessory selector and layered static avatar; not directly Live2D without rigging."
"character_accessory_layers","a","Accessory and prop layers for sprite compositing","MAS/game/mod_assets/monika/a/acs-briaryoung_mini_ribbon_orange-5.png",".png","1280","850","66076","Useful for outfit/accessory selector and layered static avatar; not directly Live2D without rigging."
"character_accessory_layers","a","Accessory and prop layers for sprite compositing","MAS/game/mod_assets/monika/a/acs-briaryoung_mini_ribbon_pale_green-0.png",".png","1280","850","63666","Useful for outfit/accessory selector and layered static avatar; not directly Live2D without rigging."
"character_accessory_layers","a","Accessory and prop layers for sprite compositing","MAS/game/mod_assets/monika/a/acs-briaryoung_mini_ribbon_pale_green-5.png",".png","1280","850","66510","Useful for outfit/accessory selector and layered static avatar; not directly Live2D without rigging."
"character_accessory_layers","a","Accessory and prop layers for sprite compositing","MAS/game/mod_assets/monika/a/acs-briaryoung_mini_ribbon_pink-0.png",".png","1280","850","63083","Useful for outfit/accessory selector and layered static avatar; not directly Live2D without rigging."
"character_accessory_layers","a","Accessory and prop layers for sprite compositing","MAS/game/mod_assets/monika/a/acs-briaryoung_mini_ribbon_pink-5.png",".png","1280","850","65789","Useful for outfit/accessory selector and layered static avatar; not directly Live2D without rigging."
"character_accessory_layers","a","Accessory and prop layers for sprite compositing","MAS/game/mod_assets/monika/a/acs-briaryoung_mini_ribbon_purple-0.png",".png","1280","850","60640","Useful for outfit/accessory selector and layered static avatar; not directly Live2D without rigging."
"character_accessory_layers","a","Accessory and prop layers for sprite compositing","MAS/game/mod_assets/monika/a/acs-briaryoung_mini_ribbon_purple-5.png",".png","1280","850","64499","Useful for outfit/accessory selector and layered static avatar; not directly Live2D without rigging."
"character_accessory_layers","a","Accessory and prop layers for sprite compositing","MAS/game/mod_assets/monika/a/acs-briaryoung_mini_ribbon_red-0.png",".png","1280","850","56264","Useful for outfit/accessory selector and layered static avatar; not directly Live2D without rigging."
"character_accessory_layers","a","Accessory and prop layers for sprite compositing","MAS/game/mod_assets/monika/a/acs-briaryoung_mini_ribbon_red-5.png",".png","1280","850","58153","Useful for outfit/accessory selector and layered static avatar; not directly Live2D without rigging."
"character_accessory_layers","a","Accessory and prop layers for sprite compositing","MAS/game/mod_assets/monika/a/acs-briaryoung_mini_ribbon_royal_blue-0.png",".png","1280","850","61670","Useful for outfit/accessory selector and layered static avatar; not directly Live2D without rigging."
"character_accessory_layers","a","Accessory and prop layers for sprite compositing","MAS/game/mod_assets/monika/a/acs-briaryoung_mini_ribbon_royal_blue-5.png",".png","1280","850","64094","Useful for outfit/accessory selector and layered static avatar; not directly Live2D without rigging."
"character_accessory_layers","a","Accessory and prop layers for sprite compositing","MAS/game/mod_assets/monika/a/acs-briaryoung_mini_ribbon_sky_blue-0.png",".png","1280","850","79682","Useful for outfit/accessory selector and layered static avatar; not directly Live2D without rigging."
"character_accessory_layers","a","Accessory and prop layers for sprite compositing","MAS/game/mod_assets/monika/a/acs-briaryoung_mini_ribbon_sky_blue-5.png",".png","1280","850","83008","Useful for outfit/accessory selector and layered static avatar; not directly Live2D without rigging."
"character_accessory_layers","a","Accessory and prop layers for sprite compositing","MAS/game/mod_assets/monika/a/acs-briaryoung_mini_ribbon_white-0.png",".png","1280","850","81553","Useful for outfit/accessory selector and layered static avatar; not directly Live2D without rigging."
"character_accessory_layers","a","Accessory and prop layers for sprite compositing","MAS/game/mod_assets/monika/a/acs-briaryoung_mini_ribbon_white-5.png",".png","1280","850","85637","Useful for outfit/accessory selector and layered static avatar; not directly Live2D without rigging."
"character_accessory_layers","a","Accessory and prop layers for sprite compositing","MAS/game/mod_assets/monika/a/acs-briaryoung_mini_ribbon_yellow-0.png",".png","1280","850","64462","Useful for outfit/accessory selector and layered static avatar; not directly Live2D without rigging."
"character_accessory_layers","a","Accessory and prop layers for sprite compositing","MAS/game/mod_assets/monika/a/acs-briaryoung_mini_ribbon_yellow-5.png",".png","1280","850","67174","Useful for outfit/accessory selector and layered static avatar; not directly Live2D without rigging."
"character_accessory_layers","a","Accessory and prop layers for sprite compositing","MAS/game/mod_assets/monika/a/acs-historyvariety_anchor_necklace-0-0.png",".png","1280","850","10170","Useful for outfit/accessory selector and layered static avatar; not directly Live2D without rigging."
"character_accessory_layers","a","Accessory and prop layers for sprite compositing","MAS/game/mod_assets/monika/a/acs-historyvariety_anchor_necklace-5-0.png",".png","1280","850","11099","Useful for outfit/accessory selector and layered static avatar; not directly Live2D without rigging."
"character_accessory_layers","a","Accessory and prop layers for sprite compositing","MAS/game/mod_assets/monika/a/acs-historyvariety_animalcrossing_necklace-0-0.png",".png","1280","850","9427","Useful for outfit/accessory selector and layered static avatar; not directly Live2D without rigging."
"character_accessory_layers","a","Accessory and prop layers for sprite compositing","MAS/game/mod_assets/monika/a/acs-historyvariety_animalcrossing_necklace-5-0.png",".png","1280","850","9655","Useful for outfit/accessory selector and layered static avatar; not directly Live2D without rigging."
"character_accessory_layers","a","Accessory and prop layers for sprite compositing","MAS/game/mod_assets/monika/a/acs-historyvariety_cactus_necklace-0-0.png",".png","1280","850","10055","Useful for outfit/accessory selector and layered static avatar; not directly Live2D without rigging."
"character_accessory_layers","a","Accessory and prop layers for sprite compositing","MAS/game/mod_assets/monika/a/acs-historyvariety_cactus_necklace-5-0.png",".png","1280","850","11662","Useful for outfit/accessory selector and layered static avatar; not directly Live2D without rigging."
"character_accessory_layers","a","Accessory and prop layers for sprite compositing","MAS/game/mod_assets/monika/a/acs-historyvariety_goldchain_necklace-0-0.png",".png","1280","850","8312","Useful for outfit/accessory selector and layered static avatar; not directly Live2D without rigging."
"character_accessory_layers","a","Accessory and prop layers for sprite compositing","MAS/game/mod_assets/monika/a/acs-historyvariety_goldchain_necklace-5-0.png",".png","1280","850","8513","Useful for outfit/accessory selector and layered static avatar; not directly Live2D without rigging."
"character_accessory_layers","a","Accessory and prop layers for sprite compositing","MAS/game/mod_assets/monika/a/acs-historyvariety_snailshell_necklace-0-0.png",".png","1280","850","9075","Useful for outfit/accessory selector and layered static avatar; not directly Live2D without rigging."
"character_accessory_layers","a","Accessory and prop layers for sprite compositing","MAS/game/mod_assets/monika/a/acs-historyvariety_snailshell_necklace-5-0.png",".png","1280","850","9830","Useful for outfit/accessory selector and layered static avatar; not directly Live2D without rigging."
"character_accessory_layers","a","Accessory and prop layers for sprite compositing","MAS/game/mod_assets/monika/a/acs-historyvariety_star_necklace-0-0.png",".png","1280","850","9638","Useful for outfit/accessory selector and layered static avatar; not directly Live2D without rigging."
"character_accessory_layers","a","Accessory and prop layers for sprite compositing","MAS/game/mod_assets/monika/a/acs-historyvariety_star_necklace-5-0.png",".png","1280","850","10377","Useful for outfit/accessory selector and layered static avatar; not directly Live2D without rigging."
"character_accessory_layers","a","Accessory and prop layers for sprite compositing","MAS/game/mod_assets/monika/a/acs-historyvariety_sunflower_necklace-0-0.png",".png","1280","850","10106","Useful for outfit/accessory selector and layered static avatar; not directly Live2D without rigging."
"character_accessory_layers","a","Accessory and prop layers for sprite compositing","MAS/game/mod_assets/monika/a/acs-historyvariety_sunflower_necklace-5-0.png",".png","1280","850","9976","Useful for outfit/accessory selector and layered static avatar; not directly Live2D without rigging."
"character_accessory_layers","a","Accessory and prop layers for sprite compositing","MAS/game/mod_assets/monika/a/acs-historyvariety_triforce_necklace-0-0.png",".png","1280","850","9317","Useful for outfit/accessory selector and layered static avatar; not directly Live2D without rigging."
"character_accessory_layers","a","Accessory and prop layers for sprite compositing","MAS/game/mod_assets/monika/a/acs-historyvariety_triforce_necklace-5-0.png",".png","1280","850","10263","Useful for outfit/accessory selector and layered static avatar; not directly Live2D without rigging."
"character_accessory_layers","a","Accessory and prop layers for sprite compositing","MAS/game/mod_assets/monika/a/acs-jmo_hairclip_cherry-0.png",".png","1280","850","6617","Useful for outfit/accessory selector and layered static avatar; not directly Live2D without rigging."
"character_accessory_layers","a","Accessory and prop layers for sprite compositing","MAS/game/mod_assets/monika/a/acs-jmo_hairclip_cherry-5.png",".png","1280","850","6456","Useful for outfit/accessory selector and layered static avatar; not directly Live2D without rigging."
"character_accessory_layers","a","Accessory and prop layers for sprite compositing","MAS/game/mod_assets/monika/a/acs-jmo_hairclip_heart-0.png",".png","1280","850","6306","Useful for outfit/accessory selector and layered static avatar; not directly Live2D without rigging."
"character_accessory_layers","a","Accessory and prop layers for sprite compositing","MAS/game/mod_assets/monika/a/acs-jmo_hairclip_heart-5.png",".png","1280","850","6165","Useful for outfit/accessory selector and layered static avatar; not directly Live2D without rigging."
"character_accessory_layers","a","Accessory and prop layers for sprite compositing","MAS/game/mod_assets/monika/a/acs-jmo_hairclip_musicnote-0.png",".png","1280","850","6871","Useful for outfit/accessory selector and layered static avatar; not directly Live2D without rigging."
"character_accessory_layers","a","Accessory and prop layers for sprite compositing","MAS/game/mod_assets/monika/a/acs-jmo_hairclip_musicnote-5.png",".png","1280","850","6711","Useful for outfit/accessory selector and layered static avatar; not directly Live2D without rigging."
"character_accessory_layers","a","Accessory and prop layers for sprite compositing","MAS/game/mod_assets/monika/a/acs-lanvallime_ribbon_coffee-0.png",".png","1280","850","68963","Useful for outfit/accessory selector and layered static avatar; not directly Live2D without rigging."
"character_accessory_layers","a","Accessory and prop layers for sprite compositing","MAS/game/mod_assets/monika/a/acs-lanvallime_ribbon_coffee-5.png",".png","1280","850","67271","Useful for outfit/accessory selector and layered static avatar; not directly Live2D without rigging."
"character_accessory_layers","a","Accessory and prop layers for sprite compositing","MAS/game/mod_assets/monika/a/acs-lanvallime_ribbon_gold-0.png",".png","1280","850","79868","Useful for outfit/accessory selector and layered static avatar; not directly Live2D without rigging."
"character_accessory_layers","a","Accessory and prop layers for sprite compositing","MAS/game/mod_assets/monika/a/acs-lanvallime_ribbon_gold-5.png",".png","1280","850","77971","Useful for outfit/accessory selector and layered static avatar; not directly Live2D without rigging."
"character_accessory_layers","a","Accessory and prop layers for sprite compositing","MAS/game/mod_assets/monika/a/acs-lanvallime_ribbon_hot_pink-0.png",".png","1280","850","77743","Useful for outfit/accessory selector and layered static avatar; not directly Live2D without rigging."
"character_accessory_layers","a","Accessory and prop layers for sprite compositing","MAS/game/mod_assets/monika/a/acs-lanvallime_ribbon_hot_pink-5.png",".png","1280","850","75846","Useful for outfit/accessory selector and layered static avatar; not directly Live2D without rigging."
"character_accessory_layers","a","Accessory and prop layers for sprite compositing","MAS/game/mod_assets/monika/a/acs-lanvallime_ribbon_lilac-0.png",".png","1280","850","79965","Useful for outfit/accessory selector and layered static avatar; not directly Live2D without rigging."
"character_accessory_layers","a","Accessory and prop layers for sprite compositing","MAS/game/mod_assets/monika/a/acs-lanvallime_ribbon_lilac-5.png",".png","1280","850","78175","Useful for outfit/accessory selector and layered static avatar; not directly Live2D without rigging."
"character_accessory_layers","a","Accessory and prop layers for sprite compositing","MAS/game/mod_assets/monika/a/acs-lanvallime_ribbon_lime_green-0.png",".png","1280","850","78995","Useful for outfit/accessory selector and layered static avatar; not directly Live2D without rigging."
"character_accessory_layers","a","Accessory and prop layers for sprite compositing","MAS/game/mod_assets/monika/a/acs-lanvallime_ribbon_lime_green-5.png",".png","1280","850","77251","Useful for outfit/accessory selector and layered static avatar; not directly Live2D without rigging."
"character_accessory_layers","a","Accessory and prop layers for sprite compositing","MAS/game/mod_assets/monika/a/acs-lanvallime_ribbon_navy_blue-0.png",".png","1280","850","66999","Useful for outfit/accessory selector and layered static avatar; not directly Live2D without rigging."
"character_accessory_layers","a","Accessory and prop layers for sprite compositing","MAS/game/mod_assets/monika/a/acs-lanvallime_ribbon_navy_blue-5.png",".png","1280","850","65364","Useful for outfit/accessory selector and layered static avatar; not directly Live2D without rigging."
"character_accessory_layers","a","Accessory and prop layers for sprite compositing","MAS/game/mod_assets/monika/a/acs-lanvallime_ribbon_orange-0.png",".png","1280","850","78484","Useful for outfit/accessory selector and layered static avatar; not directly Live2D without rigging."
"character_accessory_layers","a","Accessory and prop layers for sprite compositing","MAS/game/mod_assets/monika/a/acs-lanvallime_ribbon_orange-5.png",".png","1280","850","76692","Useful for outfit/accessory selector and layered static avatar; not directly Live2D without rigging."
"character_accessory_layers","a","Accessory and prop layers for sprite compositing","MAS/game/mod_assets/monika/a/acs-lanvallime_ribbon_royal_purple-0.png",".png","1280","850","71860","Useful for outfit/accessory selector and layered static avatar; not directly Live2D without rigging."
"character_accessory_layers","a","Accessory and prop layers for sprite compositing","MAS/game/mod_assets/monika/a/acs-lanvallime_ribbon_royal_purple-5.png",".png","1280","850","70156","Useful for outfit/accessory selector and layered static avatar; not directly Live2D without rigging."
"character_accessory_layers","a","Accessory and prop layers for sprite compositing","MAS/game/mod_assets/monika/a/acs-lanvallime_ribbon_sky_blue-0.png",".png","1280","850","79775","Useful for outfit/accessory selector and layered static avatar; not directly Live2D without rigging."
"character_accessory_layers","a","Accessory and prop layers for sprite compositing","MAS/game/mod_assets/monika/a/acs-lanvallime_ribbon_sky_blue-5.png",".png","1280","850","77883","Useful for outfit/accessory selector and layered static avatar; not directly Live2D without rigging."
"character_accessory_layers","a","Accessory and prop layers for sprite compositing","MAS/game/mod_assets/monika/a/acs-multimokia_bow_black-0.png",".png","1280","850","79889","Useful for outfit/accessory selector and layered static avatar; not directly Live2D without rigging."
"character_accessory_layers","a","Accessory and prop layers for sprite compositing","MAS/game/mod_assets/monika/a/acs-multimokia_bow_black-5.png",".png","1280","850","78181","Useful for outfit/accessory selector and layered static avatar; not directly Live2D without rigging."
"character_accessory_layers","a","Accessory and prop layers for sprite compositing","MAS/game/mod_assets/monika/a/acs-orcaramelo_hairflower_pink-0.png",".png","1280","850","23198","Useful for outfit/accessory selector and layered static avatar; not directly Live2D without rigging."
"character_accessory_layers","a","Accessory and prop layers for sprite compositing","MAS/game/mod_assets/monika/a/acs-orcaramelo_hairflower_pink-5.png",".png","1280","850","23156","Useful for outfit/accessory selector and layered static avatar; not directly Live2D without rigging."
"character_accessory_layers","a","Accessory and prop layers for sprite compositing","MAS/game/mod_assets/monika/a/acs-orcaramelo_hatsune_miku_headset-0.png",".png","1280","850","18527","Useful for outfit/accessory selector and layered static avatar; not directly Live2D without rigging."
"character_accessory_layers","a","Accessory and prop layers for sprite compositing","MAS/game/mod_assets/monika/a/acs-orcaramelo_hatsune_miku_headset-5.png",".png","1280","850","18923","Useful for outfit/accessory selector and layered static avatar; not directly Live2D without rigging."
"character_accessory_layers","a","Accessory and prop layers for sprite compositing","MAS/game/mod_assets/monika/a/acs-orcaramelo_hatsune_miku_twinsquares-0.png",".png","1280","850","25246","Useful for outfit/accessory selector and layered static avatar; not directly Live2D without rigging."
"character_accessory_layers","a","Accessory and prop layers for sprite compositing","MAS/game/mod_assets/monika/a/acs-orcaramelo_hatsune_miku_twinsquares-5.png",".png","1280","850","23148","Useful for outfit/accessory selector and layered static avatar; not directly Live2D without rigging."
"character_accessory_layers","a","Accessory and prop layers for sprite compositing","MAS/game/mod_assets/monika/a/acs-orcaramelo_sakuya_izayoi_headband-0.png",".png","1280","850","34982","Useful for outfit/accessory selector and layered static avatar; not directly Live2D without rigging."
"character_accessory_layers","a","Accessory and prop layers for sprite compositing","MAS/game/mod_assets/monika/a/acs-orcaramelo_sakuya_izayoi_headband-5.png",".png","1280","850","35260","Useful for outfit/accessory selector and layered static avatar; not directly Live2D without rigging."
"character_accessory_layers","a","Accessory and prop layers for sprite compositing","MAS/game/mod_assets/monika/a/acs-orcaramelo_sakuya_izayoi_strandbow-0.png",".png","1280","850","8698","Useful for outfit/accessory selector and layered static avatar; not directly Live2D without rigging."
"character_accessory_layers","a","Accessory and prop layers for sprite compositing","MAS/game/mod_assets/monika/a/acs-orcaramelo_sakuya_izayoi_strandbow-5.png",".png","1280","850","8763","Useful for outfit/accessory selector and layered static avatar; not directly Live2D without rigging."
"character_accessory_layers","a","Accessory and prop layers for sprite compositing","MAS/game/mod_assets/monika/a/acs-orcaramelo_twinribbon_blue-0.png",".png","1280","850","32416","Useful for outfit/accessory selector and layered static avatar; not directly Live2D without rigging."
"character_accessory_layers","a","Accessory and prop layers for sprite compositing","MAS/game/mod_assets/monika/a/acs-orcaramelo_twinribbon_blue-5.png",".png","1280","850","33021","Useful for outfit/accessory selector and layered static avatar; not directly Live2D without rigging."
"character_accessory_layers","a","Accessory and prop layers for sprite compositing","MAS/game/mod_assets/monika/a/acs-orcaramelo_twinribbon_green-0.png",".png","1280","850","32727","Useful for outfit/accessory selector and layered static avatar; not directly Live2D without rigging."
"character_accessory_layers","a","Accessory and prop layers for sprite compositing","MAS/game/mod_assets/monika/a/acs-orcaramelo_twinribbon_green-5.png",".png","1280","850","33111","Useful for outfit/accessory selector and layered static avatar; not directly Live2D without rigging."
"character_accessory_layers","a","Accessory and prop layers for sprite compositing","MAS/game/mod_assets/monika/a/acs-orcaramelo_twinribbon_pink-0.png",".png","1280","850","32524","Useful for outfit/accessory selector and layered static avatar; not directly Live2D without rigging."
"character_accessory_layers","a","Accessory and prop layers for sprite compositing","MAS/game/mod_assets/monika/a/acs-orcaramelo_twinribbon_pink-5.png",".png","1280","850","33068","Useful for outfit/accessory selector and layered static avatar; not directly Live2D without rigging."
"character_accessory_layers","a","Accessory and prop layers for sprite compositing","MAS/game/mod_assets/monika/a/acs-orcaramelo_twinribbon_yellow-0.png",".png","1280","850","32486","Useful for outfit/accessory selector and layered static avatar; not directly Live2D without rigging."
"character_accessory_layers","a","Accessory and prop layers for sprite compositing","MAS/game/mod_assets/monika/a/acs-orcaramelo_twinribbon_yellow-5.png",".png","1280","850","32654","Useful for outfit/accessory selector and layered static avatar; not directly Live2D without rigging."
"character_accessory_layers","a","Accessory and prop layers for sprite compositing","MAS/game/mod_assets/monika/a/acs-retro_ribbon_amdek_amber-0.png",".png","1280","850","15069","Useful for outfit/accessory selector and layered static avatar; not directly Live2D without rigging."
"character_accessory_layers","a","Accessory and prop layers for sprite compositing","MAS/game/mod_assets/monika/a/acs-retro_ribbon_amdek_amber-5.png",".png","1280","850","15042","Useful for outfit/accessory selector and layered static avatar; not directly Live2D without rigging."
"character_accessory_layers","a","Accessory and prop layers for sprite compositing","MAS/game/mod_assets/monika/a/acs-retro_ribbon_blue-0.png",".png","1280","850","16401","Useful for outfit/accessory selector and layered static avatar; not directly Live2D without rigging."
"character_accessory_layers","a","Accessory and prop layers for sprite compositing","MAS/game/mod_assets/monika/a/acs-retro_ribbon_blue-5.png",".png","1280","850","16995","Useful for outfit/accessory selector and layered static avatar; not directly Live2D without rigging."
"character_accessory_layers","a","Accessory and prop layers for sprite compositing","MAS/game/mod_assets/monika/a/acs-retro_ribbon_emerald-0.png",".png","1280","850","16348","Useful for outfit/accessory selector and layered static avatar; not directly Live2D without rigging."
"character_accessory_layers","a","Accessory and prop layers for sprite compositing","MAS/game/mod_assets/monika/a/acs-retro_ribbon_emerald-5.png",".png","1280","850","16862","Useful for outfit/accessory selector and layered static avatar; not directly Live2D without rigging."
"character_accessory_layers","a","Accessory and prop layers for sprite compositing","MAS/game/mod_assets/monika/a/acs-retro_ribbon_gb_green-0.png",".png","1280","850","13429","Useful for outfit/accessory selector and layered static avatar; not directly Live2D without rigging."
"character_accessory_layers","a","Accessory and prop layers for sprite compositing","MAS/game/mod_assets/monika/a/acs-retro_ribbon_gb_green-5.png",".png","1280","850","13366","Useful for outfit/accessory selector and layered static avatar; not directly Live2D without rigging."
"character_accessory_layers","a","Accessory and prop layers for sprite compositing","MAS/game/mod_assets/monika/a/acs-retro_ribbon_normal-0.png",".png","1280","850","16961","Useful for outfit/accessory selector and layered static avatar; not directly Live2D without rigging."
"character_accessory_layers","a","Accessory and prop layers for sprite compositing","MAS/game/mod_assets/monika/a/acs-retro_ribbon_normal-5.png",".png","1280","850","17311","Useful for outfit/accessory selector and layered static avatar; not directly Live2D without rigging."
"character_accessory_layers","a","Accessory and prop layers for sprite compositing","MAS/game/mod_assets/monika/a/acs-retro_ribbon_purple-0.png",".png","1280","850","16193","Useful for outfit/accessory selector and layered static avatar; not directly Live2D without rigging."
"character_accessory_layers","a","Accessory and prop layers for sprite compositing","MAS/game/mod_assets/monika/a/acs-retro_ribbon_purple-5.png",".png","1280","850","16366","Useful for outfit/accessory selector and layered static avatar; not directly Live2D without rigging."
"character_accessory_layers","a","Accessory and prop layers for sprite compositing","MAS/game/mod_assets/monika/a/acs-retro_ribbon_red-0.png",".png","1280","850","15887","Useful for outfit/accessory selector and layered static avatar; not directly Live2D without rigging."
"character_accessory_layers","a","Accessory and prop layers for sprite compositing","MAS/game/mod_assets/monika/a/acs-retro_ribbon_red-5.png",".png","1280","850","16346","Useful for outfit/accessory selector and layered static avatar; not directly Live2D without rigging."
"character_accessory_layers","a","Accessory and prop layers for sprite compositing","MAS/game/mod_assets/monika/a/acs-retro_ribbon_sgb_green-0.png",".png","1280","850","13585","Useful for outfit/accessory selector and layered static avatar; not directly Live2D without rigging."
"character_accessory_layers","a","Accessory and prop layers for sprite compositing","MAS/game/mod_assets/monika/a/acs-retro_ribbon_sgb_green-5.png",".png","1280","850","13490","Useful for outfit/accessory selector and layered static avatar; not directly Live2D without rigging."
"character_accessory_layers","a","Accessory and prop layers for sprite compositing","MAS/game/mod_assets/monika/a/acs-sirnimblybottoms_heart_choker-0-0.png",".png","1280","850","12704","Useful for outfit/accessory selector and layered static avatar; not directly Live2D without rigging."
"character_accessory_layers","a","Accessory and prop layers for sprite compositing","MAS/game/mod_assets/monika/a/acs-sirnimblybottoms_heart_choker-5-0.png",".png","1280","850","14596","Useful for outfit/accessory selector and layered static avatar; not directly Live2D without rigging."
"character_accessory_layers","a","Accessory and prop layers for sprite compositing","MAS/game/mod_assets/monika/a/acs-trilasent_choker_flowered-0-0.png",".png","1280","850","10054","Useful for outfit/accessory selector and layered static avatar; not directly Live2D without rigging."
"character_accessory_layers","a","Accessory and prop layers for sprite compositing","MAS/game/mod_assets/monika/a/acs-trilasent_choker_flowered-5-0.png",".png","1280","850","10046","Useful for outfit/accessory selector and layered static avatar; not directly Live2D without rigging."
"character_accessory_layers","a","Accessory and prop layers for sprite compositing","MAS/game/mod_assets/monika/a/acs-trilasent_choker_simple-0-0.png",".png","1280","850","13358","Useful for outfit/accessory selector and layered static avatar; not directly Live2D without rigging."
"character_accessory_layers","a","Accessory and prop layers for sprite compositing","MAS/game/mod_assets/monika/a/acs-trilasent_choker_simple-5-0.png",".png","1280","850","14390","Useful for outfit/accessory selector and layered static avatar; not directly Live2D without rigging."
"character_accessory_layers","a","Accessory and prop layers for sprite compositing","MAS/game/mod_assets/monika/a/acs-velius94_bunnyscrunchie_blue-0.png",".png","1280","850","25824","Useful for outfit/accessory selector and layered static avatar; not directly Live2D without rigging."
"character_accessory_layers","a","Accessory and prop layers for sprite compositing","MAS/game/mod_assets/monika/a/acs-velius94_bunnyscrunchie_blue-5.png",".png","1280","850","29943","Useful for outfit/accessory selector and layered static avatar; not directly Live2D without rigging."
"character_accessory_layers","a","Accessory and prop layers for sprite compositing","MAS/game/mod_assets/monika/a/acs-velius94_ribbon_black-0.png",".png","1280","850","38569","Useful for outfit/accessory selector and layered static avatar; not directly Live2D without rigging."
"character_accessory_layers","a","Accessory and prop layers for sprite compositing","MAS/game/mod_assets/monika/a/acs-velius94_ribbon_black-5.png",".png","1280","850","38814","Useful for outfit/accessory selector and layered static avatar; not directly Live2D without rigging."
"character_accessory_layers","a","Accessory and prop layers for sprite compositing","MAS/game/mod_assets/monika/a/acs-velius94_ribbon_blue-0.png",".png","1280","850","55061","Useful for outfit/accessory selector and layered static avatar; not directly Live2D without rigging."
"character_accessory_layers","a","Accessory and prop layers for sprite compositing","MAS/game/mod_assets/monika/a/acs-velius94_ribbon_blue-5.png",".png","1280","850","56796","Useful for outfit/accessory selector and layered static avatar; not directly Live2D without rigging."
"character_accessory_layers","a","Accessory and prop layers for sprite compositing","MAS/game/mod_assets/monika/a/acs-velius94_ribbon_dark_purple-0.png",".png","1280","850","50938","Useful for outfit/accessory selector and layered static avatar; not directly Live2D without rigging."
"character_accessory_layers","a","Accessory and prop layers for sprite compositing","MAS/game/mod_assets/monika/a/acs-velius94_ribbon_dark_purple-5.png",".png","1280","850","51936","Useful for outfit/accessory selector and layered static avatar; not directly Live2D without rigging."
"character_accessory_layers","a","Accessory and prop layers for sprite compositing","MAS/game/mod_assets/monika/a/acs-velius94_ribbon_def-0.png",".png","1280","850","55021","Useful for outfit/accessory selector and layered static avatar; not directly Live2D without rigging."
"character_accessory_layers","a","Accessory and prop layers for sprite compositing","MAS/game/mod_assets/monika/a/acs-velius94_ribbon_def-5.png",".png","1280","850","58140","Useful for outfit/accessory selector and layered static avatar; not directly Live2D without rigging."
"character_accessory_layers","a","Accessory and prop layers for sprite compositing","MAS/game/mod_assets/monika/a/acs-velius94_ribbon_emerald-0.png",".png","1280","850","43672","Useful for outfit/accessory selector and layered static avatar; not directly Live2D without rigging."
"character_accessory_layers","a","Accessory and prop layers for sprite compositing","MAS/game/mod_assets/monika/a/acs-velius94_ribbon_emerald-5.png",".png","1280","850","44016","Useful for outfit/accessory selector and layered static avatar; not directly Live2D without rigging."
"character_accessory_layers","a","Accessory and prop layers for sprite compositing","MAS/game/mod_assets/monika/a/acs-velius94_ribbon_gray-0.png",".png","1280","850","47769","Useful for outfit/accessory selector and layered static avatar; not directly Live2D without rigging."
"character_accessory_layers","a","Accessory and prop layers for sprite compositing","MAS/game/mod_assets/monika/a/acs-velius94_ribbon_gray-5.png",".png","1280","850","48305","Useful for outfit/accessory selector and layered static avatar; not directly Live2D without rigging."
"character_accessory_layers","a","Accessory and prop layers for sprite compositing","MAS/game/mod_assets/monika/a/acs-velius94_ribbon_green-0.png",".png","1280","850","55390","Useful for outfit/accessory selector and layered static avatar; not directly Live2D without rigging."
"character_accessory_layers","a","Accessory and prop layers for sprite compositing","MAS/game/mod_assets/monika/a/acs-velius94_ribbon_green-5.png",".png","1280","850","57411","Useful for outfit/accessory selector and layered static avatar; not directly Live2D without rigging."
"character_accessory_layers","a","Accessory and prop layers for sprite compositing","MAS/game/mod_assets/monika/a/acs-velius94_ribbon_light_purple-0.png",".png","1280","850","54955","Useful for outfit/accessory selector and layered static avatar; not directly Live2D without rigging."
"character_accessory_layers","a","Accessory and prop layers for sprite compositing","MAS/game/mod_assets/monika/a/acs-velius94_ribbon_light_purple-5.png",".png","1280","850","57338","Useful for outfit/accessory selector and layered static avatar; not directly Live2D without rigging."
"character_accessory_layers","a","Accessory and prop layers for sprite compositing","MAS/game/mod_assets/monika/a/acs-velius94_ribbon_peach-0.png",".png","1280","850","54768","Useful for outfit/accessory selector and layered static avatar; not directly Live2D without rigging."
"character_accessory_layers","a","Accessory and prop layers for sprite compositing","MAS/game/mod_assets/monika/a/acs-velius94_ribbon_peach-5.png",".png","1280","850","57116","Useful for outfit/accessory selector and layered static avatar; not directly Live2D without rigging."
"character_accessory_layers","a","Accessory and prop layers for sprite compositing","MAS/game/mod_assets/monika/a/acs-velius94_ribbon_pink-0.png",".png","1280","850","53826","Useful for outfit/accessory selector and layered static avatar; not directly Live2D without rigging."
"character_accessory_layers","a","Accessory and prop layers for sprite compositing","MAS/game/mod_assets/monika/a/acs-velius94_ribbon_pink-5.png",".png","1280","850","56000","Useful for outfit/accessory selector and layered static avatar; not directly Live2D without rigging."
"character_accessory_layers","a","Accessory and prop layers for sprite compositing","MAS/game/mod_assets/monika/a/acs-velius94_ribbon_platinum-0.png",".png","1280","850","56176","Useful for outfit/accessory selector and layered static avatar; not directly Live2D without rigging."
"character_accessory_layers","a","Accessory and prop layers for sprite compositing","MAS/game/mod_assets/monika/a/acs-velius94_ribbon_platinum-5.png",".png","1280","850","59165","Useful for outfit/accessory selector and layered static avatar; not directly Live2D without rigging."
"character_accessory_layers","a","Accessory and prop layers for sprite compositing","MAS/game/mod_assets/monika/a/acs-velius94_ribbon_red-0.png",".png","1280","850","53142","Useful for outfit/accessory selector and layered static avatar; not directly Live2D without rigging."
"character_accessory_layers","a","Accessory and prop layers for sprite compositing","MAS/game/mod_assets/monika/a/acs-velius94_ribbon_red-5.png",".png","1280","850","55407","Useful for outfit/accessory selector and layered static avatar; not directly Live2D without rigging."
"character_accessory_layers","a","Accessory and prop layers for sprite compositing","MAS/game/mod_assets/monika/a/acs-velius94_ribbon_ruby-0.png",".png","1280","850","46990","Useful for outfit/accessory selector and layered static avatar; not directly Live2D without rigging."
"character_accessory_layers","a","Accessory and prop layers for sprite compositing","MAS/game/mod_assets/monika/a/acs-velius94_ribbon_ruby-5.png",".png","1280","850","47330","Useful for outfit/accessory selector and layered static avatar; not directly Live2D without rigging."
"character_accessory_layers","a","Accessory and prop layers for sprite compositing","MAS/game/mod_assets/monika/a/acs-velius94_ribbon_sapphire-0.png",".png","1280","850","50026","Useful for outfit/accessory selector and layered static avatar; not directly Live2D without rigging."
"character_accessory_layers","a","Accessory and prop layers for sprite compositing","MAS/game/mod_assets/monika/a/acs-velius94_ribbon_sapphire-5.png",".png","1280","850","51246","Useful for outfit/accessory selector and layered static avatar; not directly Live2D without rigging."
"character_accessory_layers","a","Accessory and prop layers for sprite compositing","MAS/game/mod_assets/monika/a/acs-velius94_ribbon_silver-0.png",".png","1280","850","55625","Useful for outfit/accessory selector and layered static avatar; not directly Live2D without rigging."
"character_accessory_layers","a","Accessory and prop layers for sprite compositing","MAS/game/mod_assets/monika/a/acs-velius94_ribbon_silver-5.png",".png","1280","850","57941","Useful for outfit/accessory selector and layered static avatar; not directly Live2D without rigging."
"character_accessory_layers","a","Accessory and prop layers for sprite compositing","MAS/game/mod_assets/monika/a/acs-velius94_ribbon_teal-0.png",".png","1280","850","46459","Useful for outfit/accessory selector and layered static avatar; not directly Live2D without rigging."
"character_accessory_layers","a","Accessory and prop layers for sprite compositing","MAS/game/mod_assets/monika/a/acs-velius94_ribbon_teal-5.png",".png","1280","850","46490","Useful for outfit/accessory selector and layered static avatar; not directly Live2D without rigging."
"character_accessory_layers","a","Accessory and prop layers for sprite compositing","MAS/game/mod_assets/monika/a/acs-velius94_ribbon_wine-0.png",".png","1280","850","48333","Useful for outfit/accessory selector and layered static avatar; not directly Live2D without rigging."
"character_accessory_layers","a","Accessory and prop layers for sprite compositing","MAS/game/mod_assets/monika/a/acs-velius94_ribbon_wine-5.png",".png","1280","850","48308","Useful for outfit/accessory selector and layered static avatar; not directly Live2D without rigging."
"character_accessory_layers","a","Accessory and prop layers for sprite compositing","MAS/game/mod_assets/monika/a/acs-velius94_ribbon_yellow-0.png",".png","1280","850","55464","Useful for outfit/accessory selector and layered static avatar; not directly Live2D without rigging."
"character_accessory_layers","a","Accessory and prop layers for sprite compositing","MAS/game/mod_assets/monika/a/acs-velius94_ribbon_yellow-5.png",".png","1280","850","57968","Useful for outfit/accessory selector and layered static avatar; not directly Live2D without rigging."
"character_accessory_layers","a/ahoge_bent","Accessory and prop layers for sprite compositing","MAS/game/mod_assets/monika/a/ahoge_bent/0.png",".png","1280","850","13346","Useful for outfit/accessory selector and layered static avatar; not directly Live2D without rigging."
"character_accessory_layers","a/ahoge_bent","Accessory and prop layers for sprite compositing","MAS/game/mod_assets/monika/a/ahoge_bent/5.png",".png","1280","850","14628","Useful for outfit/accessory selector and layered static avatar; not directly Live2D without rigging."
"character_accessory_layers","a/ahoge_curl","Accessory and prop layers for sprite compositing","MAS/game/mod_assets/monika/a/ahoge_curl/0.png",".png","1280","850","11838","Useful for outfit/accessory selector and layered static avatar; not directly Live2D without rigging."
"character_accessory_layers","a/ahoge_curl","Accessory and prop layers for sprite compositing","MAS/game/mod_assets/monika/a/ahoge_curl/5.png",".png","1280","850","13332","Useful for outfit/accessory selector and layered static avatar; not directly Live2D without rigging."
"character_accessory_layers","a/ahoge_double","Accessory and prop layers for sprite compositing","MAS/game/mod_assets/monika/a/ahoge_double/0.png",".png","1280","850","9764","Useful for outfit/accessory selector and layered static avatar; not directly Live2D without rigging."
"character_accessory_layers","a/ahoge_double","Accessory and prop layers for sprite compositing","MAS/game/mod_assets/monika/a/ahoge_double/5.png",".png","1280","850","10890","Useful for outfit/accessory selector and layered static avatar; not directly Live2D without rigging."
"character_accessory_layers","a/ahoge_heart","Accessory and prop layers for sprite compositing","MAS/game/mod_assets/monika/a/ahoge_heart/0.png",".png","1280","850","10901","Useful for outfit/accessory selector and layered static avatar; not directly Live2D without rigging."
"character_accessory_layers","a/ahoge_heart","Accessory and prop layers for sprite compositing","MAS/game/mod_assets/monika/a/ahoge_heart/5.png",".png","1280","850","12084","Useful for outfit/accessory selector and layered static avatar; not directly Live2D without rigging."
"character_accessory_layers","a/ahoge_lightning","Accessory and prop layers for sprite compositing","MAS/game/mod_assets/monika/a/ahoge_lightning/0.png",".png","1280","850","11181","Useful for outfit/accessory selector and layered static avatar; not directly Live2D without rigging."
"character_accessory_layers","a/ahoge_lightning","Accessory and prop layers for sprite compositing","MAS/game/mod_assets/monika/a/ahoge_lightning/5.png",".png","1280","850","11958","Useful for outfit/accessory selector and layered static avatar; not directly Live2D without rigging."
"character_accessory_layers","a/ahoge_sharp","Accessory and prop layers for sprite compositing","MAS/game/mod_assets/monika/a/ahoge_sharp/0.png",".png","1280","850","8456","Useful for outfit/accessory selector and layered static avatar; not directly Live2D without rigging."
"character_accessory_layers","a/ahoge_sharp","Accessory and prop layers for sprite compositing","MAS/game/mod_assets/monika/a/ahoge_sharp/5.png",".png","1280","850","10021","Useful for outfit/accessory selector and layered static avatar; not directly Live2D without rigging."
"character_accessory_layers","a/ahoge_simple","Accessory and prop layers for sprite compositing","MAS/game/mod_assets/monika/a/ahoge_simple/0.png",".png","1280","850","7276","Useful for outfit/accessory selector and layered static avatar; not directly Live2D without rigging."
"character_accessory_layers","a/ahoge_simple","Accessory and prop layers for sprite compositing","MAS/game/mod_assets/monika/a/ahoge_simple/5.png",".png","1280","850","7993","Useful for outfit/accessory selector and layered static avatar; not directly Live2D without rigging."
"character_accessory_layers","a/ahoge_small","Accessory and prop layers for sprite compositing","MAS/game/mod_assets/monika/a/ahoge_small/0.png",".png","1280","850","6538","Useful for outfit/accessory selector and layered static avatar; not directly Live2D without rigging."
"character_accessory_layers","a/ahoge_small","Accessory and prop layers for sprite compositing","MAS/game/mod_assets/monika/a/ahoge_small/5.png",".png","1280","850","6897","Useful for outfit/accessory selector and layered static avatar; not directly Live2D without rigging."
"character_accessory_layers","a/ahoge_swoop","Accessory and prop layers for sprite compositing","MAS/game/mod_assets/monika/a/ahoge_swoop/0.png",".png","1280","850","12765","Useful for outfit/accessory selector and layered static avatar; not directly Live2D without rigging."
"character_accessory_layers","a/ahoge_swoop","Accessory and prop layers for sprite compositing","MAS/game/mod_assets/monika/a/ahoge_swoop/5.png",".png","1280","850","12997","Useful for outfit/accessory selector and layered static avatar; not directly Live2D without rigging."
"character_accessory_layers","a/ahoge_twisty","Accessory and prop layers for sprite compositing","MAS/game/mod_assets/monika/a/ahoge_twisty/0.png",".png","1280","850","13471","Useful for outfit/accessory selector and layered static avatar; not directly Live2D without rigging."
"character_accessory_layers","a/ahoge_twisty","Accessory and prop layers for sprite compositing","MAS/game/mod_assets/monika/a/ahoge_twisty/5.png",".png","1280","850","15180","Useful for outfit/accessory selector and layered static avatar; not directly Live2D without rigging."
"character_accessory_layers","a/candycane","Accessory and prop layers for sprite compositing","MAS/game/mod_assets/monika/a/candycane/0.png",".png","1280","850","23676","Useful for outfit/accessory selector and layered static avatar; not directly Live2D without rigging."
"character_accessory_layers","a/christmas_cookies","Accessory and prop layers for sprite compositing","MAS/game/mod_assets/monika/a/christmas_cookies/0.png",".png","1280","850","49031","Useful for outfit/accessory selector and layered static avatar; not directly Live2D without rigging."
"character_accessory_layers","a/desk_candy_jack_brim","Accessory and prop layers for sprite compositing","MAS/game/mod_assets/monika/a/desk_candy_jack_brim/0.png",".png","1280","850","73319","Useful for outfit/accessory selector and layered static avatar; not directly Live2D without rigging."
"character_accessory_layers","a/desk_candy_jack_empty","Accessory and prop layers for sprite compositing","MAS/game/mod_assets/monika/a/desk_candy_jack_empty/0.png",".png","1280","850","57680","Useful for outfit/accessory selector and layered static avatar; not directly Live2D without rigging."
"character_accessory_layers","a/desk_candy_jack_half","Accessory and prop layers for sprite compositing","MAS/game/mod_assets/monika/a/desk_candy_jack_half/0.png",".png","1280","850","62812","Useful for outfit/accessory selector and layered static avatar; not directly Live2D without rigging."
"character_accessory_layers","a/desk_lantern_lit","Accessory and prop layers for sprite compositing","MAS/game/mod_assets/monika/a/desk_lantern_lit/0.png",".png","1280","850","101700","Useful for outfit/accessory selector and layered static avatar; not directly Live2D without rigging."
"character_accessory_layers","a/desk_lantern_unlit","Accessory and prop layers for sprite compositing","MAS/game/mod_assets/monika/a/desk_lantern_unlit/0.png",".png","1280","850","71824","Useful for outfit/accessory selector and layered static avatar; not directly Live2D without rigging."
"character_accessory_layers","a/diamond_necklace_pink","Accessory and prop layers for sprite compositing","MAS/game/mod_assets/monika/a/diamond_necklace_pink/0-0.png",".png","1280","850","22693","Useful for outfit/accessory selector and layered static avatar; not directly Live2D without rigging."
"character_accessory_layers","a/diamond_necklace_pink","Accessory and prop layers for sprite compositing","MAS/game/mod_assets/monika/a/diamond_necklace_pink/5-0.png",".png","1280","850","22887","Useful for outfit/accessory selector and layered static avatar; not directly Live2D without rigging."
"character_accessory_layers","a/ear_rose","Accessory and prop layers for sprite compositing","MAS/game/mod_assets/monika/a/ear_rose/0.png",".png","1280","850","23664","Useful for outfit/accessory selector and layered static avatar; not directly Live2D without rigging."
"character_accessory_layers","a/ear_rose","Accessory and prop layers for sprite compositing","MAS/game/mod_assets/monika/a/ear_rose/5.png",".png","1280","850","23478","Useful for outfit/accessory selector and layered static avatar; not directly Live2D without rigging."
"character_accessory_layers","a/earrings_diamond_pink","Accessory and prop layers for sprite compositing","MAS/game/mod_assets/monika/a/earrings_diamond_pink/0.png",".png","1280","850","21301","Useful for outfit/accessory selector and layered static avatar; not directly Live2D without rigging."
"character_accessory_layers","a/earrings_diamond_pink","Accessory and prop layers for sprite compositing","MAS/game/mod_assets/monika/a/earrings_diamond_pink/5.png",".png","1280","850","24003","Useful for outfit/accessory selector and layered static avatar; not directly Live2D without rigging."
"character_accessory_layers","a/flower_crown","Accessory and prop layers for sprite compositing","MAS/game/mod_assets/monika/a/flower_crown/0.png",".png","1280","850","73035","Useful for outfit/accessory selector and layered static avatar; not directly Live2D without rigging."
"character_accessory_layers","a/flower_crown","Accessory and prop layers for sprite compositing","MAS/game/mod_assets/monika/a/flower_crown/5.png",".png","1280","850","74921","Useful for outfit/accessory selector and layered static avatar; not directly Live2D without rigging."
"character_accessory_layers","a/grayhearts_hairclip","Accessory and prop layers for sprite compositing","MAS/game/mod_assets/monika/a/grayhearts_hairclip/0.png",".png","1280","850","7820","Useful for outfit/accessory selector and layered static avatar; not directly Live2D without rigging."
"character_accessory_layers","a/grayhearts_hairclip","Accessory and prop layers for sprite compositing","MAS/game/mod_assets/monika/a/grayhearts_hairclip/5.png",".png","1280","850","7015","Useful for outfit/accessory selector and layered static avatar; not directly Live2D without rigging."
"character_accessory_layers","a/hairties_bracelet_brown","Accessory and prop layers for sprite compositing","MAS/game/mod_assets/monika/a/hairties_bracelet_brown/1-10.png",".png","1280","850","8132","Useful for outfit/accessory selector and layered static avatar; not directly Live2D without rigging."
"character_accessory_layers","a/hairties_bracelet_brown","Accessory and prop layers for sprite compositing","MAS/game/mod_assets/monika/a/hairties_bracelet_brown/2-5.png",".png","1280","850","8283","Useful for outfit/accessory selector and layered static avatar; not directly Live2D without rigging."
"character_accessory_layers","a/hairties_bracelet_brown","Accessory and prop layers for sprite compositing","MAS/game/mod_assets/monika/a/hairties_bracelet_brown/4-0.png",".png","1280","850","8120","Useful for outfit/accessory selector and layered static avatar; not directly Live2D without rigging."
"character_accessory_layers","a/hairties_bracelet_brown","Accessory and prop layers for sprite compositing","MAS/game/mod_assets/monika/a/hairties_bracelet_brown/5-10.png",".png","1280","850","8912","Useful for outfit/accessory selector and layered static avatar; not directly Live2D without rigging."
"character_accessory_layers","a/heartchoc","Accessory and prop layers for sprite compositing","MAS/game/mod_assets/monika/a/heartchoc/0.png",".png","1280","850","50833","Useful for outfit/accessory selector and layered static avatar; not directly Live2D without rigging."
"character_accessory_layers","a/holly_hairclip","Accessory and prop layers for sprite compositing","MAS/game/mod_assets/monika/a/holly_hairclip/0.png",".png","1280","850","13106","Useful for outfit/accessory selector and layered static avatar; not directly Live2D without rigging."
"character_accessory_layers","a/holly_hairclip","Accessory and prop layers for sprite compositing","MAS/game/mod_assets/monika/a/holly_hairclip/5.png",".png","1280","850","13339","Useful for outfit/accessory selector and layered static avatar; not directly Live2D without rigging."
"character_accessory_layers","a/hotchoc_mug","Accessory and prop layers for sprite compositing","MAS/game/mod_assets/monika/a/hotchoc_mug/0.png",".png","1280","850","27939","Useful for outfit/accessory selector and layered static avatar; not directly Live2D without rigging."
"character_accessory_layers","a/marisa_strandbow","Accessory and prop layers for sprite compositing","MAS/game/mod_assets/monika/a/marisa_strandbow/0.png",".png","1280","850","24553","Useful for outfit/accessory selector and layered static avatar; not directly Live2D without rigging."
"character_accessory_layers","a/marisa_strandbow","Accessory and prop layers for sprite compositing","MAS/game/mod_assets/monika/a/marisa_strandbow/5.png",".png","1280","850","24295","Useful for outfit/accessory selector and layered static avatar; not directly Live2D without rigging."
"character_accessory_layers","a/marisa_witchhat","Accessory and prop layers for sprite compositing","MAS/game/mod_assets/monika/a/marisa_witchhat/0.png",".png","1280","850","130521","Useful for outfit/accessory selector and layered static avatar; not directly Live2D without rigging."
"character_accessory_layers","a/marisa_witchhat","Accessory and prop layers for sprite compositing","MAS/game/mod_assets/monika/a/marisa_witchhat/5.png",".png","1280","850","139368","Useful for outfit/accessory selector and layered static avatar; not directly Live2D without rigging."
"character_accessory_layers","a/mug","Accessory and prop layers for sprite compositing","MAS/game/mod_assets/monika/a/mug/0.png",".png","1280","850","27612","Useful for outfit/accessory selector and layered static avatar; not directly Live2D without rigging."
"character_accessory_layers","a/musicnote_necklace_gold","Accessory and prop layers for sprite compositing","MAS/game/mod_assets/monika/a/musicnote_necklace_gold/0-0.png",".png","1280","850","10000","Useful for outfit/accessory selector and layered static avatar; not directly Live2D without rigging."
"character_accessory_layers","a/musicnote_necklace_gold","Accessory and prop layers for sprite compositing","MAS/game/mod_assets/monika/a/musicnote_necklace_gold/5-0.png",".png","1280","850","10250","Useful for outfit/accessory selector and layered static avatar; not directly Live2D without rigging."
"character_accessory_layers","a/orcaramelo_hatsune_miku_headset","Accessory and prop layers for sprite compositing","MAS/game/mod_assets/monika/a/orcaramelo_hatsune_miku_headset/0.png",".png","1280","850","18527","Useful for outfit/accessory selector and layered static avatar; not directly Live2D without rigging."
"character_accessory_layers","a/orcaramelo_hatsune_miku_headset","Accessory and prop layers for sprite compositing","MAS/game/mod_assets/monika/a/orcaramelo_hatsune_miku_headset/5.png",".png","1280","850","18923","Useful for outfit/accessory selector and layered static avatar; not directly Live2D without rigging."
"character_accessory_layers","a/orcaramelo_hatsune_miku_twinsquares","Accessory and prop layers for sprite compositing","MAS/game/mod_assets/monika/a/orcaramelo_hatsune_miku_twinsquares/0.png",".png","1280","850","25246","Useful for outfit/accessory selector and layered static avatar; not directly Live2D without rigging."
"character_accessory_layers","a/orcaramelo_hatsune_miku_twinsquares","Accessory and prop layers for sprite compositing","MAS/game/mod_assets/monika/a/orcaramelo_hatsune_miku_twinsquares/5.png",".png","1280","850","23148","Useful for outfit/accessory selector and layered static avatar; not directly Live2D without rigging."
"character_accessory_layers","a/pinkdiamonds_hairclip","Accessory and prop layers for sprite compositing","MAS/game/mod_assets/monika/a/pinkdiamonds_hairclip/0.png",".png","1280","850","21993","Useful for outfit/accessory selector and layered static avatar; not directly Live2D without rigging."
"character_accessory_layers","a/pinkdiamonds_hairclip","Accessory and prop layers for sprite compositing","MAS/game/mod_assets/monika/a/pinkdiamonds_hairclip/5.png",".png","1280","850","22186","Useful for outfit/accessory selector and layered static avatar; not directly Live2D without rigging."
"character_accessory_layers","a/promisering","Accessory and prop layers for sprite compositing","MAS/game/mod_assets/monika/a/promisering/2-10.png",".png","1280","850","5610","Useful for outfit/accessory selector and layered static avatar; not directly Live2D without rigging."
"character_accessory_layers","a/promisering","Accessory and prop layers for sprite compositing","MAS/game/mod_assets/monika/a/promisering/3-10.png",".png","1280","850","5668","Useful for outfit/accessory selector and layered static avatar; not directly Live2D without rigging."
"character_accessory_layers","a/promisering","Accessory and prop layers for sprite compositing","MAS/game/mod_assets/monika/a/promisering/5-10.png",".png","1280","850","9992","Useful for outfit/accessory selector and layered static avatar; not directly Live2D without rigging."
"character_accessory_layers","a/quetzalplushie","Accessory and prop layers for sprite compositing","MAS/game/mod_assets/monika/a/quetzalplushie/0.png",".png","1281","850","37771","Useful for outfit/accessory selector and layered static avatar; not directly Live2D without rigging."
"character_accessory_layers","a/quetzalplushie_antlers","Accessory and prop layers for sprite compositing","MAS/game/mod_assets/monika/a/quetzalplushie_antlers/0.png",".png","1280","850","23335","Useful for outfit/accessory selector and layered static avatar; not directly Live2D without rigging."
"character_accessory_layers","a/quetzalplushie_mid","Accessory and prop layers for sprite compositing","MAS/game/mod_assets/monika/a/quetzalplushie_mid/0.png",".png","1280","850","42055","Useful for outfit/accessory selector and layered static avatar; not directly Live2D without rigging."
"character_accessory_layers","a/quetzalplushie_santahat","Accessory and prop layers for sprite compositing","MAS/game/mod_assets/monika/a/quetzalplushie_santahat/0.png",".png","1280","850","20150","Useful for outfit/accessory selector and layered static avatar; not directly Live2D without rigging."
"character_accessory_layers","a/quetzalplushie_santahat_mid","Accessory and prop layers for sprite compositing","MAS/game/mod_assets/monika/a/quetzalplushie_santahat_mid/0.png",".png","1280","850","15291","Useful for outfit/accessory selector and layered static avatar; not directly Live2D without rigging."
"character_accessory_layers","a/ribbon_black","Accessory and prop layers for sprite compositing","MAS/game/mod_assets/monika/a/ribbon_black/0.png",".png","1280","850","50706","Useful for outfit/accessory selector and layered static avatar; not directly Live2D without rigging."
"character_accessory_layers","a/ribbon_black","Accessory and prop layers for sprite compositing","MAS/game/mod_assets/monika/a/ribbon_black/5.png",".png","1280","850","48729","Useful for outfit/accessory selector and layered static avatar; not directly Live2D without rigging."
"character_accessory_layers","a/ribbon_black_gray","Accessory and prop layers for sprite compositing","MAS/game/mod_assets/monika/a/ribbon_black_gray/0.png",".png","1280","850","58151","Useful for outfit/accessory selector and layered static avatar; not directly Live2D without rigging."
"character_accessory_layers","a/ribbon_black_gray","Accessory and prop layers for sprite compositing","MAS/game/mod_assets/monika/a/ribbon_black_gray/5.png",".png","1280","850","58509","Useful for outfit/accessory selector and layered static avatar; not directly Live2D without rigging."
"character_accessory_layers","a/ribbon_black_pink","Accessory and prop layers for sprite compositing","MAS/game/mod_assets/monika/a/ribbon_black_pink/0.png",".png","1280","850","86171","Useful for outfit/accessory selector and layered static avatar; not directly Live2D without rigging."
"character_accessory_layers","a/ribbon_black_pink","Accessory and prop layers for sprite compositing","MAS/game/mod_assets/monika/a/ribbon_black_pink/5.png",".png","1280","850","88240","Useful for outfit/accessory selector and layered static avatar; not directly Live2D without rigging."
"character_accessory_layers","a/ribbon_blank","Accessory and prop layers for sprite compositing","MAS/game/mod_assets/monika/a/ribbon_blank/0.png",".png","1280","850","6341","Useful for outfit/accessory selector and layered static avatar; not directly Live2D without rigging."
"character_accessory_layers","a/ribbon_blue","Accessory and prop layers for sprite compositing","MAS/game/mod_assets/monika/a/ribbon_blue/0.png",".png","1280","850","75252","Useful for outfit/accessory selector and layered static avatar; not directly Live2D without rigging."
"character_accessory_layers","a/ribbon_blue","Accessory and prop layers for sprite compositing","MAS/game/mod_assets/monika/a/ribbon_blue/5.png",".png","1280","850","73537","Useful for outfit/accessory selector and layered static avatar; not directly Live2D without rigging."
"character_accessory_layers","a/ribbon_dark_purple","Accessory and prop layers for sprite compositing","MAS/game/mod_assets/monika/a/ribbon_dark_purple/0.png",".png","1280","850","78829","Useful for outfit/accessory selector and layered static avatar; not directly Live2D without rigging."
"character_accessory_layers","a/ribbon_dark_purple","Accessory and prop layers for sprite compositing","MAS/game/mod_assets/monika/a/ribbon_dark_purple/5.png",".png","1280","850","77058","Useful for outfit/accessory selector and layered static avatar; not directly Live2D without rigging."
"character_accessory_layers","a/ribbon_def","Accessory and prop layers for sprite compositing","MAS/game/mod_assets/monika/a/ribbon_def/0.png",".png","1280","850","83125","Useful for outfit/accessory selector and layered static avatar; not directly Live2D without rigging."
"character_accessory_layers","a/ribbon_def","Accessory and prop layers for sprite compositing","MAS/game/mod_assets/monika/a/ribbon_def/5.png",".png","1280","850","81533","Useful for outfit/accessory selector and layered static avatar; not directly Live2D without rigging."
"character_accessory_layers","a/ribbon_emerald","Accessory and prop layers for sprite compositing","MAS/game/mod_assets/monika/a/ribbon_emerald/0.png",".png","1280","850","82107","Useful for outfit/accessory selector and layered static avatar; not directly Live2D without rigging."
"character_accessory_layers","a/ribbon_emerald","Accessory and prop layers for sprite compositing","MAS/game/mod_assets/monika/a/ribbon_emerald/5.png",".png","1280","850","80448","Useful for outfit/accessory selector and layered static avatar; not directly Live2D without rigging."
"character_accessory_layers","a/ribbon_gray","Accessory and prop layers for sprite compositing","MAS/game/mod_assets/monika/a/ribbon_gray/0.png",".png","1280","850","65214","Useful for outfit/accessory selector and layered static avatar; not directly Live2D without rigging."
"character_accessory_layers","a/ribbon_gray","Accessory and prop layers for sprite compositing","MAS/game/mod_assets/monika/a/ribbon_gray/5.png",".png","1280","850","63133","Useful for outfit/accessory selector and layered static avatar; not directly Live2D without rigging."
"character_accessory_layers","a/ribbon_green","Accessory and prop layers for sprite compositing","MAS/game/mod_assets/monika/a/ribbon_green/0.png",".png","1280","850","65874","Useful for outfit/accessory selector and layered static avatar; not directly Live2D without rigging."
"character_accessory_layers","a/ribbon_green","Accessory and prop layers for sprite compositing","MAS/game/mod_assets/monika/a/ribbon_green/5.png",".png","1280","850","64319","Useful for outfit/accessory selector and layered static avatar; not directly Live2D without rigging."
"character_accessory_layers","a/ribbon_light_purple","Accessory and prop layers for sprite compositing","MAS/game/mod_assets/monika/a/ribbon_light_purple/0.png",".png","1280","850","81980","Useful for outfit/accessory selector and layered static avatar; not directly Live2D without rigging."
"character_accessory_layers","a/ribbon_light_purple","Accessory and prop layers for sprite compositing","MAS/game/mod_assets/monika/a/ribbon_light_purple/5.png",".png","1280","850","80223","Useful for outfit/accessory selector and layered static avatar; not directly Live2D without rigging."
"character_accessory_layers","a/ribbon_peach","Accessory and prop layers for sprite compositing","MAS/game/mod_assets/monika/a/ribbon_peach/0.png",".png","1280","850","81657","Useful for outfit/accessory selector and layered static avatar; not directly Live2D without rigging."
"character_accessory_layers","a/ribbon_peach","Accessory and prop layers for sprite compositing","MAS/game/mod_assets/monika/a/ribbon_peach/5.png",".png","1280","850","79979","Useful for outfit/accessory selector and layered static avatar; not directly Live2D without rigging."
"character_accessory_layers","a/ribbon_pink","Accessory and prop layers for sprite compositing","MAS/game/mod_assets/monika/a/ribbon_pink/0.png",".png","1280","850","80997","Useful for outfit/accessory selector and layered static avatar; not directly Live2D without rigging."
"character_accessory_layers","a/ribbon_pink","Accessory and prop layers for sprite compositing","MAS/game/mod_assets/monika/a/ribbon_pink/5.png",".png","1280","850","79468","Useful for outfit/accessory selector and layered static avatar; not directly Live2D without rigging."
"character_accessory_layers","a/ribbon_platinum","Accessory and prop layers for sprite compositing","MAS/game/mod_assets/monika/a/ribbon_platinum/0.png",".png","1280","850","74995","Useful for outfit/accessory selector and layered static avatar; not directly Live2D without rigging."
"character_accessory_layers","a/ribbon_platinum","Accessory and prop layers for sprite compositing","MAS/game/mod_assets/monika/a/ribbon_platinum/5.png",".png","1280","850","73205","Useful for outfit/accessory selector and layered static avatar; not directly Live2D without rigging."
"character_accessory_layers","a/ribbon_red","Accessory and prop layers for sprite compositing","MAS/game/mod_assets/monika/a/ribbon_red/0.png",".png","1280","850","73187","Useful for outfit/accessory selector and layered static avatar; not directly Live2D without rigging."
"character_accessory_layers","a/ribbon_red","Accessory and prop layers for sprite compositing","MAS/game/mod_assets/monika/a/ribbon_red/5.png",".png","1280","850","71618","Useful for outfit/accessory selector and layered static avatar; not directly Live2D without rigging."
"character_accessory_layers","a/ribbon_ruby","Accessory and prop layers for sprite compositing","MAS/game/mod_assets/monika/a/ribbon_ruby/0.png",".png","1280","850","74347","Useful for outfit/accessory selector and layered static avatar; not directly Live2D without rigging."
"character_accessory_layers","a/ribbon_ruby","Accessory and prop layers for sprite compositing","MAS/game/mod_assets/monika/a/ribbon_ruby/5.png",".png","1280","850","72583","Useful for outfit/accessory selector and layered static avatar; not directly Live2D without rigging."
"character_accessory_layers","a/ribbon_sapphire","Accessory and prop layers for sprite compositing","MAS/game/mod_assets/monika/a/ribbon_sapphire/0.png",".png","1280","850","70162","Useful for outfit/accessory selector and layered static avatar; not directly Live2D without rigging."
"character_accessory_layers","a/ribbon_sapphire","Accessory and prop layers for sprite compositing","MAS/game/mod_assets/monika/a/ribbon_sapphire/5.png",".png","1280","850","68358","Useful for outfit/accessory selector and layered static avatar; not directly Live2D without rigging."
"character_accessory_layers","a/ribbon_silver","Accessory and prop layers for sprite compositing","MAS/game/mod_assets/monika/a/ribbon_silver/0.png",".png","1280","850","70772","Useful for outfit/accessory selector and layered static avatar; not directly Live2D without rigging."
"character_accessory_layers","a/ribbon_silver","Accessory and prop layers for sprite compositing","MAS/game/mod_assets/monika/a/ribbon_silver/5.png",".png","1280","850","68647","Useful for outfit/accessory selector and layered static avatar; not directly Live2D without rigging."
"character_accessory_layers","a/ribbon_teal","Accessory and prop layers for sprite compositing","MAS/game/mod_assets/monika/a/ribbon_teal/0.png",".png","1280","850","78081","Useful for outfit/accessory selector and layered static avatar; not directly Live2D without rigging."
"character_accessory_layers","a/ribbon_teal","Accessory and prop layers for sprite compositing","MAS/game/mod_assets/monika/a/ribbon_teal/5.png",".png","1280","850","75865","Useful for outfit/accessory selector and layered static avatar; not directly Live2D without rigging."
"character_accessory_layers","a/ribbon_wine","Accessory and prop layers for sprite compositing","MAS/game/mod_assets/monika/a/ribbon_wine/0.png",".png","1280","850","61334","Useful for outfit/accessory selector and layered static avatar; not directly Live2D without rigging."
"character_accessory_layers","a/ribbon_wine","Accessory and prop layers for sprite compositing","MAS/game/mod_assets/monika/a/ribbon_wine/5.png",".png","1280","850","59673","Useful for outfit/accessory selector and layered static avatar; not directly Live2D without rigging."
"character_accessory_layers","a/ribbon_yellow","Accessory and prop layers for sprite compositing","MAS/game/mod_assets/monika/a/ribbon_yellow/0.png",".png","1280","850","80103","Useful for outfit/accessory selector and layered static avatar; not directly Live2D without rigging."
"character_accessory_layers","a/ribbon_yellow","Accessory and prop layers for sprite compositing","MAS/game/mod_assets/monika/a/ribbon_yellow/5.png",".png","1280","850","78060","Useful for outfit/accessory selector and layered static avatar; not directly Live2D without rigging."
"character_accessory_layers","a/rin_bows_back","Accessory and prop layers for sprite compositing","MAS/game/mod_assets/monika/a/rin_bows_back/0.png",".png","1280","850","37897","Useful for outfit/accessory selector and layered static avatar; not directly Live2D without rigging."
"character_accessory_layers","a/rin_bows_back","Accessory and prop layers for sprite compositing","MAS/game/mod_assets/monika/a/rin_bows_back/5.png",".png","1280","850","40063","Useful for outfit/accessory selector and layered static avatar; not directly Live2D without rigging."
"character_accessory_layers","a/rin_bows_front","Accessory and prop layers for sprite compositing","MAS/game/mod_assets/monika/a/rin_bows_front/0.png",".png","1280","850","31773","Useful for outfit/accessory selector and layered static avatar; not directly Live2D without rigging."
"character_accessory_layers","a/rin_bows_front","Accessory and prop layers for sprite compositing","MAS/game/mod_assets/monika/a/rin_bows_front/5.png",".png","1280","850","32135","Useful for outfit/accessory selector and layered static avatar; not directly Live2D without rigging."
"character_accessory_layers","a/rin_ears","Accessory and prop layers for sprite compositing","MAS/game/mod_assets/monika/a/rin_ears/0.png",".png","1280","850","60891","Useful for outfit/accessory selector and layered static avatar; not directly Live2D without rigging."
"character_accessory_layers","a/rin_ears","Accessory and prop layers for sprite compositing","MAS/game/mod_assets/monika/a/rin_ears/5.png",".png","1280","850","57088","Useful for outfit/accessory selector and layered static avatar; not directly Live2D without rigging."
"character_accessory_layers","a/roses","Accessory and prop layers for sprite compositing","MAS/game/mod_assets/monika/a/roses/0.png",".png","1280","850","99913","Useful for outfit/accessory selector and layered static avatar; not directly Live2D without rigging."
"character_accessory_layers","a/thermos_mug","Accessory and prop layers for sprite compositing","MAS/game/mod_assets/monika/a/thermos_mug/0.png",".png","1280","850","42785","Useful for outfit/accessory selector and layered static avatar; not directly Live2D without rigging."
"character_accessory_layers","a/water_drops","Accessory and prop layers for sprite compositing","MAS/game/mod_assets/monika/a/water_drops/0.png",".png","1280","850","27070","Useful for outfit/accessory selector and layered static avatar; not directly Live2D without rigging."
"character_accessory_layers","a/water_drops","Accessory and prop layers for sprite compositing","MAS/game/mod_assets/monika/a/water_drops/5.png",".png","1280","850","22178","Useful for outfit/accessory selector and layered static avatar; not directly Live2D without rigging."
"character_body_base_layers","b","Base/body sprite layers for compositing","MAS/game/mod_assets/monika/b/arms-crossed-10.png",".png","1280","850","15034","Useful for base sprite compositing; possible reference for Live2D model cutting/rigging."
"character_body_base_layers","b","Base/body sprite layers for compositing","MAS/game/mod_assets/monika/b/arms-crossed-5.png",".png","1280","850","99385","Useful for base sprite compositing; possible reference for Live2D model cutting/rigging."
"character_body_base_layers","b","Base/body sprite layers for compositing","MAS/game/mod_assets/monika/b/arms-leaning-def-left-def-10.png",".png","1280","850","61692","Useful for base sprite compositing; possible reference for Live2D model cutting/rigging."
"character_body_base_layers","b","Base/body sprite layers for compositing","MAS/game/mod_assets/monika/b/arms-leaning-def-right-def-10.png",".png","1280","850","31158","Useful for base sprite compositing; possible reference for Live2D model cutting/rigging."
"character_body_base_layers","b","Base/body sprite layers for compositing","MAS/game/mod_assets/monika/b/arms-leaning-def-right-def-5.png",".png","1280","850","37119","Useful for base sprite compositing; possible reference for Live2D model cutting/rigging."
"character_body_base_layers","b","Base/body sprite layers for compositing","MAS/game/mod_assets/monika/b/arms-left-down-0.png",".png","1280","850","32163","Useful for base sprite compositing; possible reference for Live2D model cutting/rigging."
"character_body_base_layers","b","Base/body sprite layers for compositing","MAS/game/mod_assets/monika/b/arms-left-rest-10.png",".png","1280","850","61082","Useful for base sprite compositing; possible reference for Live2D model cutting/rigging."
"character_body_base_layers","b","Base/body sprite layers for compositing","MAS/game/mod_assets/monika/b/arms-right-down-0.png",".png","1280","850","30678","Useful for base sprite compositing; possible reference for Live2D model cutting/rigging."
"character_body_base_layers","b","Base/body sprite layers for compositing","MAS/game/mod_assets/monika/b/arms-right-point-0.png",".png","1280","850","70450","Useful for base sprite compositing; possible reference for Live2D model cutting/rigging."
"character_body_base_layers","b","Base/body sprite layers for compositing","MAS/game/mod_assets/monika/b/arms-right-restpoint-10.png",".png","1280","850","60965","Useful for base sprite compositing; possible reference for Live2D model cutting/rigging."
"character_body_base_layers","b","Base/body sprite layers for compositing","MAS/game/mod_assets/monika/b/arms-steepling-10.png",".png","1280","850","100693","Useful for base sprite compositing; possible reference for Live2D model cutting/rigging."
"character_body_base_layers","b","Base/body sprite layers for compositing","MAS/game/mod_assets/monika/b/body-def-0.png",".png","1280","850","160878","Useful for base sprite compositing; possible reference for Live2D model cutting/rigging."
"character_body_base_layers","b","Base/body sprite layers for compositing","MAS/game/mod_assets/monika/b/body-def-1.png",".png","1280","850","26936","Useful for base sprite compositing; possible reference for Live2D model cutting/rigging."
"character_body_base_layers","b","Base/body sprite layers for compositing","MAS/game/mod_assets/monika/b/body-def-head.png",".png","1280","850","62254","Useful for base sprite compositing; possible reference for Live2D model cutting/rigging."
"character_body_base_layers","b","Base/body sprite layers for compositing","MAS/game/mod_assets/monika/b/body-leaning-def-0.png",".png","1280","850","179786","Useful for base sprite compositing; possible reference for Live2D model cutting/rigging."
"character_body_base_layers","b","Base/body sprite layers for compositing","MAS/game/mod_assets/monika/b/body-leaning-def-1.png",".png","1280","850","25905","Useful for base sprite compositing; possible reference for Live2D model cutting/rigging."
"character_body_base_layers","b","Base/body sprite layers for compositing","MAS/game/mod_assets/monika/b/body-leaning-def-head.png",".png","1280","850","63147","Useful for base sprite compositing; possible reference for Live2D model cutting/rigging."
"character_cg","cg","Special Monika CG images","MAS/game/mod_assets/monika/cg/o31mcg","",,,"4800352","Use for gallery/event illustrations, not default chat avatar."
"character_cg","cg","Special Monika CG images","MAS/game/mod_assets/monika/cg/o31rcg","",,,"5745508","Use for gallery/event illustrations, not default chat avatar."
"character_clothes_layers","c/bath_towel_white","Clothing layers and outfit variants","MAS/game/mod_assets/monika/c/bath_towel_white/body-def-0.png",".png","1280","850","124188","Useful for wardrobe/outfit variants in GUI."
"character_clothes_layers","c/bath_towel_white","Clothing layers and outfit variants","MAS/game/mod_assets/monika/c/bath_towel_white/body-def-1.png",".png","1280","850","61312","Useful for wardrobe/outfit variants in GUI."
"character_clothes_layers","c/bath_towel_white","Clothing layers and outfit variants","MAS/game/mod_assets/monika/c/bath_towel_white/body-leaning-def-0.png",".png","1280","850","130838","Useful for wardrobe/outfit variants in GUI."
"character_clothes_layers","c/bath_towel_white","Clothing layers and outfit variants","MAS/game/mod_assets/monika/c/bath_towel_white/body-leaning-def-1.png",".png","1280","850","41502","Useful for wardrobe/outfit variants in GUI."
"character_clothes_layers","c/blackdress","Clothing layers and outfit variants","MAS/game/mod_assets/monika/c/blackdress/arms-crossed-10.png",".png","1280","850","10262","Useful for wardrobe/outfit variants in GUI."
"character_clothes_layers","c/blackdress","Clothing layers and outfit variants","MAS/game/mod_assets/monika/c/blackdress/arms-crossed-5.png",".png","1280","850","82812","Useful for wardrobe/outfit variants in GUI."
"character_clothes_layers","c/blackdress","Clothing layers and outfit variants","MAS/game/mod_assets/monika/c/blackdress/arms-leaning-def-left-def-10.png",".png","1280","850","47588","Useful for wardrobe/outfit variants in GUI."
"character_clothes_layers","c/blackdress","Clothing layers and outfit variants","MAS/game/mod_assets/monika/c/blackdress/arms-leaning-def-right-def-10.png",".png","1280","850","27980","Useful for wardrobe/outfit variants in GUI."
"character_clothes_layers","c/blackdress","Clothing layers and outfit variants","MAS/game/mod_assets/monika/c/blackdress/arms-leaning-def-right-def-5.png",".png","1280","850","52424","Useful for wardrobe/outfit variants in GUI."
"character_clothes_layers","c/blackdress","Clothing layers and outfit variants","MAS/game/mod_assets/monika/c/blackdress/arms-left-down-0.png",".png","1280","850","33214","Useful for wardrobe/outfit variants in GUI."
"character_clothes_layers","c/blackdress","Clothing layers and outfit variants","MAS/game/mod_assets/monika/c/blackdress/arms-left-rest-10.png",".png","1280","850","45202","Useful for wardrobe/outfit variants in GUI."
"character_clothes_layers","c/blackdress","Clothing layers and outfit variants","MAS/game/mod_assets/monika/c/blackdress/arms-right-down-0.png",".png","1280","850","32335","Useful for wardrobe/outfit variants in GUI."
"character_clothes_layers","c/blackdress","Clothing layers and outfit variants","MAS/game/mod_assets/monika/c/blackdress/arms-right-point-0.png",".png","1280","850","31620","Useful for wardrobe/outfit variants in GUI."
"character_clothes_layers","c/blackdress","Clothing layers and outfit variants","MAS/game/mod_assets/monika/c/blackdress/arms-right-restpoint-10.png",".png","1280","850","45803","Useful for wardrobe/outfit variants in GUI."
"character_clothes_layers","c/blackdress","Clothing layers and outfit variants","MAS/game/mod_assets/monika/c/blackdress/arms-steepling-10.png",".png","1280","850","79236","Useful for wardrobe/outfit variants in GUI."
"character_clothes_layers","c/blackdress","Clothing layers and outfit variants","MAS/game/mod_assets/monika/c/blackdress/body-def-0.png",".png","1280","850","79303","Useful for wardrobe/outfit variants in GUI."
"character_clothes_layers","c/blackdress","Clothing layers and outfit variants","MAS/game/mod_assets/monika/c/blackdress/body-def-1.png",".png","1280","850","26372","Useful for wardrobe/outfit variants in GUI."
"character_clothes_layers","c/blackdress","Clothing layers and outfit variants","MAS/game/mod_assets/monika/c/blackdress/body-leaning-def-0.png",".png","1280","850","73590","Useful for wardrobe/outfit variants in GUI."
"character_clothes_layers","c/blackdress","Clothing layers and outfit variants","MAS/game/mod_assets/monika/c/blackdress/body-leaning-def-1.png",".png","1280","850","20332","Useful for wardrobe/outfit variants in GUI."
"character_clothes_layers","c/blackpinkdress","Clothing layers and outfit variants","MAS/game/mod_assets/monika/c/blackpinkdress/arms-crossed-10.png",".png","1280","850","21243","Useful for wardrobe/outfit variants in GUI."
"character_clothes_layers","c/blackpinkdress","Clothing layers and outfit variants","MAS/game/mod_assets/monika/c/blackpinkdress/arms-crossed-5.png",".png","1280","850","120446","Useful for wardrobe/outfit variants in GUI."
"character_clothes_layers","c/blackpinkdress","Clothing layers and outfit variants","MAS/game/mod_assets/monika/c/blackpinkdress/arms-leaning-def-left-def-10.png",".png","1280","850","59069","Useful for wardrobe/outfit variants in GUI."
"character_clothes_layers","c/blackpinkdress","Clothing layers and outfit variants","MAS/game/mod_assets/monika/c/blackpinkdress/arms-leaning-def-right-def-10.png",".png","1280","850","45060","Useful for wardrobe/outfit variants in GUI."
"character_clothes_layers","c/blackpinkdress","Clothing layers and outfit variants","MAS/game/mod_assets/monika/c/blackpinkdress/arms-leaning-def-right-def-5.png",".png","1280","850","49099","Useful for wardrobe/outfit variants in GUI."
"character_clothes_layers","c/blackpinkdress","Clothing layers and outfit variants","MAS/game/mod_assets/monika/c/blackpinkdress/arms-left-down-0.png",".png","1280","850","59400","Useful for wardrobe/outfit variants in GUI."
"character_clothes_layers","c/blackpinkdress","Clothing layers and outfit variants","MAS/game/mod_assets/monika/c/blackpinkdress/arms-left-rest-10.png",".png","1280","850","62989","Useful for wardrobe/outfit variants in GUI."
"character_clothes_layers","c/blackpinkdress","Clothing layers and outfit variants","MAS/game/mod_assets/monika/c/blackpinkdress/arms-right-down-0.png",".png","1280","850","55016","Useful for wardrobe/outfit variants in GUI."
"character_clothes_layers","c/blackpinkdress","Clothing layers and outfit variants","MAS/game/mod_assets/monika/c/blackpinkdress/arms-right-point-0.png",".png","1280","850","58513","Useful for wardrobe/outfit variants in GUI."
"character_clothes_layers","c/blackpinkdress","Clothing layers and outfit variants","MAS/game/mod_assets/monika/c/blackpinkdress/arms-right-restpoint-10.png",".png","1280","850","63687","Useful for wardrobe/outfit variants in GUI."
"character_clothes_layers","c/blackpinkdress","Clothing layers and outfit variants","MAS/game/mod_assets/monika/c/blackpinkdress/arms-steepling-10.png",".png","1280","850","104823","Useful for wardrobe/outfit variants in GUI."
"character_clothes_layers","c/blackpinkdress","Clothing layers and outfit variants","MAS/game/mod_assets/monika/c/blackpinkdress/body-def-0.png",".png","1280","850","132976","Useful for wardrobe/outfit variants in GUI."
"character_clothes_layers","c/blackpinkdress","Clothing layers and outfit variants","MAS/game/mod_assets/monika/c/blackpinkdress/body-def-1.png",".png","1280","850","90936","Useful for wardrobe/outfit variants in GUI."
"character_clothes_layers","c/blackpinkdress","Clothing layers and outfit variants","MAS/game/mod_assets/monika/c/blackpinkdress/body-leaning-def-0.png",".png","1280","850","138777","Useful for wardrobe/outfit variants in GUI."
"character_clothes_layers","c/blackpinkdress","Clothing layers and outfit variants","MAS/game/mod_assets/monika/c/blackpinkdress/body-leaning-def-1.png",".png","1280","850","56651","Useful for wardrobe/outfit variants in GUI."
"character_clothes_layers","c/blazerless","Clothing layers and outfit variants","MAS/game/mod_assets/monika/c/blazerless/arms-crossed-5.png",".png","1280","850","93722","Useful for wardrobe/outfit variants in GUI."
"character_clothes_layers","c/blazerless","Clothing layers and outfit variants","MAS/game/mod_assets/monika/c/blazerless/arms-leaning-def-left-def-10.png",".png","1280","850","42083","Useful for wardrobe/outfit variants in GUI."
"character_clothes_layers","c/blazerless","Clothing layers and outfit variants","MAS/game/mod_assets/monika/c/blazerless/arms-leaning-def-right-def-10.png",".png","1280","850","13382","Useful for wardrobe/outfit variants in GUI."
"character_clothes_layers","c/blazerless","Clothing layers and outfit variants","MAS/game/mod_assets/monika/c/blazerless/arms-leaning-def-right-def-5.png",".png","1280","850","44198","Useful for wardrobe/outfit variants in GUI."
"character_clothes_layers","c/blazerless","Clothing layers and outfit variants","MAS/game/mod_assets/monika/c/blazerless/arms-left-down-0.png",".png","1280","850","50755","Useful for wardrobe/outfit variants in GUI."
"character_clothes_layers","c/blazerless","Clothing layers and outfit variants","MAS/game/mod_assets/monika/c/blazerless/arms-left-rest-10.png",".png","1280","850","39043","Useful for wardrobe/outfit variants in GUI."
"character_clothes_layers","c/blazerless","Clothing layers and outfit variants","MAS/game/mod_assets/monika/c/blazerless/arms-right-down-0.png",".png","1280","850","52149","Useful for wardrobe/outfit variants in GUI."
"character_clothes_layers","c/blazerless","Clothing layers and outfit variants","MAS/game/mod_assets/monika/c/blazerless/arms-right-point-0.png",".png","1280","850","43224","Useful for wardrobe/outfit variants in GUI."
"character_clothes_layers","c/blazerless","Clothing layers and outfit variants","MAS/game/mod_assets/monika/c/blazerless/arms-right-restpoint-10.png",".png","1280","850","38058","Useful for wardrobe/outfit variants in GUI."
"character_clothes_layers","c/blazerless","Clothing layers and outfit variants","MAS/game/mod_assets/monika/c/blazerless/arms-steepling-10.png",".png","1280","850","66051","Useful for wardrobe/outfit variants in GUI."
"character_clothes_layers","c/blazerless","Clothing layers and outfit variants","MAS/game/mod_assets/monika/c/blazerless/body-def-0.png",".png","1280","850","163235","Useful for wardrobe/outfit variants in GUI."
"character_clothes_layers","c/blazerless","Clothing layers and outfit variants","MAS/game/mod_assets/monika/c/blazerless/body-def-1.png",".png","1280","850","26681","Useful for wardrobe/outfit variants in GUI."
"character_clothes_layers","c/blazerless","Clothing layers and outfit variants","MAS/game/mod_assets/monika/c/blazerless/body-leaning-def-0.png",".png","1280","850","133766","Useful for wardrobe/outfit variants in GUI."
"character_clothes_layers","c/blazerless","Clothing layers and outfit variants","MAS/game/mod_assets/monika/c/blazerless/body-leaning-def-1.png",".png","1280","850","24521","Useful for wardrobe/outfit variants in GUI."
"character_clothes_layers","c/briaryoung_bralette_red_ruffles","Clothing layers and outfit variants","MAS/game/mod_assets/monika/c/briaryoung_bralette_red_ruffles/body-def-0.png",".png","1280","850","71997","Useful for wardrobe/outfit variants in GUI."
"character_clothes_layers","c/briaryoung_bralette_red_ruffles","Clothing layers and outfit variants","MAS/game/mod_assets/monika/c/briaryoung_bralette_red_ruffles/body-def-1.png",".png","1280","850","71745","Useful for wardrobe/outfit variants in GUI."
"character_clothes_layers","c/briaryoung_bralette_red_ruffles","Clothing layers and outfit variants","MAS/game/mod_assets/monika/c/briaryoung_bralette_red_ruffles/body-leaning-def-0.png",".png","1280","850","80569","Useful for wardrobe/outfit variants in GUI."
"character_clothes_layers","c/briaryoung_bralette_red_ruffles","Clothing layers and outfit variants","MAS/game/mod_assets/monika/c/briaryoung_bralette_red_ruffles/body-leaning-def-1.png",".png","1280","850","80569","Useful for wardrobe/outfit variants in GUI."
"character_clothes_layers","c/briaryoung_button_up_flowered","Clothing layers and outfit variants","MAS/game/mod_assets/monika/c/briaryoung_button_up_flowered/arms-crossed-5.png",".png","1280","850","113859","Useful for wardrobe/outfit variants in GUI."
"character_clothes_layers","c/briaryoung_button_up_flowered","Clothing layers and outfit variants","MAS/game/mod_assets/monika/c/briaryoung_button_up_flowered/arms-leaning-def-left-def-10.png",".png","1280","850","55206","Useful for wardrobe/outfit variants in GUI."
"character_clothes_layers","c/briaryoung_button_up_flowered","Clothing layers and outfit variants","MAS/game/mod_assets/monika/c/briaryoung_button_up_flowered/arms-leaning-def-right-def-5.png",".png","1280","850","59459","Useful for wardrobe/outfit variants in GUI."
"character_clothes_layers","c/briaryoung_button_up_flowered","Clothing layers and outfit variants","MAS/game/mod_assets/monika/c/briaryoung_button_up_flowered/arms-left-down-0.png",".png","1280","850","60254","Useful for wardrobe/outfit variants in GUI."
"character_clothes_layers","c/briaryoung_button_up_flowered","Clothing layers and outfit variants","MAS/game/mod_assets/monika/c/briaryoung_button_up_flowered/arms-left-rest-10.png",".png","1280","850","52013","Useful for wardrobe/outfit variants in GUI."
"character_clothes_layers","c/briaryoung_button_up_flowered","Clothing layers and outfit variants","MAS/game/mod_assets/monika/c/briaryoung_button_up_flowered/arms-right-down-0.png",".png","1280","850","70383","Useful for wardrobe/outfit variants in GUI."
"character_clothes_layers","c/briaryoung_button_up_flowered","Clothing layers and outfit variants","MAS/game/mod_assets/monika/c/briaryoung_button_up_flowered/arms-right-point-0.png",".png","1280","850","60476","Useful for wardrobe/outfit variants in GUI."
"character_clothes_layers","c/briaryoung_button_up_flowered","Clothing layers and outfit variants","MAS/game/mod_assets/monika/c/briaryoung_button_up_flowered/arms-right-restpoint-10.png",".png","1280","850","54131","Useful for wardrobe/outfit variants in GUI."
"character_clothes_layers","c/briaryoung_button_up_flowered","Clothing layers and outfit variants","MAS/game/mod_assets/monika/c/briaryoung_button_up_flowered/arms-steepling-10.png",".png","1280","850","85466","Useful for wardrobe/outfit variants in GUI."
"character_clothes_layers","c/briaryoung_button_up_flowered","Clothing layers and outfit variants","MAS/game/mod_assets/monika/c/briaryoung_button_up_flowered/body-def-0.png",".png","1280","850","181353","Useful for wardrobe/outfit variants in GUI."
"character_clothes_layers","c/briaryoung_button_up_flowered","Clothing layers and outfit variants","MAS/game/mod_assets/monika/c/briaryoung_button_up_flowered/body-def-1.png",".png","1280","850","67916","Useful for wardrobe/outfit variants in GUI."
"character_clothes_layers","c/briaryoung_button_up_flowered","Clothing layers and outfit variants","MAS/game/mod_assets/monika/c/briaryoung_button_up_flowered/body-leaning-def-0.png",".png","1280","850","209413","Useful for wardrobe/outfit variants in GUI."
"character_clothes_layers","c/briaryoung_button_up_flowered","Clothing layers and outfit variants","MAS/game/mod_assets/monika/c/briaryoung_button_up_flowered/body-leaning-def-1.png",".png","1280","850","83063","Useful for wardrobe/outfit variants in GUI."
"character_clothes_layers","c/briaryoung_dress_dark_blue_sparkle","Clothing layers and outfit variants","MAS/game/mod_assets/monika/c/briaryoung_dress_dark_blue_sparkle/body-def-0.png",".png","1280","850","190127","Useful for wardrobe/outfit variants in GUI."
"character_clothes_layers","c/briaryoung_dress_dark_blue_sparkle","Clothing layers and outfit variants","MAS/game/mod_assets/monika/c/briaryoung_dress_dark_blue_sparkle/body-def-1.png",".png","1280","850","124913","Useful for wardrobe/outfit variants in GUI."
"character_clothes_layers","c/briaryoung_dress_dark_blue_sparkle","Clothing layers and outfit variants","MAS/game/mod_assets/monika/c/briaryoung_dress_dark_blue_sparkle/body-leaning-def-0.png",".png","1280","850","191712","Useful for wardrobe/outfit variants in GUI."
"character_clothes_layers","c/briaryoung_dress_dark_blue_sparkle","Clothing layers and outfit variants","MAS/game/mod_assets/monika/c/briaryoung_dress_dark_blue_sparkle/body-leaning-def-1.png",".png","1280","850","121009","Useful for wardrobe/outfit variants in GUI."
"character_clothes_layers","c/briaryoung_heart_cut_bikini_black","Clothing layers and outfit variants","MAS/game/mod_assets/monika/c/briaryoung_heart_cut_bikini_black/body-def-0.png",".png","1280","850","66105","Useful for wardrobe/outfit variants in GUI."
"character_clothes_layers","c/briaryoung_heart_cut_bikini_black","Clothing layers and outfit variants","MAS/game/mod_assets/monika/c/briaryoung_heart_cut_bikini_black/body-def-1.png",".png","1280","850","33192","Useful for wardrobe/outfit variants in GUI."
"character_clothes_layers","c/briaryoung_heart_cut_bikini_black","Clothing layers and outfit variants","MAS/game/mod_assets/monika/c/briaryoung_heart_cut_bikini_black/body-leaning-def-0.png",".png","1280","850","79002","Useful for wardrobe/outfit variants in GUI."
"character_clothes_layers","c/briaryoung_heart_cut_bikini_black","Clothing layers and outfit variants","MAS/game/mod_assets/monika/c/briaryoung_heart_cut_bikini_black/body-leaning-def-1.png",".png","1280","850","26446","Useful for wardrobe/outfit variants in GUI."
"character_clothes_layers","c/briaryoung_heart_cut_bikini_green","Clothing layers and outfit variants","MAS/game/mod_assets/monika/c/briaryoung_heart_cut_bikini_green/body-def-0.png",".png","1280","850","70359","Useful for wardrobe/outfit variants in GUI."
"character_clothes_layers","c/briaryoung_heart_cut_bikini_green","Clothing layers and outfit variants","MAS/game/mod_assets/monika/c/briaryoung_heart_cut_bikini_green/body-def-1.png",".png","1280","850","34590","Useful for wardrobe/outfit variants in GUI."
"character_clothes_layers","c/briaryoung_heart_cut_bikini_green","Clothing layers and outfit variants","MAS/game/mod_assets/monika/c/briaryoung_heart_cut_bikini_green/body-leaning-def-0.png",".png","1280","850","84229","Useful for wardrobe/outfit variants in GUI."
"character_clothes_layers","c/briaryoung_heart_cut_bikini_green","Clothing layers and outfit variants","MAS/game/mod_assets/monika/c/briaryoung_heart_cut_bikini_green/body-leaning-def-1.png",".png","1280","850","27704","Useful for wardrobe/outfit variants in GUI."
"character_clothes_layers","c/briaryoung_heart_cut_bikini_pink","Clothing layers and outfit variants","MAS/game/mod_assets/monika/c/briaryoung_heart_cut_bikini_pink/body-def-0.png",".png","1280","850","67010","Useful for wardrobe/outfit variants in GUI."
"character_clothes_layers","c/briaryoung_heart_cut_bikini_pink","Clothing layers and outfit variants","MAS/game/mod_assets/monika/c/briaryoung_heart_cut_bikini_pink/body-def-1.png",".png","1280","850","33869","Useful for wardrobe/outfit variants in GUI."
"character_clothes_layers","c/briaryoung_heart_cut_bikini_pink","Clothing layers and outfit variants","MAS/game/mod_assets/monika/c/briaryoung_heart_cut_bikini_pink/body-leaning-def-0.png",".png","1280","850","81522","Useful for wardrobe/outfit variants in GUI."
"character_clothes_layers","c/briaryoung_heart_cut_bikini_pink","Clothing layers and outfit variants","MAS/game/mod_assets/monika/c/briaryoung_heart_cut_bikini_pink/body-leaning-def-1.png",".png","1280","850","27685","Useful for wardrobe/outfit variants in GUI."
"character_clothes_layers","c/briaryoung_heart_cut_bikini_purple","Clothing layers and outfit variants","MAS/game/mod_assets/monika/c/briaryoung_heart_cut_bikini_purple/body-def-0.png",".png","1280","850","57764","Useful for wardrobe/outfit variants in GUI."
"character_clothes_layers","c/briaryoung_heart_cut_bikini_purple","Clothing layers and outfit variants","MAS/game/mod_assets/monika/c/briaryoung_heart_cut_bikini_purple/body-def-1.png",".png","1280","850","30323","Useful for wardrobe/outfit variants in GUI."
"character_clothes_layers","c/briaryoung_heart_cut_bikini_purple","Clothing layers and outfit variants","MAS/game/mod_assets/monika/c/briaryoung_heart_cut_bikini_purple/body-leaning-def-0.png",".png","1280","850","70950","Useful for wardrobe/outfit variants in GUI."
"character_clothes_layers","c/briaryoung_heart_cut_bikini_purple","Clothing layers and outfit variants","MAS/game/mod_assets/monika/c/briaryoung_heart_cut_bikini_purple/body-leaning-def-1.png",".png","1280","850","27502","Useful for wardrobe/outfit variants in GUI."
"character_clothes_layers","c/briaryoung_heart_cut_bikini_white","Clothing layers and outfit variants","MAS/game/mod_assets/monika/c/briaryoung_heart_cut_bikini_white/body-def-0.png",".png","1280","850","89748","Useful for wardrobe/outfit variants in GUI."
"character_clothes_layers","c/briaryoung_heart_cut_bikini_white","Clothing layers and outfit variants","MAS/game/mod_assets/monika/c/briaryoung_heart_cut_bikini_white/body-def-1.png",".png","1280","850","41048","Useful for wardrobe/outfit variants in GUI."
"character_clothes_layers","c/briaryoung_heart_cut_bikini_white","Clothing layers and outfit variants","MAS/game/mod_assets/monika/c/briaryoung_heart_cut_bikini_white/body-leaning-def-0.png",".png","1280","850","104727","Useful for wardrobe/outfit variants in GUI."
"character_clothes_layers","c/briaryoung_heart_cut_bikini_white","Clothing layers and outfit variants","MAS/game/mod_assets/monika/c/briaryoung_heart_cut_bikini_white/body-leaning-def-1.png",".png","1280","850","30287","Useful for wardrobe/outfit variants in GUI."
"character_clothes_layers","c/briaryoung_heart_cut_bikini_yellow","Clothing layers and outfit variants","MAS/game/mod_assets/monika/c/briaryoung_heart_cut_bikini_yellow/body-def-0.png",".png","1280","850","68792","Useful for wardrobe/outfit variants in GUI."
"character_clothes_layers","c/briaryoung_heart_cut_bikini_yellow","Clothing layers and outfit variants","MAS/game/mod_assets/monika/c/briaryoung_heart_cut_bikini_yellow/body-def-1.png",".png","1280","850","34555","Useful for wardrobe/outfit variants in GUI."
"character_clothes_layers","c/briaryoung_heart_cut_bikini_yellow","Clothing layers and outfit variants","MAS/game/mod_assets/monika/c/briaryoung_heart_cut_bikini_yellow/body-leaning-def-0.png",".png","1280","850","82919","Useful for wardrobe/outfit variants in GUI."
"character_clothes_layers","c/briaryoung_heart_cut_bikini_yellow","Clothing layers and outfit variants","MAS/game/mod_assets/monika/c/briaryoung_heart_cut_bikini_yellow/body-leaning-def-1.png",".png","1280","850","27923","Useful for wardrobe/outfit variants in GUI."
"character_clothes_layers","c/briaryoung_shuchiin_academy_uniform","Clothing layers and outfit variants","MAS/game/mod_assets/monika/c/briaryoung_shuchiin_academy_uniform/arms-crossed-5.png",".png","1280","850","95851","Useful for wardrobe/outfit variants in GUI."
"character_clothes_layers","c/briaryoung_shuchiin_academy_uniform","Clothing layers and outfit variants","MAS/game/mod_assets/monika/c/briaryoung_shuchiin_academy_uniform/arms-leaning-def-left-def-10.png",".png","1280","850","52157","Useful for wardrobe/outfit variants in GUI."
"character_clothes_layers","c/briaryoung_shuchiin_academy_uniform","Clothing layers and outfit variants","MAS/game/mod_assets/monika/c/briaryoung_shuchiin_academy_uniform/arms-leaning-def-right-def-10.png",".png","1280","850","31261","Useful for wardrobe/outfit variants in GUI."
"character_clothes_layers","c/briaryoung_shuchiin_academy_uniform","Clothing layers and outfit variants","MAS/game/mod_assets/monika/c/briaryoung_shuchiin_academy_uniform/arms-leaning-def-right-def-5.png",".png","1280","850","32254","Useful for wardrobe/outfit variants in GUI."
"character_clothes_layers","c/briaryoung_shuchiin_academy_uniform","Clothing layers and outfit variants","MAS/game/mod_assets/monika/c/briaryoung_shuchiin_academy_uniform/arms-left-down-0.png",".png","1280","850","37920","Useful for wardrobe/outfit variants in GUI."
"character_clothes_layers","c/briaryoung_shuchiin_academy_uniform","Clothing layers and outfit variants","MAS/game/mod_assets/monika/c/briaryoung_shuchiin_academy_uniform/arms-left-rest-10.png",".png","1280","850","50707","Useful for wardrobe/outfit variants in GUI."
"character_clothes_layers","c/briaryoung_shuchiin_academy_uniform","Clothing layers and outfit variants","MAS/game/mod_assets/monika/c/briaryoung_shuchiin_academy_uniform/arms-right-down-0.png",".png","1280","850","36144","Useful for wardrobe/outfit variants in GUI."
"character_clothes_layers","c/briaryoung_shuchiin_academy_uniform","Clothing layers and outfit variants","MAS/game/mod_assets/monika/c/briaryoung_shuchiin_academy_uniform/arms-right-point-0.png",".png","1280","850","56304","Useful for wardrobe/outfit variants in GUI."
"character_clothes_layers","c/briaryoung_shuchiin_academy_uniform","Clothing layers and outfit variants","MAS/game/mod_assets/monika/c/briaryoung_shuchiin_academy_uniform/arms-right-restpoint-10.png",".png","1280","850","50991","Useful for wardrobe/outfit variants in GUI."
"character_clothes_layers","c/briaryoung_shuchiin_academy_uniform","Clothing layers and outfit variants","MAS/game/mod_assets/monika/c/briaryoung_shuchiin_academy_uniform/arms-steepling-10.png",".png","1280","850","94797","Useful for wardrobe/outfit variants in GUI."
"character_clothes_layers","c/briaryoung_shuchiin_academy_uniform","Clothing layers and outfit variants","MAS/game/mod_assets/monika/c/briaryoung_shuchiin_academy_uniform/body-def-0.png",".png","1280","850","85903","Useful for wardrobe/outfit variants in GUI."
"character_clothes_layers","c/briaryoung_shuchiin_academy_uniform","Clothing layers and outfit variants","MAS/game/mod_assets/monika/c/briaryoung_shuchiin_academy_uniform/body-def-1.png",".png","1280","850","45406","Useful for wardrobe/outfit variants in GUI."
"character_clothes_layers","c/briaryoung_shuchiin_academy_uniform","Clothing layers and outfit variants","MAS/game/mod_assets/monika/c/briaryoung_shuchiin_academy_uniform/body-leaning-def-0.png",".png","1280","850","69871","Useful for wardrobe/outfit variants in GUI."
"character_clothes_layers","c/briaryoung_shuchiin_academy_uniform","Clothing layers and outfit variants","MAS/game/mod_assets/monika/c/briaryoung_shuchiin_academy_uniform/body-leaning-def-1.png",".png","1280","850","22017","Useful for wardrobe/outfit variants in GUI."
"character_clothes_layers","c/briaryoung_sleeveless_turtleneck_black","Clothing layers and outfit variants","MAS/game/mod_assets/monika/c/briaryoung_sleeveless_turtleneck_black/body-def-0.png",".png","1280","850","75726","Useful for wardrobe/outfit variants in GUI."
"character_clothes_layers","c/briaryoung_sleeveless_turtleneck_black","Clothing layers and outfit variants","MAS/game/mod_assets/monika/c/briaryoung_sleeveless_turtleneck_black/body-def-1.png",".png","1280","850","31858","Useful for wardrobe/outfit variants in GUI."
"character_clothes_layers","c/briaryoung_sleeveless_turtleneck_black","Clothing layers and outfit variants","MAS/game/mod_assets/monika/c/briaryoung_sleeveless_turtleneck_black/body-leaning-def-0.png",".png","1280","850","80509","Useful for wardrobe/outfit variants in GUI."
"character_clothes_layers","c/briaryoung_sleeveless_turtleneck_black","Clothing layers and outfit variants","MAS/game/mod_assets/monika/c/briaryoung_sleeveless_turtleneck_black/body-leaning-def-1.png",".png","1280","850","28722","Useful for wardrobe/outfit variants in GUI."
"character_clothes_layers","c/briaryoung_tshirt_jurassic_park","Clothing layers and outfit variants","MAS/game/mod_assets/monika/c/briaryoung_tshirt_jurassic_park/arms-crossed-5.png",".png","1280","850","52292","Useful for wardrobe/outfit variants in GUI."
"character_clothes_layers","c/briaryoung_tshirt_jurassic_park","Clothing layers and outfit variants","MAS/game/mod_assets/monika/c/briaryoung_tshirt_jurassic_park/arms-leaning-def-left-def-10.png",".png","1280","850","31643","Useful for wardrobe/outfit variants in GUI."
"character_clothes_layers","c/briaryoung_tshirt_jurassic_park","Clothing layers and outfit variants","MAS/game/mod_assets/monika/c/briaryoung_tshirt_jurassic_park/arms-leaning-def-right-def-5.png",".png","1280","850","31416","Useful for wardrobe/outfit variants in GUI."
"character_clothes_layers","c/briaryoung_tshirt_jurassic_park","Clothing layers and outfit variants","MAS/game/mod_assets/monika/c/briaryoung_tshirt_jurassic_park/arms-left-down-0.png",".png","1280","850","36755","Useful for wardrobe/outfit variants in GUI."
"character_clothes_layers","c/briaryoung_tshirt_jurassic_park","Clothing layers and outfit variants","MAS/game/mod_assets/monika/c/briaryoung_tshirt_jurassic_park/arms-left-rest-10.png",".png","1280","850","32228","Useful for wardrobe/outfit variants in GUI."
"character_clothes_layers","c/briaryoung_tshirt_jurassic_park","Clothing layers and outfit variants","MAS/game/mod_assets/monika/c/briaryoung_tshirt_jurassic_park/arms-right-down-0.png",".png","1280","850","37290","Useful for wardrobe/outfit variants in GUI."
"character_clothes_layers","c/briaryoung_tshirt_jurassic_park","Clothing layers and outfit variants","MAS/game/mod_assets/monika/c/briaryoung_tshirt_jurassic_park/arms-right-point-0.png",".png","1280","850","34897","Useful for wardrobe/outfit variants in GUI."
"character_clothes_layers","c/briaryoung_tshirt_jurassic_park","Clothing layers and outfit variants","MAS/game/mod_assets/monika/c/briaryoung_tshirt_jurassic_park/arms-right-restpoint-10.png",".png","1280","850","33274","Useful for wardrobe/outfit variants in GUI."
"character_clothes_layers","c/briaryoung_tshirt_jurassic_park","Clothing layers and outfit variants","MAS/game/mod_assets/monika/c/briaryoung_tshirt_jurassic_park/arms-steepling-10.png",".png","1280","850","48253","Useful for wardrobe/outfit variants in GUI."
"character_clothes_layers","c/briaryoung_tshirt_jurassic_park","Clothing layers and outfit variants","MAS/game/mod_assets/monika/c/briaryoung_tshirt_jurassic_park/body-def-0.png",".png","1280","850","115324","Useful for wardrobe/outfit variants in GUI."
"character_clothes_layers","c/briaryoung_tshirt_jurassic_park","Clothing layers and outfit variants","MAS/game/mod_assets/monika/c/briaryoung_tshirt_jurassic_park/body-def-1.png",".png","1280","850","99780","Useful for wardrobe/outfit variants in GUI."
"character_clothes_layers","c/briaryoung_tshirt_jurassic_park","Clothing layers and outfit variants","MAS/game/mod_assets/monika/c/briaryoung_tshirt_jurassic_park/body-leaning-def-0.png",".png","1280","850","121470","Useful for wardrobe/outfit variants in GUI."
"character_clothes_layers","c/briaryoung_tshirt_jurassic_park","Clothing layers and outfit variants","MAS/game/mod_assets/monika/c/briaryoung_tshirt_jurassic_park/body-leaning-def-1.png",".png","1280","850","94120","Useful for wardrobe/outfit variants in GUI."
"character_clothes_layers","c/briaryoung_tshirt_jurassic_world","Clothing layers and outfit variants","MAS/game/mod_assets/monika/c/briaryoung_tshirt_jurassic_world/arms-crossed-5.png",".png","1280","850","52292","Useful for wardrobe/outfit variants in GUI."
"character_clothes_layers","c/briaryoung_tshirt_jurassic_world","Clothing layers and outfit variants","MAS/game/mod_assets/monika/c/briaryoung_tshirt_jurassic_world/arms-leaning-def-left-def-10.png",".png","1280","850","31643","Useful for wardrobe/outfit variants in GUI."
"character_clothes_layers","c/briaryoung_tshirt_jurassic_world","Clothing layers and outfit variants","MAS/game/mod_assets/monika/c/briaryoung_tshirt_jurassic_world/arms-leaning-def-right-def-5.png",".png","1280","850","31416","Useful for wardrobe/outfit variants in GUI."
"character_clothes_layers","c/briaryoung_tshirt_jurassic_world","Clothing layers and outfit variants","MAS/game/mod_assets/monika/c/briaryoung_tshirt_jurassic_world/arms-left-down-0.png",".png","1280","850","36755","Useful for wardrobe/outfit variants in GUI."
"character_clothes_layers","c/briaryoung_tshirt_jurassic_world","Clothing layers and outfit variants","MAS/game/mod_assets/monika/c/briaryoung_tshirt_jurassic_world/arms-left-rest-10.png",".png","1280","850","32228","Useful for wardrobe/outfit variants in GUI."
"character_clothes_layers","c/briaryoung_tshirt_jurassic_world","Clothing layers and outfit variants","MAS/game/mod_assets/monika/c/briaryoung_tshirt_jurassic_world/arms-right-down-0.png",".png","1280","850","37290","Useful for wardrobe/outfit variants in GUI."
"character_clothes_layers","c/briaryoung_tshirt_jurassic_world","Clothing layers and outfit variants","MAS/game/mod_assets/monika/c/briaryoung_tshirt_jurassic_world/arms-right-point-0.png",".png","1280","850","34897","Useful for wardrobe/outfit variants in GUI."
"character_clothes_layers","c/briaryoung_tshirt_jurassic_world","Clothing layers and outfit variants","MAS/game/mod_assets/monika/c/briaryoung_tshirt_jurassic_world/arms-right-restpoint-10.png",".png","1280","850","33274","Useful for wardrobe/outfit variants in GUI."
"character_clothes_layers","c/briaryoung_tshirt_jurassic_world","Clothing layers and outfit variants","MAS/game/mod_assets/monika/c/briaryoung_tshirt_jurassic_world/arms-steepling-10.png",".png","1280","850","48253","Useful for wardrobe/outfit variants in GUI."
"character_clothes_layers","c/briaryoung_tshirt_jurassic_world","Clothing layers and outfit variants","MAS/game/mod_assets/monika/c/briaryoung_tshirt_jurassic_world/body-def-0.png",".png","1280","850","140698","Useful for wardrobe/outfit variants in GUI."
"character_clothes_layers","c/briaryoung_tshirt_jurassic_world","Clothing layers and outfit variants","MAS/game/mod_assets/monika/c/briaryoung_tshirt_jurassic_world/body-def-1.png",".png","1280","850","127273","Useful for wardrobe/outfit variants in GUI."
"character_clothes_layers","c/briaryoung_tshirt_jurassic_world","Clothing layers and outfit variants","MAS/game/mod_assets/monika/c/briaryoung_tshirt_jurassic_world/body-leaning-def-0.png",".png","1280","850","144818","Useful for wardrobe/outfit variants in GUI."
"character_clothes_layers","c/briaryoung_tshirt_jurassic_world","Clothing layers and outfit variants","MAS/game/mod_assets/monika/c/briaryoung_tshirt_jurassic_world/body-leaning-def-1.png",".png","1280","850","118086","Useful for wardrobe/outfit variants in GUI."
"character_clothes_layers","c/briaryoung_vcut_crossed_straps_tanktop_white","Clothing layers and outfit variants","MAS/game/mod_assets/monika/c/briaryoung_vcut_crossed_straps_tanktop_white/body-def-0.png",".png","1280","850","65613","Useful for wardrobe/outfit variants in GUI."
"character_clothes_layers","c/briaryoung_vcut_crossed_straps_tanktop_white","Clothing layers and outfit variants","MAS/game/mod_assets/monika/c/briaryoung_vcut_crossed_straps_tanktop_white/body-def-1.png",".png","1280","850","31920","Useful for wardrobe/outfit variants in GUI."
"character_clothes_layers","c/briaryoung_vcut_crossed_straps_tanktop_white","Clothing layers and outfit variants","MAS/game/mod_assets/monika/c/briaryoung_vcut_crossed_straps_tanktop_white/body-leaning-def-0.png",".png","1280","850","70146","Useful for wardrobe/outfit variants in GUI."
"character_clothes_layers","c/briaryoung_vcut_crossed_straps_tanktop_white","Clothing layers and outfit variants","MAS/game/mod_assets/monika/c/briaryoung_vcut_crossed_straps_tanktop_white/body-leaning-def-1.png",".png","1280","850","24679","Useful for wardrobe/outfit variants in GUI."
"character_clothes_layers","c/def","Clothing layers and outfit variants","MAS/game/mod_assets/monika/c/def/arms-crossed-10.png",".png","1280","850","7274","Useful for wardrobe/outfit variants in GUI."
"character_clothes_layers","c/def","Clothing layers and outfit variants","MAS/game/mod_assets/monika/c/def/arms-crossed-5.png",".png","1280","850","112691","Useful for wardrobe/outfit variants in GUI."
"character_clothes_layers","c/def","Clothing layers and outfit variants","MAS/game/mod_assets/monika/c/def/arms-leaning-def-left-def-10.png",".png","1280","850","56406","Useful for wardrobe/outfit variants in GUI."
"character_clothes_layers","c/def","Clothing layers and outfit variants","MAS/game/mod_assets/monika/c/def/arms-leaning-def-right-def-10.png",".png","1280","850","35787","Useful for wardrobe/outfit variants in GUI."
"character_clothes_layers","c/def","Clothing layers and outfit variants","MAS/game/mod_assets/monika/c/def/arms-leaning-def-right-def-5.png",".png","1280","850","47302","Useful for wardrobe/outfit variants in GUI."
"character_clothes_layers","c/def","Clothing layers and outfit variants","MAS/game/mod_assets/monika/c/def/arms-left-down-0.png",".png","1280","850","34386","Useful for wardrobe/outfit variants in GUI."
"character_clothes_layers","c/def","Clothing layers and outfit variants","MAS/game/mod_assets/monika/c/def/arms-left-rest-10.png",".png","1280","850","55582","Useful for wardrobe/outfit variants in GUI."
"character_clothes_layers","c/def","Clothing layers and outfit variants","MAS/game/mod_assets/monika/c/def/arms-right-down-0.png",".png","1280","850","35706","Useful for wardrobe/outfit variants in GUI."
"character_clothes_layers","c/def","Clothing layers and outfit variants","MAS/game/mod_assets/monika/c/def/arms-right-point-0.png",".png","1280","850","84893","Useful for wardrobe/outfit variants in GUI."
"character_clothes_layers","c/def","Clothing layers and outfit variants","MAS/game/mod_assets/monika/c/def/arms-right-restpoint-10.png",".png","1280","850","59985","Useful for wardrobe/outfit variants in GUI."
"character_clothes_layers","c/def","Clothing layers and outfit variants","MAS/game/mod_assets/monika/c/def/arms-steepling-10.png",".png","1280","850","106595","Useful for wardrobe/outfit variants in GUI."
"character_clothes_layers","c/def","Clothing layers and outfit variants","MAS/game/mod_assets/monika/c/def/body-def-0.png",".png","1280","850","129850","Useful for wardrobe/outfit variants in GUI."
"character_clothes_layers","c/def","Clothing layers and outfit variants","MAS/game/mod_assets/monika/c/def/body-def-1.png",".png","1280","850","24345","Useful for wardrobe/outfit variants in GUI."
"character_clothes_layers","c/def","Clothing layers and outfit variants","MAS/game/mod_assets/monika/c/def/body-leaning-def-0.png",".png","1280","850","129112","Useful for wardrobe/outfit variants in GUI."
"character_clothes_layers","c/def","Clothing layers and outfit variants","MAS/game/mod_assets/monika/c/def/body-leaning-def-1.png",".png","1280","850","22506","Useful for wardrobe/outfit variants in GUI."
"character_clothes_layers","c/finale_green_dress","Clothing layers and outfit variants","MAS/game/mod_assets/monika/c/finale_green_dress/arms-crossed-5.png",".png","1280","850","56473","Useful for wardrobe/outfit variants in GUI."
"character_clothes_layers","c/finale_green_dress","Clothing layers and outfit variants","MAS/game/mod_assets/monika/c/finale_green_dress/arms-leaning-def-left-def-10.png",".png","1280","850","27208","Useful for wardrobe/outfit variants in GUI."
"character_clothes_layers","c/finale_green_dress","Clothing layers and outfit variants","MAS/game/mod_assets/monika/c/finale_green_dress/arms-leaning-def-right-def-5.png",".png","1280","850","33576","Useful for wardrobe/outfit variants in GUI."
"character_clothes_layers","c/finale_green_dress","Clothing layers and outfit variants","MAS/game/mod_assets/monika/c/finale_green_dress/arms-left-down-0.png",".png","1280","850","34018","Useful for wardrobe/outfit variants in GUI."
"character_clothes_layers","c/finale_green_dress","Clothing layers and outfit variants","MAS/game/mod_assets/monika/c/finale_green_dress/arms-left-rest-10.png",".png","1280","850","21143","Useful for wardrobe/outfit variants in GUI."
"character_clothes_layers","c/finale_green_dress","Clothing layers and outfit variants","MAS/game/mod_assets/monika/c/finale_green_dress/arms-right-down-0.png",".png","1280","850","36673","Useful for wardrobe/outfit variants in GUI."
"character_clothes_layers","c/finale_green_dress","Clothing layers and outfit variants","MAS/game/mod_assets/monika/c/finale_green_dress/arms-right-point-0.png",".png","1280","850","27069","Useful for wardrobe/outfit variants in GUI."
"character_clothes_layers","c/finale_green_dress","Clothing layers and outfit variants","MAS/game/mod_assets/monika/c/finale_green_dress/arms-right-restpoint-10.png",".png","1280","850","23445","Useful for wardrobe/outfit variants in GUI."
"character_clothes_layers","c/finale_green_dress","Clothing layers and outfit variants","MAS/game/mod_assets/monika/c/finale_green_dress/arms-steepling-10.png",".png","1280","850","39649","Useful for wardrobe/outfit variants in GUI."
"character_clothes_layers","c/finale_green_dress","Clothing layers and outfit variants","MAS/game/mod_assets/monika/c/finale_green_dress/body-def-0.png",".png","1280","850","65283","Useful for wardrobe/outfit variants in GUI."
"character_clothes_layers","c/finale_green_dress","Clothing layers and outfit variants","MAS/game/mod_assets/monika/c/finale_green_dress/body-def-1.png",".png","1280","850","30002","Useful for wardrobe/outfit variants in GUI."
"character_clothes_layers","c/finale_green_dress","Clothing layers and outfit variants","MAS/game/mod_assets/monika/c/finale_green_dress/body-leaning-def-0.png",".png","1280","850","62620","Useful for wardrobe/outfit variants in GUI."
"character_clothes_layers","c/finale_green_dress","Clothing layers and outfit variants","MAS/game/mod_assets/monika/c/finale_green_dress/body-leaning-def-1.png",".png","1280","850","21342","Useful for wardrobe/outfit variants in GUI."
"character_clothes_layers","c/finale_hoodie_green","Clothing layers and outfit variants","MAS/game/mod_assets/monika/c/finale_hoodie_green/arms-crossed-10.png",".png","1280","850","33556","Useful for wardrobe/outfit variants in GUI."
"character_clothes_layers","c/finale_hoodie_green","Clothing layers and outfit variants","MAS/game/mod_assets/monika/c/finale_hoodie_green/arms-crossed-5.png",".png","1280","850","177857","Useful for wardrobe/outfit variants in GUI."
"character_clothes_layers","c/finale_hoodie_green","Clothing layers and outfit variants","MAS/game/mod_assets/monika/c/finale_hoodie_green/arms-leaning-def-left-def-10.png",".png","1280","850","89987","Useful for wardrobe/outfit variants in GUI."
"character_clothes_layers","c/finale_hoodie_green","Clothing layers and outfit variants","MAS/game/mod_assets/monika/c/finale_hoodie_green/arms-leaning-def-right-def-10.png",".png","1280","850","54268","Useful for wardrobe/outfit variants in GUI."
"character_clothes_layers","c/finale_hoodie_green","Clothing layers and outfit variants","MAS/game/mod_assets/monika/c/finale_hoodie_green/arms-leaning-def-right-def-5.png",".png","1280","850","64840","Useful for wardrobe/outfit variants in GUI."
"character_clothes_layers","c/finale_hoodie_green","Clothing layers and outfit variants","MAS/game/mod_assets/monika/c/finale_hoodie_green/arms-left-down-0.png",".png","1280","850","65322","Useful for wardrobe/outfit variants in GUI."
"character_clothes_layers","c/finale_hoodie_green","Clothing layers and outfit variants","MAS/game/mod_assets/monika/c/finale_hoodie_green/arms-left-rest-10.png",".png","1280","850","80633","Useful for wardrobe/outfit variants in GUI."
"character_clothes_layers","c/finale_hoodie_green","Clothing layers and outfit variants","MAS/game/mod_assets/monika/c/finale_hoodie_green/arms-right-down-0.png",".png","1280","850","60687","Useful for wardrobe/outfit variants in GUI."
"character_clothes_layers","c/finale_hoodie_green","Clothing layers and outfit variants","MAS/game/mod_assets/monika/c/finale_hoodie_green/arms-right-point-0.png",".png","1280","850","101530","Useful for wardrobe/outfit variants in GUI."
"character_clothes_layers","c/finale_hoodie_green","Clothing layers and outfit variants","MAS/game/mod_assets/monika/c/finale_hoodie_green/arms-right-restpoint-10.png",".png","1280","850","85397","Useful for wardrobe/outfit variants in GUI."
"character_clothes_layers","c/finale_hoodie_green","Clothing layers and outfit variants","MAS/game/mod_assets/monika/c/finale_hoodie_green/arms-steepling-10.png",".png","1280","850","151806","Useful for wardrobe/outfit variants in GUI."
"character_clothes_layers","c/finale_hoodie_green","Clothing layers and outfit variants","MAS/game/mod_assets/monika/c/finale_hoodie_green/body-def-0.png",".png","1280","850","190812","Useful for wardrobe/outfit variants in GUI."
"character_clothes_layers","c/finale_hoodie_green","Clothing layers and outfit variants","MAS/game/mod_assets/monika/c/finale_hoodie_green/body-def-1.png",".png","1280","850","34374","Useful for wardrobe/outfit variants in GUI."
"character_clothes_layers","c/finale_hoodie_green","Clothing layers and outfit variants","MAS/game/mod_assets/monika/c/finale_hoodie_green/body-leaning-def-0.png",".png","1280","850","154037","Useful for wardrobe/outfit variants in GUI."
"character_clothes_layers","c/finale_hoodie_green","Clothing layers and outfit variants","MAS/game/mod_assets/monika/c/finale_hoodie_green/body-leaning-def-1.png",".png","1280","850","33709","Useful for wardrobe/outfit variants in GUI."
"character_clothes_layers","c/finale_jacket_brown","Clothing layers and outfit variants","MAS/game/mod_assets/monika/c/finale_jacket_brown/arms-crossed-10.png",".png","1280","850","7672","Useful for wardrobe/outfit variants in GUI."
"character_clothes_layers","c/finale_jacket_brown","Clothing layers and outfit variants","MAS/game/mod_assets/monika/c/finale_jacket_brown/arms-crossed-5.png",".png","1280","850","95020","Useful for wardrobe/outfit variants in GUI."
"character_clothes_layers","c/finale_jacket_brown","Clothing layers and outfit variants","MAS/game/mod_assets/monika/c/finale_jacket_brown/arms-leaning-def-left-def-10.png",".png","1280","850","53692","Useful for wardrobe/outfit variants in GUI."
"character_clothes_layers","c/finale_jacket_brown","Clothing layers and outfit variants","MAS/game/mod_assets/monika/c/finale_jacket_brown/arms-leaning-def-right-def-10.png",".png","1280","850","26952","Useful for wardrobe/outfit variants in GUI."
"character_clothes_layers","c/finale_jacket_brown","Clothing layers and outfit variants","MAS/game/mod_assets/monika/c/finale_jacket_brown/arms-leaning-def-right-def-5.png",".png","1280","850","101906","Useful for wardrobe/outfit variants in GUI."
"character_clothes_layers","c/finale_jacket_brown","Clothing layers and outfit variants","MAS/game/mod_assets/monika/c/finale_jacket_brown/arms-left-down-0.png",".png","1280","850","39059","Useful for wardrobe/outfit variants in GUI."
"character_clothes_layers","c/finale_jacket_brown","Clothing layers and outfit variants","MAS/game/mod_assets/monika/c/finale_jacket_brown/arms-left-rest-10.png",".png","1280","850","47150","Useful for wardrobe/outfit variants in GUI."
"character_clothes_layers","c/finale_jacket_brown","Clothing layers and outfit variants","MAS/game/mod_assets/monika/c/finale_jacket_brown/arms-right-down-0.png",".png","1280","850","43885","Useful for wardrobe/outfit variants in GUI."
"character_clothes_layers","c/finale_jacket_brown","Clothing layers and outfit variants","MAS/game/mod_assets/monika/c/finale_jacket_brown/arms-right-point-0.png",".png","1280","850","54090","Useful for wardrobe/outfit variants in GUI."
"character_clothes_layers","c/finale_jacket_brown","Clothing layers and outfit variants","MAS/game/mod_assets/monika/c/finale_jacket_brown/arms-right-restpoint-10.png",".png","1280","850","45149","Useful for wardrobe/outfit variants in GUI."
"character_clothes_layers","c/finale_jacket_brown","Clothing layers and outfit variants","MAS/game/mod_assets/monika/c/finale_jacket_brown/arms-steepling-10.png",".png","1280","850","82330","Useful for wardrobe/outfit variants in GUI."
"character_clothes_layers","c/finale_jacket_brown","Clothing layers and outfit variants","MAS/game/mod_assets/monika/c/finale_jacket_brown/body-def-0.png",".png","1280","850","136587","Useful for wardrobe/outfit variants in GUI."
"character_clothes_layers","c/finale_jacket_brown","Clothing layers and outfit variants","MAS/game/mod_assets/monika/c/finale_jacket_brown/body-def-1.png",".png","1280","850","27999","Useful for wardrobe/outfit variants in GUI."
"character_clothes_layers","c/finale_jacket_brown","Clothing layers and outfit variants","MAS/game/mod_assets/monika/c/finale_jacket_brown/body-leaning-def-0.png",".png","1280","850","119936","Useful for wardrobe/outfit variants in GUI."
"character_clothes_layers","c/finale_jacket_brown","Clothing layers and outfit variants","MAS/game/mod_assets/monika/c/finale_jacket_brown/body-leaning-def-1.png",".png","1280","850","23074","Useful for wardrobe/outfit variants in GUI."
"character_clothes_layers","c/finale_putonahappyface_shirt","Clothing layers and outfit variants","MAS/game/mod_assets/monika/c/finale_putonahappyface_shirt/arms-crossed-5.png",".png","1280","850","32504","Useful for wardrobe/outfit variants in GUI."
"character_clothes_layers","c/finale_putonahappyface_shirt","Clothing layers and outfit variants","MAS/game/mod_assets/monika/c/finale_putonahappyface_shirt/arms-leaning-def-left-def-10.png",".png","1280","850","20314","Useful for wardrobe/outfit variants in GUI."
"character_clothes_layers","c/finale_putonahappyface_shirt","Clothing layers and outfit variants","MAS/game/mod_assets/monika/c/finale_putonahappyface_shirt/arms-leaning-def-right-def-5.png",".png","1280","850","18128","Useful for wardrobe/outfit variants in GUI."
"character_clothes_layers","c/finale_putonahappyface_shirt","Clothing layers and outfit variants","MAS/game/mod_assets/monika/c/finale_putonahappyface_shirt/arms-left-down-0.png",".png","1280","850","17925","Useful for wardrobe/outfit variants in GUI."
"character_clothes_layers","c/finale_putonahappyface_shirt","Clothing layers and outfit variants","MAS/game/mod_assets/monika/c/finale_putonahappyface_shirt/arms-left-rest-10.png",".png","1280","850","17041","Useful for wardrobe/outfit variants in GUI."
"character_clothes_layers","c/finale_putonahappyface_shirt","Clothing layers and outfit variants","MAS/game/mod_assets/monika/c/finale_putonahappyface_shirt/arms-right-down-0.png",".png","1280","850","16565","Useful for wardrobe/outfit variants in GUI."
"character_clothes_layers","c/finale_putonahappyface_shirt","Clothing layers and outfit variants","MAS/game/mod_assets/monika/c/finale_putonahappyface_shirt/arms-right-point-0.png",".png","1280","850","18434","Useful for wardrobe/outfit variants in GUI."
"character_clothes_layers","c/finale_putonahappyface_shirt","Clothing layers and outfit variants","MAS/game/mod_assets/monika/c/finale_putonahappyface_shirt/arms-right-restpoint-10.png",".png","1280","850","15141","Useful for wardrobe/outfit variants in GUI."
"character_clothes_layers","c/finale_putonahappyface_shirt","Clothing layers and outfit variants","MAS/game/mod_assets/monika/c/finale_putonahappyface_shirt/arms-steepling-10.png",".png","1280","850","27529","Useful for wardrobe/outfit variants in GUI."
"character_clothes_layers","c/finale_putonahappyface_shirt","Clothing layers and outfit variants","MAS/game/mod_assets/monika/c/finale_putonahappyface_shirt/body-def-0.png",".png","1280","850","81736","Useful for wardrobe/outfit variants in GUI."
"character_clothes_layers","c/finale_putonahappyface_shirt","Clothing layers and outfit variants","MAS/game/mod_assets/monika/c/finale_putonahappyface_shirt/body-def-1.png",".png","1280","850","19753","Useful for wardrobe/outfit variants in GUI."
"character_clothes_layers","c/finale_putonahappyface_shirt","Clothing layers and outfit variants","MAS/game/mod_assets/monika/c/finale_putonahappyface_shirt/body-leaning-def-0.png",".png","1280","850","110570","Useful for wardrobe/outfit variants in GUI."
"character_clothes_layers","c/finale_putonahappyface_shirt","Clothing layers and outfit variants","MAS/game/mod_assets/monika/c/finale_putonahappyface_shirt/body-leaning-def-1.png",".png","1280","850","20673","Useful for wardrobe/outfit variants in GUI."
"character_clothes_layers","c/finale_shirt_blue","Clothing layers and outfit variants","MAS/game/mod_assets/monika/c/finale_shirt_blue/arms-crossed-10.png",".png","1280","850","10255","Useful for wardrobe/outfit variants in GUI."
"character_clothes_layers","c/finale_shirt_blue","Clothing layers and outfit variants","MAS/game/mod_assets/monika/c/finale_shirt_blue/arms-crossed-5.png",".png","1280","850","79241","Useful for wardrobe/outfit variants in GUI."
"character_clothes_layers","c/finale_shirt_blue","Clothing layers and outfit variants","MAS/game/mod_assets/monika/c/finale_shirt_blue/arms-leaning-def-left-def-10.png",".png","1280","850","34422","Useful for wardrobe/outfit variants in GUI."
"character_clothes_layers","c/finale_shirt_blue","Clothing layers and outfit variants","MAS/game/mod_assets/monika/c/finale_shirt_blue/arms-leaning-def-right-def-10.png",".png","1280","850","16654","Useful for wardrobe/outfit variants in GUI."
"character_clothes_layers","c/finale_shirt_blue","Clothing layers and outfit variants","MAS/game/mod_assets/monika/c/finale_shirt_blue/arms-leaning-def-right-def-5.png",".png","1280","850","32607","Useful for wardrobe/outfit variants in GUI."
"character_clothes_layers","c/finale_shirt_blue","Clothing layers and outfit variants","MAS/game/mod_assets/monika/c/finale_shirt_blue/arms-left-down-0.png",".png","1280","850","35818","Useful for wardrobe/outfit variants in GUI."
"character_clothes_layers","c/finale_shirt_blue","Clothing layers and outfit variants","MAS/game/mod_assets/monika/c/finale_shirt_blue/arms-left-rest-10.png",".png","1280","850","42199","Useful for wardrobe/outfit variants in GUI."
"character_clothes_layers","c/finale_shirt_blue","Clothing layers and outfit variants","MAS/game/mod_assets/monika/c/finale_shirt_blue/arms-right-down-0.png",".png","1280","850","28410","Useful for wardrobe/outfit variants in GUI."
"character_clothes_layers","c/finale_shirt_blue","Clothing layers and outfit variants","MAS/game/mod_assets/monika/c/finale_shirt_blue/arms-right-point-0.png",".png","1280","850","32299","Useful for wardrobe/outfit variants in GUI."
"character_clothes_layers","c/finale_shirt_blue","Clothing layers and outfit variants","MAS/game/mod_assets/monika/c/finale_shirt_blue/arms-right-restpoint-10.png",".png","1280","850","41541","Useful for wardrobe/outfit variants in GUI."
"character_clothes_layers","c/finale_shirt_blue","Clothing layers and outfit variants","MAS/game/mod_assets/monika/c/finale_shirt_blue/arms-steepling-10.png",".png","1280","850","86479","Useful for wardrobe/outfit variants in GUI."
"character_clothes_layers","c/finale_shirt_blue","Clothing layers and outfit variants","MAS/game/mod_assets/monika/c/finale_shirt_blue/body-def-0.png",".png","1280","850","74810","Useful for wardrobe/outfit variants in GUI."
"character_clothes_layers","c/finale_shirt_blue","Clothing layers and outfit variants","MAS/game/mod_assets/monika/c/finale_shirt_blue/body-def-1.png",".png","1280","850","19363","Useful for wardrobe/outfit variants in GUI."
"character_clothes_layers","c/finale_shirt_blue","Clothing layers and outfit variants","MAS/game/mod_assets/monika/c/finale_shirt_blue/body-leaning-def-0.png",".png","1280","850","78577","Useful for wardrobe/outfit variants in GUI."
"character_clothes_layers","c/finale_shirt_blue","Clothing layers and outfit variants","MAS/game/mod_assets/monika/c/finale_shirt_blue/body-leaning-def-1.png",".png","1280","850","13213","Useful for wardrobe/outfit variants in GUI."
"character_clothes_layers","c/finale_shirt_resthere","Clothing layers and outfit variants","MAS/game/mod_assets/monika/c/finale_shirt_resthere/arms-crossed-5.png",".png","1280","850","40251","Useful for wardrobe/outfit variants in GUI."
"character_clothes_layers","c/finale_shirt_resthere","Clothing layers and outfit variants","MAS/game/mod_assets/monika/c/finale_shirt_resthere/arms-leaning-def-left-def-10.png",".png","1280","850","29636","Useful for wardrobe/outfit variants in GUI."
"character_clothes_layers","c/finale_shirt_resthere","Clothing layers and outfit variants","MAS/game/mod_assets/monika/c/finale_shirt_resthere/arms-leaning-def-right-def-5.png",".png","1280","850","20796","Useful for wardrobe/outfit variants in GUI."
"character_clothes_layers","c/finale_shirt_resthere","Clothing layers and outfit variants","MAS/game/mod_assets/monika/c/finale_shirt_resthere/arms-left-down-0.png",".png","1280","850","24818","Useful for wardrobe/outfit variants in GUI."
"character_clothes_layers","c/finale_shirt_resthere","Clothing layers and outfit variants","MAS/game/mod_assets/monika/c/finale_shirt_resthere/arms-left-rest-10.png",".png","1280","850","23610","Useful for wardrobe/outfit variants in GUI."
"character_clothes_layers","c/finale_shirt_resthere","Clothing layers and outfit variants","MAS/game/mod_assets/monika/c/finale_shirt_resthere/arms-right-down-0.png",".png","1280","850","22932","Useful for wardrobe/outfit variants in GUI."
"character_clothes_layers","c/finale_shirt_resthere","Clothing layers and outfit variants","MAS/game/mod_assets/monika/c/finale_shirt_resthere/arms-right-point-0.png",".png","1280","850","24841","Useful for wardrobe/outfit variants in GUI."
"character_clothes_layers","c/finale_shirt_resthere","Clothing layers and outfit variants","MAS/game/mod_assets/monika/c/finale_shirt_resthere/arms-right-restpoint-10.png",".png","1280","850","20532","Useful for wardrobe/outfit variants in GUI."
"character_clothes_layers","c/finale_shirt_resthere","Clothing layers and outfit variants","MAS/game/mod_assets/monika/c/finale_shirt_resthere/arms-steepling-10.png",".png","1280","850","39175","Useful for wardrobe/outfit variants in GUI."
"character_clothes_layers","c/finale_shirt_resthere","Clothing layers and outfit variants","MAS/game/mod_assets/monika/c/finale_shirt_resthere/body-def-0.png",".png","1280","850","104535","Useful for wardrobe/outfit variants in GUI."
"character_clothes_layers","c/finale_shirt_resthere","Clothing layers and outfit variants","MAS/game/mod_assets/monika/c/finale_shirt_resthere/body-def-1.png",".png","1280","850","18091","Useful for wardrobe/outfit variants in GUI."
"character_clothes_layers","c/finale_shirt_resthere","Clothing layers and outfit variants","MAS/game/mod_assets/monika/c/finale_shirt_resthere/body-leaning-def-0.png",".png","1280","850","136574","Useful for wardrobe/outfit variants in GUI."
"character_clothes_layers","c/finale_shirt_resthere","Clothing layers and outfit variants","MAS/game/mod_assets/monika/c/finale_shirt_resthere/body-leaning-def-1.png",".png","1280","850","18465","Useful for wardrobe/outfit variants in GUI."
"character_clothes_layers","c/finale_sweatervest_blue","Clothing layers and outfit variants","MAS/game/mod_assets/monika/c/finale_sweatervest_blue/arms-crossed-10.png",".png","1280","850","10037","Useful for wardrobe/outfit variants in GUI."
"character_clothes_layers","c/finale_sweatervest_blue","Clothing layers and outfit variants","MAS/game/mod_assets/monika/c/finale_sweatervest_blue/arms-crossed-5.png",".png","1280","850","128985","Useful for wardrobe/outfit variants in GUI."
"character_clothes_layers","c/finale_sweatervest_blue","Clothing layers and outfit variants","MAS/game/mod_assets/monika/c/finale_sweatervest_blue/arms-leaning-def-left-def-10.png",".png","1280","850","61123","Useful for wardrobe/outfit variants in GUI."
"character_clothes_layers","c/finale_sweatervest_blue","Clothing layers and outfit variants","MAS/game/mod_assets/monika/c/finale_sweatervest_blue/arms-leaning-def-right-def-10.png",".png","1280","850","47545","Useful for wardrobe/outfit variants in GUI."
"character_clothes_layers","c/finale_sweatervest_blue","Clothing layers and outfit variants","MAS/game/mod_assets/monika/c/finale_sweatervest_blue/arms-leaning-def-right-def-5.png",".png","1280","850","46073","Useful for wardrobe/outfit variants in GUI."
"character_clothes_layers","c/finale_sweatervest_blue","Clothing layers and outfit variants","MAS/game/mod_assets/monika/c/finale_sweatervest_blue/arms-left-down-0.png",".png","1280","850","39383","Useful for wardrobe/outfit variants in GUI."
"character_clothes_layers","c/finale_sweatervest_blue","Clothing layers and outfit variants","MAS/game/mod_assets/monika/c/finale_sweatervest_blue/arms-left-rest-10.png",".png","1280","850","66353","Useful for wardrobe/outfit variants in GUI."
"character_clothes_layers","c/finale_sweatervest_blue","Clothing layers and outfit variants","MAS/game/mod_assets/monika/c/finale_sweatervest_blue/arms-right-down-0.png",".png","1280","850","38856","Useful for wardrobe/outfit variants in GUI."
"character_clothes_layers","c/finale_sweatervest_blue","Clothing layers and outfit variants","MAS/game/mod_assets/monika/c/finale_sweatervest_blue/arms-right-point-0.png",".png","1280","850","70296","Useful for wardrobe/outfit variants in GUI."
"character_clothes_layers","c/finale_sweatervest_blue","Clothing layers and outfit variants","MAS/game/mod_assets/monika/c/finale_sweatervest_blue/arms-right-restpoint-10.png",".png","1280","850","65488","Useful for wardrobe/outfit variants in GUI."
"character_clothes_layers","c/finale_sweatervest_blue","Clothing layers and outfit variants","MAS/game/mod_assets/monika/c/finale_sweatervest_blue/arms-steepling-10.png",".png","1280","850","123956","Useful for wardrobe/outfit variants in GUI."
"character_clothes_layers","c/finale_sweatervest_blue","Clothing layers and outfit variants","MAS/game/mod_assets/monika/c/finale_sweatervest_blue/body-def-0.png",".png","1280","850","162116","Useful for wardrobe/outfit variants in GUI."
"character_clothes_layers","c/finale_sweatervest_blue","Clothing layers and outfit variants","MAS/game/mod_assets/monika/c/finale_sweatervest_blue/body-def-1.png",".png","1280","850","39110","Useful for wardrobe/outfit variants in GUI."
"character_clothes_layers","c/finale_sweatervest_blue","Clothing layers and outfit variants","MAS/game/mod_assets/monika/c/finale_sweatervest_blue/body-leaning-def-0.png",".png","1280","850","144268","Useful for wardrobe/outfit variants in GUI."
"character_clothes_layers","c/finale_sweatervest_blue","Clothing layers and outfit variants","MAS/game/mod_assets/monika/c/finale_sweatervest_blue/body-leaning-def-1.png",".png","1280","850","35289","Useful for wardrobe/outfit variants in GUI."
"character_clothes_layers","c/finale_tanktop","Clothing layers and outfit variants","MAS/game/mod_assets/monika/c/finale_tanktop/body-def-0.png",".png","1280","850","113667","Useful for wardrobe/outfit variants in GUI."
"character_clothes_layers","c/finale_tanktop","Clothing layers and outfit variants","MAS/game/mod_assets/monika/c/finale_tanktop/body-def-1.png",".png","1280","850","29870","Useful for wardrobe/outfit variants in GUI."
"character_clothes_layers","c/finale_tanktop","Clothing layers and outfit variants","MAS/game/mod_assets/monika/c/finale_tanktop/body-leaning-def-0.png",".png","1280","850","88889","Useful for wardrobe/outfit variants in GUI."
"character_clothes_layers","c/finale_tanktop","Clothing layers and outfit variants","MAS/game/mod_assets/monika/c/finale_tanktop/body-leaning-def-1.png",".png","1280","850","16346","Useful for wardrobe/outfit variants in GUI."
"character_clothes_layers","c/finale_turtleneck_sweater_beige","Clothing layers and outfit variants","MAS/game/mod_assets/monika/c/finale_turtleneck_sweater_beige/arms-crossed-10.png",".png","1280","850","12979","Useful for wardrobe/outfit variants in GUI."
"character_clothes_layers","c/finale_turtleneck_sweater_beige","Clothing layers and outfit variants","MAS/game/mod_assets/monika/c/finale_turtleneck_sweater_beige/arms-crossed-5.png",".png","1280","850","113897","Useful for wardrobe/outfit variants in GUI."
"character_clothes_layers","c/finale_turtleneck_sweater_beige","Clothing layers and outfit variants","MAS/game/mod_assets/monika/c/finale_turtleneck_sweater_beige/arms-leaning-def-left-def-10.png",".png","1280","850","67868","Useful for wardrobe/outfit variants in GUI."
"character_clothes_layers","c/finale_turtleneck_sweater_beige","Clothing layers and outfit variants","MAS/game/mod_assets/monika/c/finale_turtleneck_sweater_beige/arms-leaning-def-right-def-10.png",".png","1280","850","39507","Useful for wardrobe/outfit variants in GUI."
"character_clothes_layers","c/finale_turtleneck_sweater_beige","Clothing layers and outfit variants","MAS/game/mod_assets/monika/c/finale_turtleneck_sweater_beige/arms-leaning-def-right-def-5.png",".png","1280","850","44811","Useful for wardrobe/outfit variants in GUI."
"character_clothes_layers","c/finale_turtleneck_sweater_beige","Clothing layers and outfit variants","MAS/game/mod_assets/monika/c/finale_turtleneck_sweater_beige/arms-left-down-0.png",".png","1280","850","42541","Useful for wardrobe/outfit variants in GUI."
"character_clothes_layers","c/finale_turtleneck_sweater_beige","Clothing layers and outfit variants","MAS/game/mod_assets/monika/c/finale_turtleneck_sweater_beige/arms-left-rest-10.png",".png","1280","850","73683","Useful for wardrobe/outfit variants in GUI."
"character_clothes_layers","c/finale_turtleneck_sweater_beige","Clothing layers and outfit variants","MAS/game/mod_assets/monika/c/finale_turtleneck_sweater_beige/arms-right-down-0.png",".png","1280","850","39105","Useful for wardrobe/outfit variants in GUI."
"character_clothes_layers","c/finale_turtleneck_sweater_beige","Clothing layers and outfit variants","MAS/game/mod_assets/monika/c/finale_turtleneck_sweater_beige/arms-right-point-0.png",".png","1280","850","74886","Useful for wardrobe/outfit variants in GUI."
"character_clothes_layers","c/finale_turtleneck_sweater_beige","Clothing layers and outfit variants","MAS/game/mod_assets/monika/c/finale_turtleneck_sweater_beige/arms-right-restpoint-10.png",".png","1280","850","68501","Useful for wardrobe/outfit variants in GUI."
"character_clothes_layers","c/finale_turtleneck_sweater_beige","Clothing layers and outfit variants","MAS/game/mod_assets/monika/c/finale_turtleneck_sweater_beige/arms-steepling-10.png",".png","1280","850","134874","Useful for wardrobe/outfit variants in GUI."
"character_clothes_layers","c/finale_turtleneck_sweater_beige","Clothing layers and outfit variants","MAS/game/mod_assets/monika/c/finale_turtleneck_sweater_beige/body-def-0.png",".png","1280","850","149746","Useful for wardrobe/outfit variants in GUI."
"character_clothes_layers","c/finale_turtleneck_sweater_beige","Clothing layers and outfit variants","MAS/game/mod_assets/monika/c/finale_turtleneck_sweater_beige/body-def-1.png",".png","1280","850","34310","Useful for wardrobe/outfit variants in GUI."
"character_clothes_layers","c/finale_turtleneck_sweater_beige","Clothing layers and outfit variants","MAS/game/mod_assets/monika/c/finale_turtleneck_sweater_beige/body-leaning-def-0.png",".png","1280","850","130427","Useful for wardrobe/outfit variants in GUI."
"character_clothes_layers","c/finale_turtleneck_sweater_beige","Clothing layers and outfit variants","MAS/game/mod_assets/monika/c/finale_turtleneck_sweater_beige/body-leaning-def-1.png",".png","1280","850","26247","Useful for wardrobe/outfit variants in GUI."
"character_clothes_layers","c/hatana_2b","Clothing layers and outfit variants","MAS/game/mod_assets/monika/c/hatana_2b/arms-crossed-10.png",".png","1280","850","13862","Useful for wardrobe/outfit variants in GUI."
"character_clothes_layers","c/hatana_2b","Clothing layers and outfit variants","MAS/game/mod_assets/monika/c/hatana_2b/arms-crossed-5.png",".png","1280","850","144955","Useful for wardrobe/outfit variants in GUI."
"character_clothes_layers","c/hatana_2b","Clothing layers and outfit variants","MAS/game/mod_assets/monika/c/hatana_2b/arms-leaning-def-left-def-10.png",".png","1280","850","94139","Useful for wardrobe/outfit variants in GUI."
"character_clothes_layers","c/hatana_2b","Clothing layers and outfit variants","MAS/game/mod_assets/monika/c/hatana_2b/arms-leaning-def-right-def-10.png",".png","1280","850","53100","Useful for wardrobe/outfit variants in GUI."
"character_clothes_layers","c/hatana_2b","Clothing layers and outfit variants","MAS/game/mod_assets/monika/c/hatana_2b/arms-leaning-def-right-def-5.png",".png","1280","850","37954","Useful for wardrobe/outfit variants in GUI."
"character_clothes_layers","c/hatana_2b","Clothing layers and outfit variants","MAS/game/mod_assets/monika/c/hatana_2b/arms-left-down-0.png",".png","1280","850","47736","Useful for wardrobe/outfit variants in GUI."
"character_clothes_layers","c/hatana_2b","Clothing layers and outfit variants","MAS/game/mod_assets/monika/c/hatana_2b/arms-left-rest-10.png",".png","1280","850","94256","Useful for wardrobe/outfit variants in GUI."
"character_clothes_layers","c/hatana_2b","Clothing layers and outfit variants","MAS/game/mod_assets/monika/c/hatana_2b/arms-right-down-0.png",".png","1280","850","45556","Useful for wardrobe/outfit variants in GUI."
"character_clothes_layers","c/hatana_2b","Clothing layers and outfit variants","MAS/game/mod_assets/monika/c/hatana_2b/arms-right-point-0.png",".png","1280","850","94140","Useful for wardrobe/outfit variants in GUI."
"character_clothes_layers","c/hatana_2b","Clothing layers and outfit variants","MAS/game/mod_assets/monika/c/hatana_2b/arms-right-restpoint-10.png",".png","1280","850","96183","Useful for wardrobe/outfit variants in GUI."
"character_clothes_layers","c/hatana_2b","Clothing layers and outfit variants","MAS/game/mod_assets/monika/c/hatana_2b/arms-steepling-10.png",".png","1280","850","167553","Useful for wardrobe/outfit variants in GUI."
"character_clothes_layers","c/hatana_2b","Clothing layers and outfit variants","MAS/game/mod_assets/monika/c/hatana_2b/body-def-0.png",".png","1280","850","120536","Useful for wardrobe/outfit variants in GUI."
"character_clothes_layers","c/hatana_2b","Clothing layers and outfit variants","MAS/game/mod_assets/monika/c/hatana_2b/body-def-1.png",".png","1280","850","86990","Useful for wardrobe/outfit variants in GUI."
"character_clothes_layers","c/hatana_2b","Clothing layers and outfit variants","MAS/game/mod_assets/monika/c/hatana_2b/body-leaning-def-0.png",".png","1280","850","121912","Useful for wardrobe/outfit variants in GUI."
"character_clothes_layers","c/hatana_2b","Clothing layers and outfit variants","MAS/game/mod_assets/monika/c/hatana_2b/body-leaning-def-1.png",".png","1280","850","85031","Useful for wardrobe/outfit variants in GUI."
"character_clothes_layers","c/marisa","Clothing layers and outfit variants","MAS/game/mod_assets/monika/c/marisa/arms-crossed-5.png",".png","1280","850","109116","Useful for wardrobe/outfit variants in GUI."
"character_clothes_layers","c/marisa","Clothing layers and outfit variants","MAS/game/mod_assets/monika/c/marisa/arms-leaning-def-left-def-10.png",".png","1280","850","45368","Useful for wardrobe/outfit variants in GUI."
"character_clothes_layers","c/marisa","Clothing layers and outfit variants","MAS/game/mod_assets/monika/c/marisa/arms-leaning-def-right-def-5.png",".png","1280","850","87250","Useful for wardrobe/outfit variants in GUI."
"character_clothes_layers","c/marisa","Clothing layers and outfit variants","MAS/game/mod_assets/monika/c/marisa/arms-left-down-0.png",".png","1280","850","56920","Useful for wardrobe/outfit variants in GUI."
"character_clothes_layers","c/marisa","Clothing layers and outfit variants","MAS/game/mod_assets/monika/c/marisa/arms-left-rest-10.png",".png","1280","850","38907","Useful for wardrobe/outfit variants in GUI."
"character_clothes_layers","c/marisa","Clothing layers and outfit variants","MAS/game/mod_assets/monika/c/marisa/arms-right-down-0.png",".png","1280","850","51290","Useful for wardrobe/outfit variants in GUI."
"character_clothes_layers","c/marisa","Clothing layers and outfit variants","MAS/game/mod_assets/monika/c/marisa/arms-right-point-0.png",".png","1280","850","43416","Useful for wardrobe/outfit variants in GUI."
"character_clothes_layers","c/marisa","Clothing layers and outfit variants","MAS/game/mod_assets/monika/c/marisa/arms-right-restpoint-10.png",".png","1280","850","33307","Useful for wardrobe/outfit variants in GUI."
"character_clothes_layers","c/marisa","Clothing layers and outfit variants","MAS/game/mod_assets/monika/c/marisa/arms-steepling-10.png",".png","1280","850","67468","Useful for wardrobe/outfit variants in GUI."
"character_clothes_layers","c/marisa","Clothing layers and outfit variants","MAS/game/mod_assets/monika/c/marisa/body-def-0.png",".png","1280","850","108552","Useful for wardrobe/outfit variants in GUI."
"character_clothes_layers","c/marisa","Clothing layers and outfit variants","MAS/game/mod_assets/monika/c/marisa/body-def-1.png",".png","1280","850","28007","Useful for wardrobe/outfit variants in GUI."
"character_clothes_layers","c/marisa","Clothing layers and outfit variants","MAS/game/mod_assets/monika/c/marisa/body-leaning-def-0.png",".png","1280","850","99991","Useful for wardrobe/outfit variants in GUI."
"character_clothes_layers","c/marisa","Clothing layers and outfit variants","MAS/game/mod_assets/monika/c/marisa/body-leaning-def-1.png",".png","1280","850","21033","Useful for wardrobe/outfit variants in GUI."
"character_clothes_layers","c/mayjay_pink_kimono","Clothing layers and outfit variants","MAS/game/mod_assets/monika/c/mayjay_pink_kimono/arms-crossed-10.png",".png","1280","850","14134","Useful for wardrobe/outfit variants in GUI."
"character_clothes_layers","c/mayjay_pink_kimono","Clothing layers and outfit variants","MAS/game/mod_assets/monika/c/mayjay_pink_kimono/arms-crossed-5.png",".png","1280","850","148240","Useful for wardrobe/outfit variants in GUI."
"character_clothes_layers","c/mayjay_pink_kimono","Clothing layers and outfit variants","MAS/game/mod_assets/monika/c/mayjay_pink_kimono/arms-leaning-def-left-def-10.png",".png","1280","850","81674","Useful for wardrobe/outfit variants in GUI."
"character_clothes_layers","c/mayjay_pink_kimono","Clothing layers and outfit variants","MAS/game/mod_assets/monika/c/mayjay_pink_kimono/arms-leaning-def-right-def-10.png",".png","1280","850","46998","Useful for wardrobe/outfit variants in GUI."
"character_clothes_layers","c/mayjay_pink_kimono","Clothing layers and outfit variants","MAS/game/mod_assets/monika/c/mayjay_pink_kimono/arms-leaning-def-right-def-5.png",".png","1280","850","56512","Useful for wardrobe/outfit variants in GUI."
"character_clothes_layers","c/mayjay_pink_kimono","Clothing layers and outfit variants","MAS/game/mod_assets/monika/c/mayjay_pink_kimono/arms-left-down-0.png",".png","1280","850","57803","Useful for wardrobe/outfit variants in GUI."
"character_clothes_layers","c/mayjay_pink_kimono","Clothing layers and outfit variants","MAS/game/mod_assets/monika/c/mayjay_pink_kimono/arms-left-rest-10.png",".png","1280","850","89811","Useful for wardrobe/outfit variants in GUI."
"character_clothes_layers","c/mayjay_pink_kimono","Clothing layers and outfit variants","MAS/game/mod_assets/monika/c/mayjay_pink_kimono/arms-right-down-0.png",".png","1280","850","54626","Useful for wardrobe/outfit variants in GUI."
"character_clothes_layers","c/mayjay_pink_kimono","Clothing layers and outfit variants","MAS/game/mod_assets/monika/c/mayjay_pink_kimono/arms-right-point-0.png",".png","1280","850","88350","Useful for wardrobe/outfit variants in GUI."
"character_clothes_layers","c/mayjay_pink_kimono","Clothing layers and outfit variants","MAS/game/mod_assets/monika/c/mayjay_pink_kimono/arms-right-restpoint-10.png",".png","1280","850","90845","Useful for wardrobe/outfit variants in GUI."
"character_clothes_layers","c/mayjay_pink_kimono","Clothing layers and outfit variants","MAS/game/mod_assets/monika/c/mayjay_pink_kimono/arms-steepling-10.png",".png","1280","850","171379","Useful for wardrobe/outfit variants in GUI."
"character_clothes_layers","c/mayjay_pink_kimono","Clothing layers and outfit variants","MAS/game/mod_assets/monika/c/mayjay_pink_kimono/body-def-0.png",".png","1280","850","183191","Useful for wardrobe/outfit variants in GUI."
"character_clothes_layers","c/mayjay_pink_kimono","Clothing layers and outfit variants","MAS/game/mod_assets/monika/c/mayjay_pink_kimono/body-def-1.png",".png","1280","850","40893","Useful for wardrobe/outfit variants in GUI."
"character_clothes_layers","c/mayjay_pink_kimono","Clothing layers and outfit variants","MAS/game/mod_assets/monika/c/mayjay_pink_kimono/body-leaning-def-0.png",".png","1280","850","181017","Useful for wardrobe/outfit variants in GUI."
"character_clothes_layers","c/mayjay_pink_kimono","Clothing layers and outfit variants","MAS/game/mod_assets/monika/c/mayjay_pink_kimono/body-leaning-def-1.png",".png","1280","850","29903","Useful for wardrobe/outfit variants in GUI."
"character_clothes_layers","c/mocca_bun_blackandwhitestripedpullover","Clothing layers and outfit variants","MAS/game/mod_assets/monika/c/mocca_bun_blackandwhitestripedpullover/arms-crossed-5.png",".png","1280","850","44886","Useful for wardrobe/outfit variants in GUI."
"character_clothes_layers","c/mocca_bun_blackandwhitestripedpullover","Clothing layers and outfit variants","MAS/game/mod_assets/monika/c/mocca_bun_blackandwhitestripedpullover/arms-leaning-def-left-def-10.png",".png","1280","850","33741","Useful for wardrobe/outfit variants in GUI."
"character_clothes_layers","c/mocca_bun_blackandwhitestripedpullover","Clothing layers and outfit variants","MAS/game/mod_assets/monika/c/mocca_bun_blackandwhitestripedpullover/arms-leaning-def-right-def-5.png",".png","1280","850","24690","Useful for wardrobe/outfit variants in GUI."
"character_clothes_layers","c/mocca_bun_blackandwhitestripedpullover","Clothing layers and outfit variants","MAS/game/mod_assets/monika/c/mocca_bun_blackandwhitestripedpullover/arms-left-down-0.png",".png","1280","850","23310","Useful for wardrobe/outfit variants in GUI."
"character_clothes_layers","c/mocca_bun_blackandwhitestripedpullover","Clothing layers and outfit variants","MAS/game/mod_assets/monika/c/mocca_bun_blackandwhitestripedpullover/arms-left-down-5.png",".png","1280","850","6122","Useful for wardrobe/outfit variants in GUI."
"character_clothes_layers","c/mocca_bun_blackandwhitestripedpullover","Clothing layers and outfit variants","MAS/game/mod_assets/monika/c/mocca_bun_blackandwhitestripedpullover/arms-left-rest-10.png",".png","1280","850","22665","Useful for wardrobe/outfit variants in GUI."
"character_clothes_layers","c/mocca_bun_blackandwhitestripedpullover","Clothing layers and outfit variants","MAS/game/mod_assets/monika/c/mocca_bun_blackandwhitestripedpullover/arms-right-down-0.png",".png","1280","850","39494","Useful for wardrobe/outfit variants in GUI."
"character_clothes_layers","c/mocca_bun_blackandwhitestripedpullover","Clothing layers and outfit variants","MAS/game/mod_assets/monika/c/mocca_bun_blackandwhitestripedpullover/arms-right-down-5.png",".png","1280","850","21428","Useful for wardrobe/outfit variants in GUI."
"character_clothes_layers","c/mocca_bun_blackandwhitestripedpullover","Clothing layers and outfit variants","MAS/game/mod_assets/monika/c/mocca_bun_blackandwhitestripedpullover/arms-right-point-0.png",".png","1280","850","40344","Useful for wardrobe/outfit variants in GUI."
"character_clothes_layers","c/mocca_bun_blackandwhitestripedpullover","Clothing layers and outfit variants","MAS/game/mod_assets/monika/c/mocca_bun_blackandwhitestripedpullover/arms-right-restpoint-10.png",".png","1280","850","19774","Useful for wardrobe/outfit variants in GUI."
"character_clothes_layers","c/mocca_bun_blackandwhitestripedpullover","Clothing layers and outfit variants","MAS/game/mod_assets/monika/c/mocca_bun_blackandwhitestripedpullover/arms-steepling-10.png",".png","1280","850","37413","Useful for wardrobe/outfit variants in GUI."
"character_clothes_layers","c/mocca_bun_blackandwhitestripedpullover","Clothing layers and outfit variants","MAS/game/mod_assets/monika/c/mocca_bun_blackandwhitestripedpullover/body-def-0.png",".png","1280","850","69039","Useful for wardrobe/outfit variants in GUI."
"character_clothes_layers","c/mocca_bun_blackandwhitestripedpullover","Clothing layers and outfit variants","MAS/game/mod_assets/monika/c/mocca_bun_blackandwhitestripedpullover/body-def-1.png",".png","1280","850","25017","Useful for wardrobe/outfit variants in GUI."
"character_clothes_layers","c/mocca_bun_blackandwhitestripedpullover","Clothing layers and outfit variants","MAS/game/mod_assets/monika/c/mocca_bun_blackandwhitestripedpullover/body-leaning-def-0.png",".png","1280","850","53995","Useful for wardrobe/outfit variants in GUI."
"character_clothes_layers","c/mocca_bun_blackandwhitestripedpullover","Clothing layers and outfit variants","MAS/game/mod_assets/monika/c/mocca_bun_blackandwhitestripedpullover/body-leaning-def-1.png",".png","1280","850","14287","Useful for wardrobe/outfit variants in GUI."
"character_clothes_layers","c/multimokia_wine_asymmetrical_pullover","Clothing layers and outfit variants","MAS/game/mod_assets/monika/c/multimokia_wine_asymmetrical_pullover/arms-crossed-10.png",".png","1280","850","6029","Useful for wardrobe/outfit variants in GUI."
"character_clothes_layers","c/multimokia_wine_asymmetrical_pullover","Clothing layers and outfit variants","MAS/game/mod_assets/monika/c/multimokia_wine_asymmetrical_pullover/arms-crossed-5.png",".png","1280","850","130815","Useful for wardrobe/outfit variants in GUI."
"character_clothes_layers","c/multimokia_wine_asymmetrical_pullover","Clothing layers and outfit variants","MAS/game/mod_assets/monika/c/multimokia_wine_asymmetrical_pullover/arms-leaning-def-left-def-10.png",".png","1280","850","83464","Useful for wardrobe/outfit variants in GUI."
"character_clothes_layers","c/multimokia_wine_asymmetrical_pullover","Clothing layers and outfit variants","MAS/game/mod_assets/monika/c/multimokia_wine_asymmetrical_pullover/arms-leaning-def-right-def-10.png",".png","1280","850","45781","Useful for wardrobe/outfit variants in GUI."
"character_clothes_layers","c/multimokia_wine_asymmetrical_pullover","Clothing layers and outfit variants","MAS/game/mod_assets/monika/c/multimokia_wine_asymmetrical_pullover/arms-leaning-def-right-def-5.png",".png","1280","850","38291","Useful for wardrobe/outfit variants in GUI."
"character_clothes_layers","c/multimokia_wine_asymmetrical_pullover","Clothing layers and outfit variants","MAS/game/mod_assets/monika/c/multimokia_wine_asymmetrical_pullover/arms-left-down-0.png",".png","1280","850","50084","Useful for wardrobe/outfit variants in GUI."
"character_clothes_layers","c/multimokia_wine_asymmetrical_pullover","Clothing layers and outfit variants","MAS/game/mod_assets/monika/c/multimokia_wine_asymmetrical_pullover/arms-left-rest-10.png",".png","1280","850","82251","Useful for wardrobe/outfit variants in GUI."
"character_clothes_layers","c/multimokia_wine_asymmetrical_pullover","Clothing layers and outfit variants","MAS/game/mod_assets/monika/c/multimokia_wine_asymmetrical_pullover/arms-right-down-0.png",".png","1280","850","32707","Useful for wardrobe/outfit variants in GUI."
"character_clothes_layers","c/multimokia_wine_asymmetrical_pullover","Clothing layers and outfit variants","MAS/game/mod_assets/monika/c/multimokia_wine_asymmetrical_pullover/arms-right-point-0.png",".png","1280","850","63226","Useful for wardrobe/outfit variants in GUI."
"character_clothes_layers","c/multimokia_wine_asymmetrical_pullover","Clothing layers and outfit variants","MAS/game/mod_assets/monika/c/multimokia_wine_asymmetrical_pullover/arms-right-restpoint-10.png",".png","1280","850","66335","Useful for wardrobe/outfit variants in GUI."
"character_clothes_layers","c/multimokia_wine_asymmetrical_pullover","Clothing layers and outfit variants","MAS/game/mod_assets/monika/c/multimokia_wine_asymmetrical_pullover/arms-steepling-10.png",".png","1280","850","140265","Useful for wardrobe/outfit variants in GUI."
"character_clothes_layers","c/multimokia_wine_asymmetrical_pullover","Clothing layers and outfit variants","MAS/game/mod_assets/monika/c/multimokia_wine_asymmetrical_pullover/body-def-0.png",".png","1280","850","137376","Useful for wardrobe/outfit variants in GUI."
"character_clothes_layers","c/multimokia_wine_asymmetrical_pullover","Clothing layers and outfit variants","MAS/game/mod_assets/monika/c/multimokia_wine_asymmetrical_pullover/body-def-1.png",".png","1280","850","25966","Useful for wardrobe/outfit variants in GUI."
"character_clothes_layers","c/multimokia_wine_asymmetrical_pullover","Clothing layers and outfit variants","MAS/game/mod_assets/monika/c/multimokia_wine_asymmetrical_pullover/body-leaning-def-0.png",".png","1280","850","174710","Useful for wardrobe/outfit variants in GUI."
"character_clothes_layers","c/multimokia_wine_asymmetrical_pullover","Clothing layers and outfit variants","MAS/game/mod_assets/monika/c/multimokia_wine_asymmetrical_pullover/body-leaning-def-1.png",".png","1280","850","18138","Useful for wardrobe/outfit variants in GUI."
"character_clothes_layers","c/new_years_dress","Clothing layers and outfit variants","MAS/game/mod_assets/monika/c/new_years_dress/body-def-0.png",".png","1280","850","80684","Useful for wardrobe/outfit variants in GUI."
"character_clothes_layers","c/new_years_dress","Clothing layers and outfit variants","MAS/game/mod_assets/monika/c/new_years_dress/body-def-1.png",".png","1280","850","26023","Useful for wardrobe/outfit variants in GUI."
"character_clothes_layers","c/new_years_dress","Clothing layers and outfit variants","MAS/game/mod_assets/monika/c/new_years_dress/body-leaning-def-0.png",".png","1280","850","85193","Useful for wardrobe/outfit variants in GUI."
"character_clothes_layers","c/new_years_dress","Clothing layers and outfit variants","MAS/game/mod_assets/monika/c/new_years_dress/body-leaning-def-1.png",".png","1280","850","21587","Useful for wardrobe/outfit variants in GUI."
"character_clothes_layers","c/nou_shirt","Clothing layers and outfit variants","MAS/game/mod_assets/monika/c/nou_shirt/arms-crossed-10.png",".png","1280","850","10662","Useful for wardrobe/outfit variants in GUI."
"character_clothes_layers","c/nou_shirt","Clothing layers and outfit variants","MAS/game/mod_assets/monika/c/nou_shirt/arms-crossed-5.png",".png","1280","850","86566","Useful for wardrobe/outfit variants in GUI."
"character_clothes_layers","c/nou_shirt","Clothing layers and outfit variants","MAS/game/mod_assets/monika/c/nou_shirt/arms-leaning-def-left-def-10.png",".png","1280","850","37128","Useful for wardrobe/outfit variants in GUI."
"character_clothes_layers","c/nou_shirt","Clothing layers and outfit variants","MAS/game/mod_assets/monika/c/nou_shirt/arms-leaning-def-right-def-5.png",".png","1280","850","26071","Useful for wardrobe/outfit variants in GUI."
"character_clothes_layers","c/nou_shirt","Clothing layers and outfit variants","MAS/game/mod_assets/monika/c/nou_shirt/arms-left-down-0.png",".png","1280","850","57398","Useful for wardrobe/outfit variants in GUI."
"character_clothes_layers","c/nou_shirt","Clothing layers and outfit variants","MAS/game/mod_assets/monika/c/nou_shirt/arms-left-rest-10.png",".png","1280","850","38883","Useful for wardrobe/outfit variants in GUI."
"character_clothes_layers","c/nou_shirt","Clothing layers and outfit variants","MAS/game/mod_assets/monika/c/nou_shirt/arms-right-down-0.png",".png","1280","850","50897","Useful for wardrobe/outfit variants in GUI."
"character_clothes_layers","c/nou_shirt","Clothing layers and outfit variants","MAS/game/mod_assets/monika/c/nou_shirt/arms-right-point-0.png",".png","1280","850","45139","Useful for wardrobe/outfit variants in GUI."
"character_clothes_layers","c/nou_shirt","Clothing layers and outfit variants","MAS/game/mod_assets/monika/c/nou_shirt/arms-right-restpoint-10.png",".png","1280","850","35105","Useful for wardrobe/outfit variants in GUI."
"character_clothes_layers","c/nou_shirt","Clothing layers and outfit variants","MAS/game/mod_assets/monika/c/nou_shirt/arms-steepling-10.png",".png","1280","850","69709","Useful for wardrobe/outfit variants in GUI."
"character_clothes_layers","c/nou_shirt","Clothing layers and outfit variants","MAS/game/mod_assets/monika/c/nou_shirt/body-def-0.png",".png","1280","850","139983","Useful for wardrobe/outfit variants in GUI."
"character_clothes_layers","c/nou_shirt","Clothing layers and outfit variants","MAS/game/mod_assets/monika/c/nou_shirt/body-def-1.png",".png","1280","850","43850","Useful for wardrobe/outfit variants in GUI."
"character_clothes_layers","c/nou_shirt","Clothing layers and outfit variants","MAS/game/mod_assets/monika/c/nou_shirt/body-leaning-def-0.png",".png","1280","850","145154","Useful for wardrobe/outfit variants in GUI."
"character_clothes_layers","c/nou_shirt","Clothing layers and outfit variants","MAS/game/mod_assets/monika/c/nou_shirt/body-leaning-def-1.png",".png","1280","850","31128","Useful for wardrobe/outfit variants in GUI."
"character_clothes_layers","c/orcaramelo_bikini_shell","Clothing layers and outfit variants","MAS/game/mod_assets/monika/c/orcaramelo_bikini_shell/body-def-0.png",".png","1280","850","78944","Useful for wardrobe/outfit variants in GUI."
"character_clothes_layers","c/orcaramelo_bikini_shell","Clothing layers and outfit variants","MAS/game/mod_assets/monika/c/orcaramelo_bikini_shell/body-def-1.png",".png","1280","850","33859","Useful for wardrobe/outfit variants in GUI."
"character_clothes_layers","c/orcaramelo_bikini_shell","Clothing layers and outfit variants","MAS/game/mod_assets/monika/c/orcaramelo_bikini_shell/body-leaning-def-0.png",".png","1280","850","79495","Useful for wardrobe/outfit variants in GUI."
"character_clothes_layers","c/orcaramelo_bikini_shell","Clothing layers and outfit variants","MAS/game/mod_assets/monika/c/orcaramelo_bikini_shell/body-leaning-def-1.png",".png","1280","850","30131","Useful for wardrobe/outfit variants in GUI."
"character_clothes_layers","c/orcaramelo_hatsune_miku","Clothing layers and outfit variants","MAS/game/mod_assets/monika/c/orcaramelo_hatsune_miku/arms-crossed-10.png",".png","1280","850","12296","Useful for wardrobe/outfit variants in GUI."
"character_clothes_layers","c/orcaramelo_hatsune_miku","Clothing layers and outfit variants","MAS/game/mod_assets/monika/c/orcaramelo_hatsune_miku/arms-crossed-5.png",".png","1280","850","77311","Useful for wardrobe/outfit variants in GUI."
"character_clothes_layers","c/orcaramelo_hatsune_miku","Clothing layers and outfit variants","MAS/game/mod_assets/monika/c/orcaramelo_hatsune_miku/arms-leaning-def-left-def-10.png",".png","1280","850","42286","Useful for wardrobe/outfit variants in GUI."
"character_clothes_layers","c/orcaramelo_hatsune_miku","Clothing layers and outfit variants","MAS/game/mod_assets/monika/c/orcaramelo_hatsune_miku/arms-leaning-def-right-def-10.png",".png","1280","850","25409","Useful for wardrobe/outfit variants in GUI."
"character_clothes_layers","c/orcaramelo_hatsune_miku","Clothing layers and outfit variants","MAS/game/mod_assets/monika/c/orcaramelo_hatsune_miku/arms-leaning-def-right-def-5.png",".png","1280","850","42397","Useful for wardrobe/outfit variants in GUI."
"character_clothes_layers","c/orcaramelo_hatsune_miku","Clothing layers and outfit variants","MAS/game/mod_assets/monika/c/orcaramelo_hatsune_miku/arms-left-down-0.png",".png","1280","850","21692","Useful for wardrobe/outfit variants in GUI."
"character_clothes_layers","c/orcaramelo_hatsune_miku","Clothing layers and outfit variants","MAS/game/mod_assets/monika/c/orcaramelo_hatsune_miku/arms-left-rest-10.png",".png","1280","850","38185","Useful for wardrobe/outfit variants in GUI."
"character_clothes_layers","c/orcaramelo_hatsune_miku","Clothing layers and outfit variants","MAS/game/mod_assets/monika/c/orcaramelo_hatsune_miku/arms-right-down-0.png",".png","1280","850","22780","Useful for wardrobe/outfit variants in GUI."
"character_clothes_layers","c/orcaramelo_hatsune_miku","Clothing layers and outfit variants","MAS/game/mod_assets/monika/c/orcaramelo_hatsune_miku/arms-right-point-0.png",".png","1280","850","43495","Useful for wardrobe/outfit variants in GUI."
"character_clothes_layers","c/orcaramelo_hatsune_miku","Clothing layers and outfit variants","MAS/game/mod_assets/monika/c/orcaramelo_hatsune_miku/arms-right-restpoint-10.png",".png","1280","850","41299","Useful for wardrobe/outfit variants in GUI."
"character_clothes_layers","c/orcaramelo_hatsune_miku","Clothing layers and outfit variants","MAS/game/mod_assets/monika/c/orcaramelo_hatsune_miku/arms-steepling-10.png",".png","1280","850","64376","Useful for wardrobe/outfit variants in GUI."
"character_clothes_layers","c/orcaramelo_hatsune_miku","Clothing layers and outfit variants","MAS/game/mod_assets/monika/c/orcaramelo_hatsune_miku/body-def-0.png",".png","1280","850","159952","Useful for wardrobe/outfit variants in GUI."
"character_clothes_layers","c/orcaramelo_hatsune_miku","Clothing layers and outfit variants","MAS/game/mod_assets/monika/c/orcaramelo_hatsune_miku/body-def-1.png",".png","1280","850","31904","Useful for wardrobe/outfit variants in GUI."
"character_clothes_layers","c/orcaramelo_hatsune_miku","Clothing layers and outfit variants","MAS/game/mod_assets/monika/c/orcaramelo_hatsune_miku/body-leaning-def-0.png",".png","1280","850","152006","Useful for wardrobe/outfit variants in GUI."
"character_clothes_layers","c/orcaramelo_hatsune_miku","Clothing layers and outfit variants","MAS/game/mod_assets/monika/c/orcaramelo_hatsune_miku/body-leaning-def-1.png",".png","1280","850","26865","Useful for wardrobe/outfit variants in GUI."
"character_clothes_layers","c/orcaramelo_sakuya_izayoi","Clothing layers and outfit variants","MAS/game/mod_assets/monika/c/orcaramelo_sakuya_izayoi/arms-crossed-5.png",".png","1280","850","79550","Useful for wardrobe/outfit variants in GUI."
"character_clothes_layers","c/orcaramelo_sakuya_izayoi","Clothing layers and outfit variants","MAS/game/mod_assets/monika/c/orcaramelo_sakuya_izayoi/arms-leaning-def-left-def-10.png",".png","1280","850","32136","Useful for wardrobe/outfit variants in GUI."
"character_clothes_layers","c/orcaramelo_sakuya_izayoi","Clothing layers and outfit variants","MAS/game/mod_assets/monika/c/orcaramelo_sakuya_izayoi/arms-leaning-def-right-def-5.png",".png","1280","850","41707","Useful for wardrobe/outfit variants in GUI."
"character_clothes_layers","c/orcaramelo_sakuya_izayoi","Clothing layers and outfit variants","MAS/game/mod_assets/monika/c/orcaramelo_sakuya_izayoi/arms-left-down-0.png",".png","1280","850","49882","Useful for wardrobe/outfit variants in GUI."
"character_clothes_layers","c/orcaramelo_sakuya_izayoi","Clothing layers and outfit variants","MAS/game/mod_assets/monika/c/orcaramelo_sakuya_izayoi/arms-left-rest-10.png",".png","1280","850","36752","Useful for wardrobe/outfit variants in GUI."
"character_clothes_layers","c/orcaramelo_sakuya_izayoi","Clothing layers and outfit variants","MAS/game/mod_assets/monika/c/orcaramelo_sakuya_izayoi/arms-right-down-0.png",".png","1280","850","44959","Useful for wardrobe/outfit variants in GUI."
"character_clothes_layers","c/orcaramelo_sakuya_izayoi","Clothing layers and outfit variants","MAS/game/mod_assets/monika/c/orcaramelo_sakuya_izayoi/arms-right-point-0.png",".png","1280","850","35379","Useful for wardrobe/outfit variants in GUI."
"character_clothes_layers","c/orcaramelo_sakuya_izayoi","Clothing layers and outfit variants","MAS/game/mod_assets/monika/c/orcaramelo_sakuya_izayoi/arms-right-restpoint-10.png",".png","1280","850","30280","Useful for wardrobe/outfit variants in GUI."
"character_clothes_layers","c/orcaramelo_sakuya_izayoi","Clothing layers and outfit variants","MAS/game/mod_assets/monika/c/orcaramelo_sakuya_izayoi/arms-steepling-10.png",".png","1280","850","60395","Useful for wardrobe/outfit variants in GUI."
"character_clothes_layers","c/orcaramelo_sakuya_izayoi","Clothing layers and outfit variants","MAS/game/mod_assets/monika/c/orcaramelo_sakuya_izayoi/body-def-0.png",".png","1280","850","110017","Useful for wardrobe/outfit variants in GUI."
"character_clothes_layers","c/orcaramelo_sakuya_izayoi","Clothing layers and outfit variants","MAS/game/mod_assets/monika/c/orcaramelo_sakuya_izayoi/body-def-1.png",".png","1280","850","23883","Useful for wardrobe/outfit variants in GUI."
"character_clothes_layers","c/orcaramelo_sakuya_izayoi","Clothing layers and outfit variants","MAS/game/mod_assets/monika/c/orcaramelo_sakuya_izayoi/body-leaning-def-0.png",".png","1280","850","111861","Useful for wardrobe/outfit variants in GUI."
"character_clothes_layers","c/orcaramelo_sakuya_izayoi","Clothing layers and outfit variants","MAS/game/mod_assets/monika/c/orcaramelo_sakuya_izayoi/body-leaning-def-1.png",".png","1280","850","23558","Useful for wardrobe/outfit variants in GUI."
"character_clothes_layers","c/orcaramelo_sweater_shoulderless","Clothing layers and outfit variants","MAS/game/mod_assets/monika/c/orcaramelo_sweater_shoulderless/arms-crossed-10.png",".png","1280","850","7387","Useful for wardrobe/outfit variants in GUI."
"character_clothes_layers","c/orcaramelo_sweater_shoulderless","Clothing layers and outfit variants","MAS/game/mod_assets/monika/c/orcaramelo_sweater_shoulderless/arms-crossed-5.png",".png","1280","850","140276","Useful for wardrobe/outfit variants in GUI."
"character_clothes_layers","c/orcaramelo_sweater_shoulderless","Clothing layers and outfit variants","MAS/game/mod_assets/monika/c/orcaramelo_sweater_shoulderless/arms-leaning-def-left-def-10.png",".png","1280","850","78776","Useful for wardrobe/outfit variants in GUI."
"character_clothes_layers","c/orcaramelo_sweater_shoulderless","Clothing layers and outfit variants","MAS/game/mod_assets/monika/c/orcaramelo_sweater_shoulderless/arms-leaning-def-right-def-10.png",".png","1280","850","47781","Useful for wardrobe/outfit variants in GUI."
"character_clothes_layers","c/orcaramelo_sweater_shoulderless","Clothing layers and outfit variants","MAS/game/mod_assets/monika/c/orcaramelo_sweater_shoulderless/arms-leaning-def-right-def-5.png",".png","1280","850","71441","Useful for wardrobe/outfit variants in GUI."
"character_clothes_layers","c/orcaramelo_sweater_shoulderless","Clothing layers and outfit variants","MAS/game/mod_assets/monika/c/orcaramelo_sweater_shoulderless/arms-left-down-0.png",".png","1280","850","61251","Useful for wardrobe/outfit variants in GUI."
"character_clothes_layers","c/orcaramelo_sweater_shoulderless","Clothing layers and outfit variants","MAS/game/mod_assets/monika/c/orcaramelo_sweater_shoulderless/arms-left-rest-10.png",".png","1280","850","79414","Useful for wardrobe/outfit variants in GUI."
"character_clothes_layers","c/orcaramelo_sweater_shoulderless","Clothing layers and outfit variants","MAS/game/mod_assets/monika/c/orcaramelo_sweater_shoulderless/arms-right-down-0.png",".png","1280","850","59247","Useful for wardrobe/outfit variants in GUI."
"character_clothes_layers","c/orcaramelo_sweater_shoulderless","Clothing layers and outfit variants","MAS/game/mod_assets/monika/c/orcaramelo_sweater_shoulderless/arms-right-point-0.png",".png","1280","850","82353","Useful for wardrobe/outfit variants in GUI."
"character_clothes_layers","c/orcaramelo_sweater_shoulderless","Clothing layers and outfit variants","MAS/game/mod_assets/monika/c/orcaramelo_sweater_shoulderless/arms-right-restpoint-10.png",".png","1280","850","79128","Useful for wardrobe/outfit variants in GUI."
"character_clothes_layers","c/orcaramelo_sweater_shoulderless","Clothing layers and outfit variants","MAS/game/mod_assets/monika/c/orcaramelo_sweater_shoulderless/arms-steepling-10.png",".png","1280","850","143752","Useful for wardrobe/outfit variants in GUI."
"character_clothes_layers","c/orcaramelo_sweater_shoulderless","Clothing layers and outfit variants","MAS/game/mod_assets/monika/c/orcaramelo_sweater_shoulderless/body-def-0.png",".png","1280","850","140791","Useful for wardrobe/outfit variants in GUI."
"character_clothes_layers","c/orcaramelo_sweater_shoulderless","Clothing layers and outfit variants","MAS/game/mod_assets/monika/c/orcaramelo_sweater_shoulderless/body-def-1.png",".png","1280","850","42316","Useful for wardrobe/outfit variants in GUI."
"character_clothes_layers","c/orcaramelo_sweater_shoulderless","Clothing layers and outfit variants","MAS/game/mod_assets/monika/c/orcaramelo_sweater_shoulderless/body-leaning-def-0.png",".png","1280","850","114804","Useful for wardrobe/outfit variants in GUI."
"character_clothes_layers","c/orcaramelo_sweater_shoulderless","Clothing layers and outfit variants","MAS/game/mod_assets/monika/c/orcaramelo_sweater_shoulderless/body-leaning-def-1.png",".png","1280","850","30298","Useful for wardrobe/outfit variants in GUI."
"character_clothes_layers","c/rin","Clothing layers and outfit variants","MAS/game/mod_assets/monika/c/rin/arms-crossed-10.png",".png","1280","850","15127","Useful for wardrobe/outfit variants in GUI."
"character_clothes_layers","c/rin","Clothing layers and outfit variants","MAS/game/mod_assets/monika/c/rin/arms-crossed-5.png",".png","1280","850","173835","Useful for wardrobe/outfit variants in GUI."
"character_clothes_layers","c/rin","Clothing layers and outfit variants","MAS/game/mod_assets/monika/c/rin/arms-leaning-def-left-def-10.png",".png","1280","850","92071","Useful for wardrobe/outfit variants in GUI."
"character_clothes_layers","c/rin","Clothing layers and outfit variants","MAS/game/mod_assets/monika/c/rin/arms-leaning-def-right-def-10.png",".png","1280","850","48358","Useful for wardrobe/outfit variants in GUI."
"character_clothes_layers","c/rin","Clothing layers and outfit variants","MAS/game/mod_assets/monika/c/rin/arms-leaning-def-right-def-5.png",".png","1280","850","49554","Useful for wardrobe/outfit variants in GUI."
"character_clothes_layers","c/rin","Clothing layers and outfit variants","MAS/game/mod_assets/monika/c/rin/arms-left-down-0.png",".png","1280","850","53750","Useful for wardrobe/outfit variants in GUI."
"character_clothes_layers","c/rin","Clothing layers and outfit variants","MAS/game/mod_assets/monika/c/rin/arms-left-rest-10.png",".png","1280","850","88618","Useful for wardrobe/outfit variants in GUI."
"character_clothes_layers","c/rin","Clothing layers and outfit variants","MAS/game/mod_assets/monika/c/rin/arms-right-down-0.png",".png","1280","850","54739","Useful for wardrobe/outfit variants in GUI."
"character_clothes_layers","c/rin","Clothing layers and outfit variants","MAS/game/mod_assets/monika/c/rin/arms-right-point-0.png",".png","1280","850","99721","Useful for wardrobe/outfit variants in GUI."
"character_clothes_layers","c/rin","Clothing layers and outfit variants","MAS/game/mod_assets/monika/c/rin/arms-right-restpoint-10.png",".png","1280","850","117965","Useful for wardrobe/outfit variants in GUI."
"character_clothes_layers","c/rin","Clothing layers and outfit variants","MAS/game/mod_assets/monika/c/rin/arms-steepling-10.png",".png","1280","850","166757","Useful for wardrobe/outfit variants in GUI."
"character_clothes_layers","c/rin","Clothing layers and outfit variants","MAS/game/mod_assets/monika/c/rin/body-def-0.png",".png","1280","850","126545","Useful for wardrobe/outfit variants in GUI."
"character_clothes_layers","c/rin","Clothing layers and outfit variants","MAS/game/mod_assets/monika/c/rin/body-def-1.png",".png","1280","850","27295","Useful for wardrobe/outfit variants in GUI."
"character_clothes_layers","c/rin","Clothing layers and outfit variants","MAS/game/mod_assets/monika/c/rin/body-leaning-def-0.png",".png","1280","850","137213","Useful for wardrobe/outfit variants in GUI."
"character_clothes_layers","c/rin","Clothing layers and outfit variants","MAS/game/mod_assets/monika/c/rin/body-leaning-def-1.png",".png","1280","850","23058","Useful for wardrobe/outfit variants in GUI."
"character_clothes_layers","c/santa","Clothing layers and outfit variants","MAS/game/mod_assets/monika/c/santa/arms-crossed-10.png",".png","1280","850","7405","Useful for wardrobe/outfit variants in GUI."
"character_clothes_layers","c/santa","Clothing layers and outfit variants","MAS/game/mod_assets/monika/c/santa/arms-crossed-5.png",".png","1280","850","75193","Useful for wardrobe/outfit variants in GUI."
"character_clothes_layers","c/santa","Clothing layers and outfit variants","MAS/game/mod_assets/monika/c/santa/arms-leaning-def-left-def-10.png",".png","1280","850","49229","Useful for wardrobe/outfit variants in GUI."
"character_clothes_layers","c/santa","Clothing layers and outfit variants","MAS/game/mod_assets/monika/c/santa/arms-leaning-def-right-def-10.png",".png","1280","850","30272","Useful for wardrobe/outfit variants in GUI."
"character_clothes_layers","c/santa","Clothing layers and outfit variants","MAS/game/mod_assets/monika/c/santa/arms-leaning-def-right-def-5.png",".png","1280","850","49904","Useful for wardrobe/outfit variants in GUI."
"character_clothes_layers","c/santa","Clothing layers and outfit variants","MAS/game/mod_assets/monika/c/santa/arms-left-down-0.png",".png","1280","850","34487","Useful for wardrobe/outfit variants in GUI."
"character_clothes_layers","c/santa","Clothing layers and outfit variants","MAS/game/mod_assets/monika/c/santa/arms-left-rest-10.png",".png","1280","850","42511","Useful for wardrobe/outfit variants in GUI."
"character_clothes_layers","c/santa","Clothing layers and outfit variants","MAS/game/mod_assets/monika/c/santa/arms-right-down-0.png",".png","1280","850","37887","Useful for wardrobe/outfit variants in GUI."
"character_clothes_layers","c/santa","Clothing layers and outfit variants","MAS/game/mod_assets/monika/c/santa/arms-right-point-0.png",".png","1280","850","55205","Useful for wardrobe/outfit variants in GUI."
"character_clothes_layers","c/santa","Clothing layers and outfit variants","MAS/game/mod_assets/monika/c/santa/arms-right-restpoint-10.png",".png","1280","850","68813","Useful for wardrobe/outfit variants in GUI."
"character_clothes_layers","c/santa","Clothing layers and outfit variants","MAS/game/mod_assets/monika/c/santa/arms-steepling-10.png",".png","1280","850","71971","Useful for wardrobe/outfit variants in GUI."
"character_clothes_layers","c/santa","Clothing layers and outfit variants","MAS/game/mod_assets/monika/c/santa/body-def-0.png",".png","1280","850","118448","Useful for wardrobe/outfit variants in GUI."
"character_clothes_layers","c/santa","Clothing layers and outfit variants","MAS/game/mod_assets/monika/c/santa/body-def-1.png",".png","1280","850","22793","Useful for wardrobe/outfit variants in GUI."
"character_clothes_layers","c/santa","Clothing layers and outfit variants","MAS/game/mod_assets/monika/c/santa/body-leaning-def-0.png",".png","1280","850","111771","Useful for wardrobe/outfit variants in GUI."
"character_clothes_layers","c/santa","Clothing layers and outfit variants","MAS/game/mod_assets/monika/c/santa/body-leaning-def-1.png",".png","1280","850","22082","Useful for wardrobe/outfit variants in GUI."
"character_clothes_layers","c/santa_lingerie","Clothing layers and outfit variants","MAS/game/mod_assets/monika/c/santa_lingerie/body-def-0.png",".png","1280","850","71914","Useful for wardrobe/outfit variants in GUI."
"character_clothes_layers","c/santa_lingerie","Clothing layers and outfit variants","MAS/game/mod_assets/monika/c/santa_lingerie/body-def-1.png",".png","1280","850","28937","Useful for wardrobe/outfit variants in GUI."
"character_clothes_layers","c/santa_lingerie","Clothing layers and outfit variants","MAS/game/mod_assets/monika/c/santa_lingerie/body-leaning-def-0.png",".png","1280","850","72451","Useful for wardrobe/outfit variants in GUI."
"character_clothes_layers","c/santa_lingerie","Clothing layers and outfit variants","MAS/game/mod_assets/monika/c/santa_lingerie/body-leaning-def-1.png",".png","1280","850","21115","Useful for wardrobe/outfit variants in GUI."
"character_clothes_layers","c/spider_lingerie","Clothing layers and outfit variants","MAS/game/mod_assets/monika/c/spider_lingerie/arms-crossed-5.png",".png","1280","850","23916","Useful for wardrobe/outfit variants in GUI."
"character_clothes_layers","c/spider_lingerie","Clothing layers and outfit variants","MAS/game/mod_assets/monika/c/spider_lingerie/arms-leaning-def-left-def-10.png",".png","1280","850","14493","Useful for wardrobe/outfit variants in GUI."
"character_clothes_layers","c/spider_lingerie","Clothing layers and outfit variants","MAS/game/mod_assets/monika/c/spider_lingerie/arms-leaning-def-right-def-5.png",".png","1280","850","15376","Useful for wardrobe/outfit variants in GUI."
"character_clothes_layers","c/spider_lingerie","Clothing layers and outfit variants","MAS/game/mod_assets/monika/c/spider_lingerie/arms-left-down-0.png",".png","1280","850","14748","Useful for wardrobe/outfit variants in GUI."
"character_clothes_layers","c/spider_lingerie","Clothing layers and outfit variants","MAS/game/mod_assets/monika/c/spider_lingerie/arms-left-rest-10.png",".png","1280","850","14160","Useful for wardrobe/outfit variants in GUI."
"character_clothes_layers","c/spider_lingerie","Clothing layers and outfit variants","MAS/game/mod_assets/monika/c/spider_lingerie/arms-right-down-0.png",".png","1280","850","14109","Useful for wardrobe/outfit variants in GUI."
"character_clothes_layers","c/spider_lingerie","Clothing layers and outfit variants","MAS/game/mod_assets/monika/c/spider_lingerie/arms-right-point-0.png",".png","1280","850","21208","Useful for wardrobe/outfit variants in GUI."
"character_clothes_layers","c/spider_lingerie","Clothing layers and outfit variants","MAS/game/mod_assets/monika/c/spider_lingerie/arms-right-restpoint-10.png",".png","1280","850","13019","Useful for wardrobe/outfit variants in GUI."
"character_clothes_layers","c/spider_lingerie","Clothing layers and outfit variants","MAS/game/mod_assets/monika/c/spider_lingerie/arms-steepling-10.png",".png","1280","850","23341","Useful for wardrobe/outfit variants in GUI."
"character_clothes_layers","c/spider_lingerie","Clothing layers and outfit variants","MAS/game/mod_assets/monika/c/spider_lingerie/body-def-0.png",".png","1280","850","114482","Useful for wardrobe/outfit variants in GUI."
"character_clothes_layers","c/spider_lingerie","Clothing layers and outfit variants","MAS/game/mod_assets/monika/c/spider_lingerie/body-def-1.png",".png","1280","850","43290","Useful for wardrobe/outfit variants in GUI."
"character_clothes_layers","c/spider_lingerie","Clothing layers and outfit variants","MAS/game/mod_assets/monika/c/spider_lingerie/body-leaning-def-0.png",".png","1280","850","105030","Useful for wardrobe/outfit variants in GUI."
"character_clothes_layers","c/spider_lingerie","Clothing layers and outfit variants","MAS/game/mod_assets/monika/c/spider_lingerie/body-leaning-def-1.png",".png","1280","850","38089","Useful for wardrobe/outfit variants in GUI."
"character_clothes_layers","c/sundress_white","Clothing layers and outfit variants","MAS/game/mod_assets/monika/c/sundress_white/body-def-0.png",".png","1280","850","80307","Useful for wardrobe/outfit variants in GUI."
"character_clothes_layers","c/sundress_white","Clothing layers and outfit variants","MAS/game/mod_assets/monika/c/sundress_white/body-def-1.png",".png","1280","850","19917","Useful for wardrobe/outfit variants in GUI."
"character_clothes_layers","c/sundress_white","Clothing layers and outfit variants","MAS/game/mod_assets/monika/c/sundress_white/body-leaning-def-0.png",".png","1280","850","86240","Useful for wardrobe/outfit variants in GUI."
"character_clothes_layers","c/sundress_white","Clothing layers and outfit variants","MAS/game/mod_assets/monika/c/sundress_white/body-leaning-def-1.png",".png","1280","850","16173","Useful for wardrobe/outfit variants in GUI."
"character_clothes_layers","c/vday_lingerie","Clothing layers and outfit variants","MAS/game/mod_assets/monika/c/vday_lingerie/body-def-0.png",".png","1280","850","118220","Useful for wardrobe/outfit variants in GUI."
"character_clothes_layers","c/vday_lingerie","Clothing layers and outfit variants","MAS/game/mod_assets/monika/c/vday_lingerie/body-def-1.png",".png","1280","850","28465","Useful for wardrobe/outfit variants in GUI."
"character_clothes_layers","c/vday_lingerie","Clothing layers and outfit variants","MAS/game/mod_assets/monika/c/vday_lingerie/body-leaning-def-0.png",".png","1280","850","124909","Useful for wardrobe/outfit variants in GUI."
"character_clothes_layers","c/vday_lingerie","Clothing layers and outfit variants","MAS/game/mod_assets/monika/c/vday_lingerie/body-leaning-def-1.png",".png","1280","850","27377","Useful for wardrobe/outfit variants in GUI."
"character_clothes_layers","c/velius94_dress_whitenavyblue","Clothing layers and outfit variants","MAS/game/mod_assets/monika/c/velius94_dress_whitenavyblue/arms-crossed-5.png",".png","1280","850","47857","Useful for wardrobe/outfit variants in GUI."
"character_clothes_layers","c/velius94_dress_whitenavyblue","Clothing layers and outfit variants","MAS/game/mod_assets/monika/c/velius94_dress_whitenavyblue/arms-leaning-def-left-def-10.png",".png","1280","850","32199","Useful for wardrobe/outfit variants in GUI."
"character_clothes_layers","c/velius94_dress_whitenavyblue","Clothing layers and outfit variants","MAS/game/mod_assets/monika/c/velius94_dress_whitenavyblue/arms-leaning-def-right-def-5.png",".png","1280","850","26786","Useful for wardrobe/outfit variants in GUI."
"character_clothes_layers","c/velius94_dress_whitenavyblue","Clothing layers and outfit variants","MAS/game/mod_assets/monika/c/velius94_dress_whitenavyblue/arms-left-down-0.png",".png","1280","850","29851","Useful for wardrobe/outfit variants in GUI."
"character_clothes_layers","c/velius94_dress_whitenavyblue","Clothing layers and outfit variants","MAS/game/mod_assets/monika/c/velius94_dress_whitenavyblue/arms-left-rest-10.png",".png","1280","850","30090","Useful for wardrobe/outfit variants in GUI."
"character_clothes_layers","c/velius94_dress_whitenavyblue","Clothing layers and outfit variants","MAS/game/mod_assets/monika/c/velius94_dress_whitenavyblue/arms-right-down-0.png",".png","1280","850","27854","Useful for wardrobe/outfit variants in GUI."
"character_clothes_layers","c/velius94_dress_whitenavyblue","Clothing layers and outfit variants","MAS/game/mod_assets/monika/c/velius94_dress_whitenavyblue/arms-right-point-0.png",".png","1280","850","29085","Useful for wardrobe/outfit variants in GUI."
"character_clothes_layers","c/velius94_dress_whitenavyblue","Clothing layers and outfit variants","MAS/game/mod_assets/monika/c/velius94_dress_whitenavyblue/arms-right-restpoint-10.png",".png","1280","850","26823","Useful for wardrobe/outfit variants in GUI."
"character_clothes_layers","c/velius94_dress_whitenavyblue","Clothing layers and outfit variants","MAS/game/mod_assets/monika/c/velius94_dress_whitenavyblue/arms-steepling-10.png",".png","1280","850","47580","Useful for wardrobe/outfit variants in GUI."
"character_clothes_layers","c/velius94_dress_whitenavyblue","Clothing layers and outfit variants","MAS/game/mod_assets/monika/c/velius94_dress_whitenavyblue/body-def-0.png",".png","1280","850","73073","Useful for wardrobe/outfit variants in GUI."
"character_clothes_layers","c/velius94_dress_whitenavyblue","Clothing layers and outfit variants","MAS/game/mod_assets/monika/c/velius94_dress_whitenavyblue/body-def-1.png",".png","1280","850","24635","Useful for wardrobe/outfit variants in GUI."
"character_clothes_layers","c/velius94_dress_whitenavyblue","Clothing layers and outfit variants","MAS/game/mod_assets/monika/c/velius94_dress_whitenavyblue/body-leaning-def-0.png",".png","1280","850","71995","Useful for wardrobe/outfit variants in GUI."
"character_clothes_layers","c/velius94_dress_whitenavyblue","Clothing layers and outfit variants","MAS/game/mod_assets/monika/c/velius94_dress_whitenavyblue/body-leaning-def-1.png",".png","1280","850","20716","Useful for wardrobe/outfit variants in GUI."
"character_clothes_layers","c/velius94_shirt_pink","Clothing layers and outfit variants","MAS/game/mod_assets/monika/c/velius94_shirt_pink/body-def-0.png",".png","1280","850","53042","Useful for wardrobe/outfit variants in GUI."
"character_clothes_layers","c/velius94_shirt_pink","Clothing layers and outfit variants","MAS/game/mod_assets/monika/c/velius94_shirt_pink/body-def-1.png",".png","1280","850","20515","Useful for wardrobe/outfit variants in GUI."
"character_clothes_layers","c/velius94_shirt_pink","Clothing layers and outfit variants","MAS/game/mod_assets/monika/c/velius94_shirt_pink/body-leaning-def-0.png",".png","1280","850","49151","Useful for wardrobe/outfit variants in GUI."
"character_clothes_layers","c/velius94_shirt_pink","Clothing layers and outfit variants","MAS/game/mod_assets/monika/c/velius94_shirt_pink/body-leaning-def-1.png",".png","1280","850","17188","Useful for wardrobe/outfit variants in GUI."
"character_definition_json","j","Monika sprite/outfit/accessory metadata definitions","MAS/game/mod_assets/monika/j/anonymioo_acs_ribbon_bisexualpride.json",".json",,,"678","Use as reference for sprite renderer metadata; parse later if rebuilding layered Monika."
"character_definition_json","j","Monika sprite/outfit/accessory metadata definitions","MAS/game/mod_assets/monika/j/anonymioo_acs_ribbon_blackandwhite.json",".json",,,"694","Use as reference for sprite renderer metadata; parse later if rebuilding layered Monika."
"character_definition_json","j","Monika sprite/outfit/accessory metadata definitions","MAS/game/mod_assets/monika/j/anonymioo_acs_ribbon_bronze.json",".json",,,"524","Use as reference for sprite renderer metadata; parse later if rebuilding layered Monika."
"character_definition_json","j","Monika sprite/outfit/accessory metadata definitions","MAS/game/mod_assets/monika/j/anonymioo_acs_ribbon_brown.json",".json",,,"518","Use as reference for sprite renderer metadata; parse later if rebuilding layered Monika."
"character_definition_json","j","Monika sprite/outfit/accessory metadata definitions","MAS/game/mod_assets/monika/j/anonymioo_acs_ribbon_gradient.json",".json",,,"699","Use as reference for sprite renderer metadata; parse later if rebuilding layered Monika."
"character_definition_json","j","Monika sprite/outfit/accessory metadata definitions","MAS/game/mod_assets/monika/j/anonymioo_acs_ribbon_gradient_lowpoly.json",".json",,,"733","Use as reference for sprite renderer metadata; parse later if rebuilding layered Monika."
"character_definition_json","j","Monika sprite/outfit/accessory metadata definitions","MAS/game/mod_assets/monika/j/anonymioo_acs_ribbon_gradient_rainbow.json",".json",,,"761","Use as reference for sprite renderer metadata; parse later if rebuilding layered Monika."
"character_definition_json","j","Monika sprite/outfit/accessory metadata definitions","MAS/game/mod_assets/monika/j/anonymioo_acs_ribbon_polkadots_whiteonred.json",".json",,,"766","Use as reference for sprite renderer metadata; parse later if rebuilding layered Monika."
"character_definition_json","j","Monika sprite/outfit/accessory metadata definitions","MAS/game/mod_assets/monika/j/anonymioo_acs_ribbon_starsky_black.json",".json",,,"649","Use as reference for sprite renderer metadata; parse later if rebuilding layered Monika."
"character_definition_json","j","Monika sprite/outfit/accessory metadata definitions","MAS/game/mod_assets/monika/j/anonymioo_acs_ribbon_starsky_red.json",".json",,,"630","Use as reference for sprite renderer metadata; parse later if rebuilding layered Monika."
"character_definition_json","j","Monika sprite/outfit/accessory metadata definitions","MAS/game/mod_assets/monika/j/anonymioo_acs_ribbon_striped_blueandwhite.json",".json",,,"772","Use as reference for sprite renderer metadata; parse later if rebuilding layered Monika."
"character_definition_json","j","Monika sprite/outfit/accessory metadata definitions","MAS/game/mod_assets/monika/j/anonymioo_acs_ribbon_striped_pinkandwhite.json",".json",,,"772","Use as reference for sprite renderer metadata; parse later if rebuilding layered Monika."
"character_definition_json","j","Monika sprite/outfit/accessory metadata definitions","MAS/game/mod_assets/monika/j/anonymioo_acs_ribbon_transexualpride.json",".json",,,"695","Use as reference for sprite renderer metadata; parse later if rebuilding layered Monika."
"character_definition_json","j","Monika sprite/outfit/accessory metadata definitions","MAS/game/mod_assets/monika/j/bellmandi86_acs_hairclip_crescentmoon.json",".json",,,"779","Use as reference for sprite renderer metadata; parse later if rebuilding layered Monika."
"character_definition_json","j","Monika sprite/outfit/accessory metadata definitions","MAS/game/mod_assets/monika/j/bellmandi86_acs_hairclip_ghost.json",".json",,,"769","Use as reference for sprite renderer metadata; parse later if rebuilding layered Monika."
"character_definition_json","j","Monika sprite/outfit/accessory metadata definitions","MAS/game/mod_assets/monika/j/bellmandi86_acs_hairclip_pumpkin.json",".json",,,"881","Use as reference for sprite renderer metadata; parse later if rebuilding layered Monika."
"character_definition_json","j","Monika sprite/outfit/accessory metadata definitions","MAS/game/mod_assets/monika/j/bellmandi96_acs_hairclip_bat.json",".json",,,"748","Use as reference for sprite renderer metadata; parse later if rebuilding layered Monika."
"character_definition_json","j","Monika sprite/outfit/accessory metadata definitions","MAS/game/mod_assets/monika/j/briaryoung_acs_choker_chain_silver.json",".json",,,"651","Use as reference for sprite renderer metadata; parse later if rebuilding layered Monika."
"character_definition_json","j","Monika sprite/outfit/accessory metadata definitions","MAS/game/mod_assets/monika/j/briaryoung_acs_choker_daisy_white.json",".json",,,"646","Use as reference for sprite renderer metadata; parse later if rebuilding layered Monika."
"character_definition_json","j","Monika sprite/outfit/accessory metadata definitions","MAS/game/mod_assets/monika/j/briaryoung_acs_choker_emerald_green.json",".json",,,"656","Use as reference for sprite renderer metadata; parse later if rebuilding layered Monika."
"character_definition_json","j","Monika sprite/outfit/accessory metadata definitions","MAS/game/mod_assets/monika/j/briaryoung_acs_choker_glitter_bead_silver.json",".json",,,"685","Use as reference for sprite renderer metadata; parse later if rebuilding layered Monika."
"character_definition_json","j","Monika sprite/outfit/accessory metadata definitions","MAS/game/mod_assets/monika/j/briaryoung_acs_choker_ribbon_red.json",".json",,,"642","Use as reference for sprite renderer metadata; parse later if rebuilding layered Monika."
"character_definition_json","j","Monika sprite/outfit/accessory metadata definitions","MAS/game/mod_assets/monika/j/briaryoung_acs_choker_ruffles_red.json",".json",,,"646","Use as reference for sprite renderer metadata; parse later if rebuilding layered Monika."
"character_definition_json","j","Monika sprite/outfit/accessory metadata definitions","MAS/game/mod_assets/monika/j/briaryoung_acs_choker_silk_white.json",".json",,,"641","Use as reference for sprite renderer metadata; parse later if rebuilding layered Monika."
"character_definition_json","j","Monika sprite/outfit/accessory metadata definitions","MAS/game/mod_assets/monika/j/briaryoung_acs_choker_spiked_star.json",".json",,,"647","Use as reference for sprite renderer metadata; parse later if rebuilding layered Monika."
"character_definition_json","j","Monika sprite/outfit/accessory metadata definitions","MAS/game/mod_assets/monika/j/briaryoung_acs_choker_spiral_black.json",".json",,,"651","Use as reference for sprite renderer metadata; parse later if rebuilding layered Monika."
"character_definition_json","j","Monika sprite/outfit/accessory metadata definitions","MAS/game/mod_assets/monika/j/briaryoung_acs_choker_thread_ribbon.json",".json",,,"657","Use as reference for sprite renderer metadata; parse later if rebuilding layered Monika."
"character_definition_json","j","Monika sprite/outfit/accessory metadata definitions","MAS/game/mod_assets/monika/j/briaryoung_acs_front_bow_black.json",".json",,,"602","Use as reference for sprite renderer metadata; parse later if rebuilding layered Monika."
"character_definition_json","j","Monika sprite/outfit/accessory metadata definitions","MAS/game/mod_assets/monika/j/briaryoung_acs_mini_ribbon_black.json",".json",,,"632","Use as reference for sprite renderer metadata; parse later if rebuilding layered Monika."
"character_definition_json","j","Monika sprite/outfit/accessory metadata definitions","MAS/game/mod_assets/monika/j/briaryoung_acs_mini_ribbon_dark_pink.json",".json",,,"645","Use as reference for sprite renderer metadata; parse later if rebuilding layered Monika."
"character_definition_json","j","Monika sprite/outfit/accessory metadata definitions","MAS/game/mod_assets/monika/j/briaryoung_acs_mini_ribbon_gray.json",".json",,,"639","Use as reference for sprite renderer metadata; parse later if rebuilding layered Monika."
"character_definition_json","j","Monika sprite/outfit/accessory metadata definitions","MAS/game/mod_assets/monika/j/briaryoung_acs_mini_ribbon_orange.json",".json",,,"627","Use as reference for sprite renderer metadata; parse later if rebuilding layered Monika."
"character_definition_json","j","Monika sprite/outfit/accessory metadata definitions","MAS/game/mod_assets/monika/j/briaryoung_acs_mini_ribbon_pale_green.json",".json",,,"657","Use as reference for sprite renderer metadata; parse later if rebuilding layered Monika."
"character_definition_json","j","Monika sprite/outfit/accessory metadata definitions","MAS/game/mod_assets/monika/j/briaryoung_acs_mini_ribbon_pink.json",".json",,,"601","Use as reference for sprite renderer metadata; parse later if rebuilding layered Monika."
"character_definition_json","j","Monika sprite/outfit/accessory metadata definitions","MAS/game/mod_assets/monika/j/briaryoung_acs_mini_ribbon_purple.json",".json",,,"640","Use as reference for sprite renderer metadata; parse later if rebuilding layered Monika."
"character_definition_json","j","Monika sprite/outfit/accessory metadata definitions","MAS/game/mod_assets/monika/j/briaryoung_acs_mini_ribbon_red.json",".json",,,"595","Use as reference for sprite renderer metadata; parse later if rebuilding layered Monika."
"character_definition_json","j","Monika sprite/outfit/accessory metadata definitions","MAS/game/mod_assets/monika/j/briaryoung_acs_mini_ribbon_royal_blue.json",".json",,,"660","Use as reference for sprite renderer metadata; parse later if rebuilding layered Monika."
"character_definition_json","j","Monika sprite/outfit/accessory metadata definitions","MAS/game/mod_assets/monika/j/briaryoung_acs_mini_ribbon_sky_blue.json",".json",,,"637","Use as reference for sprite renderer metadata; parse later if rebuilding layered Monika."
"character_definition_json","j","Monika sprite/outfit/accessory metadata definitions","MAS/game/mod_assets/monika/j/briaryoung_acs_mini_ribbon_white.json",".json",,,"626","Use as reference for sprite renderer metadata; parse later if rebuilding layered Monika."
"character_definition_json","j","Monika sprite/outfit/accessory metadata definitions","MAS/game/mod_assets/monika/j/briaryoung_acs_mini_ribbon_yellow.json",".json",,,"625","Use as reference for sprite renderer metadata; parse later if rebuilding layered Monika."
"character_definition_json","j","Monika sprite/outfit/accessory metadata definitions","MAS/game/mod_assets/monika/j/briaryoung_bun_middle.json",".json",,,"428","Use as reference for sprite renderer metadata; parse later if rebuilding layered Monika."
"character_definition_json","j","Monika sprite/outfit/accessory metadata definitions","MAS/game/mod_assets/monika/j/briaryoung_clothes_bralette_red_ruffles.json",".json",,,"689","Use as reference for sprite renderer metadata; parse later if rebuilding layered Monika."
"character_definition_json","j","Monika sprite/outfit/accessory metadata definitions","MAS/game/mod_assets/monika/j/briaryoung_clothes_button_up_flowered.json",".json",,,"1677","Use as reference for sprite renderer metadata; parse later if rebuilding layered Monika."
"character_definition_json","j","Monika sprite/outfit/accessory metadata definitions","MAS/game/mod_assets/monika/j/briaryoung_clothes_dress_dark_blue_sparkle.json",".json",,,"716","Use as reference for sprite renderer metadata; parse later if rebuilding layered Monika."
"character_definition_json","j","Monika sprite/outfit/accessory metadata definitions","MAS/game/mod_assets/monika/j/briaryoung_clothes_heart_cut_bikini_black.json",".json",,,"680","Use as reference for sprite renderer metadata; parse later if rebuilding layered Monika."
"character_definition_json","j","Monika sprite/outfit/accessory metadata definitions","MAS/game/mod_assets/monika/j/briaryoung_clothes_heart_cut_bikini_green.json",".json",,,"680","Use as reference for sprite renderer metadata; parse later if rebuilding layered Monika."
"character_definition_json","j","Monika sprite/outfit/accessory metadata definitions","MAS/game/mod_assets/monika/j/briaryoung_clothes_heart_cut_bikini_pink.json",".json",,,"675","Use as reference for sprite renderer metadata; parse later if rebuilding layered Monika."
"character_definition_json","j","Monika sprite/outfit/accessory metadata definitions","MAS/game/mod_assets/monika/j/briaryoung_clothes_heart_cut_bikini_purple.json",".json",,,"685","Use as reference for sprite renderer metadata; parse later if rebuilding layered Monika."
"character_definition_json","j","Monika sprite/outfit/accessory metadata definitions","MAS/game/mod_assets/monika/j/briaryoung_clothes_heart_cut_bikini_white.json",".json",,,"680","Use as reference for sprite renderer metadata; parse later if rebuilding layered Monika."
"character_definition_json","j","Monika sprite/outfit/accessory metadata definitions","MAS/game/mod_assets/monika/j/briaryoung_clothes_heart_cut_bikini_yellow.json",".json",,,"685","Use as reference for sprite renderer metadata; parse later if rebuilding layered Monika."
"character_definition_json","j","Monika sprite/outfit/accessory metadata definitions","MAS/game/mod_assets/monika/j/briaryoung_clothes_shuchiin_academy_uniform.json",".json",,,"1625","Use as reference for sprite renderer metadata; parse later if rebuilding layered Monika."
"character_definition_json","j","Monika sprite/outfit/accessory metadata definitions","MAS/game/mod_assets/monika/j/briaryoung_clothes_sleeveless_turtleneck_black.json",".json",,,"674","Use as reference for sprite renderer metadata; parse later if rebuilding layered Monika."
"character_definition_json","j","Monika sprite/outfit/accessory metadata definitions","MAS/game/mod_assets/monika/j/briaryoung_clothes_tshirt_jurassic_park.json",".json",,,"1741","Use as reference for sprite renderer metadata; parse later if rebuilding layered Monika."
"character_definition_json","j","Monika sprite/outfit/accessory metadata definitions","MAS/game/mod_assets/monika/j/briaryoung_clothes_tshirt_jurassic_world.json",".json",,,"1662","Use as reference for sprite renderer metadata; parse later if rebuilding layered Monika."
"character_definition_json","j","Monika sprite/outfit/accessory metadata definitions","MAS/game/mod_assets/monika/j/briaryoung_clothes_vcut_crossed_straps_tanktop_white.json",".json",,,"734","Use as reference for sprite renderer metadata; parse later if rebuilding layered Monika."
"character_definition_json","j","Monika sprite/outfit/accessory metadata definitions","MAS/game/mod_assets/monika/j/briaryoung_hair_braid.json",".json",,,"454","Use as reference for sprite renderer metadata; parse later if rebuilding layered Monika."
"character_definition_json","j","Monika sprite/outfit/accessory metadata definitions","MAS/game/mod_assets/monika/j/briaryoung_hair_down_ponytail.json",".json",,,"530","Use as reference for sprite renderer metadata; parse later if rebuilding layered Monika."
"character_definition_json","j","Monika sprite/outfit/accessory metadata definitions","MAS/game/mod_assets/monika/j/briaryoung_hair_down_straight_bangs.json",".json",,,"545","Use as reference for sprite renderer metadata; parse later if rebuilding layered Monika."
"character_definition_json","j","Monika sprite/outfit/accessory metadata definitions","MAS/game/mod_assets/monika/j/briaryoung_hair_down_twin_buns.json",".json",,,"534","Use as reference for sprite renderer metadata; parse later if rebuilding layered Monika."
"character_definition_json","j","Monika sprite/outfit/accessory metadata definitions","MAS/game/mod_assets/monika/j/briaryoung_hair_down_with_bun.json",".json",,,"450","Use as reference for sprite renderer metadata; parse later if rebuilding layered Monika."
"character_definition_json","j","Monika sprite/outfit/accessory metadata definitions","MAS/game/mod_assets/monika/j/briaryoung_hair_low_bun.json",".json",,,"416","Use as reference for sprite renderer metadata; parse later if rebuilding layered Monika."
"character_definition_json","j","Monika sprite/outfit/accessory metadata definitions","MAS/game/mod_assets/monika/j/briaryoung_hair_pigtails.json",".json",,,"493","Use as reference for sprite renderer metadata; parse later if rebuilding layered Monika."
"character_definition_json","j","Monika sprite/outfit/accessory metadata definitions","MAS/game/mod_assets/monika/j/briaryoung_hair_ponytail_middle.json",".json",,,"496","Use as reference for sprite renderer metadata; parse later if rebuilding layered Monika."
"character_definition_json","j","Monika sprite/outfit/accessory metadata definitions","MAS/game/mod_assets/monika/j/briaryoung_hair_short.json",".json",,,"410","Use as reference for sprite renderer metadata; parse later if rebuilding layered Monika."
"character_definition_json","j","Monika sprite/outfit/accessory metadata definitions","MAS/game/mod_assets/monika/j/briaryoung_hair_twin_braids.json",".json",,,"505","Use as reference for sprite renderer metadata; parse later if rebuilding layered Monika."
"character_definition_json","j","Monika sprite/outfit/accessory metadata definitions","MAS/game/mod_assets/monika/j/briaryoung_hair_usagi_braided.json",".json",,,"515","Use as reference for sprite renderer metadata; parse later if rebuilding layered Monika."
"character_definition_json","j","Monika sprite/outfit/accessory metadata definitions","MAS/game/mod_assets/monika/j/briaryoung-acs-earrings-pearls.json",".json",,,"642","Use as reference for sprite renderer metadata; parse later if rebuilding layered Monika."
"character_definition_json","j","Monika sprite/outfit/accessory metadata definitions","MAS/game/mod_assets/monika/j/briaryoung-acs-earrings-piercings.json",".json",,,"685","Use as reference for sprite renderer metadata; parse later if rebuilding layered Monika."
"character_definition_json","j","Monika sprite/outfit/accessory metadata definitions","MAS/game/mod_assets/monika/j/echo_hair_downshort.json",".json",,,"448","Use as reference for sprite renderer metadata; parse later if rebuilding layered Monika."
"character_definition_json","j","Monika sprite/outfit/accessory metadata definitions","MAS/game/mod_assets/monika/j/echo_hair_ponytailshort.json",".json",,,"462","Use as reference for sprite renderer metadata; parse later if rebuilding layered Monika."
"character_definition_json","j","Monika sprite/outfit/accessory metadata definitions","MAS/game/mod_assets/monika/j/finale_clothes_green_dress.json",".json",,,"1670","Use as reference for sprite renderer metadata; parse later if rebuilding layered Monika."
"character_definition_json","j","Monika sprite/outfit/accessory metadata definitions","MAS/game/mod_assets/monika/j/finale_clothes_jacket_brown.json",".json",,,"1537","Use as reference for sprite renderer metadata; parse later if rebuilding layered Monika."
"character_definition_json","j","Monika sprite/outfit/accessory metadata definitions","MAS/game/mod_assets/monika/j/finale_clothes_putonahappyface_shirt.json",".json",,,"1711","Use as reference for sprite renderer metadata; parse later if rebuilding layered Monika."
"character_definition_json","j","Monika sprite/outfit/accessory metadata definitions","MAS/game/mod_assets/monika/j/finale_clothes_shirt_blue.json",".json",,,"1505","Use as reference for sprite renderer metadata; parse later if rebuilding layered Monika."
"character_definition_json","j","Monika sprite/outfit/accessory metadata definitions","MAS/game/mod_assets/monika/j/finale_clothes_shirt_resthere.json",".json",,,"1592","Use as reference for sprite renderer metadata; parse later if rebuilding layered Monika."
"character_definition_json","j","Monika sprite/outfit/accessory metadata definitions","MAS/game/mod_assets/monika/j/finale_clothes_sweatervest_blue.json",".json",,,"1565","Use as reference for sprite renderer metadata; parse later if rebuilding layered Monika."
"character_definition_json","j","Monika sprite/outfit/accessory metadata definitions","MAS/game/mod_assets/monika/j/finale_clothes_tanktop.json",".json",,,"604","Use as reference for sprite renderer metadata; parse later if rebuilding layered Monika."
"character_definition_json","j","Monika sprite/outfit/accessory metadata definitions","MAS/game/mod_assets/monika/j/finale_clothes_turtleneck_sweater_beige.json",".json",,,"1573","Use as reference for sprite renderer metadata; parse later if rebuilding layered Monika."
"character_definition_json","j","Monika sprite/outfit/accessory metadata definitions","MAS/game/mod_assets/monika/j/finale_hoodie_green.json",".json",,,"1511","Use as reference for sprite renderer metadata; parse later if rebuilding layered Monika."
"character_definition_json","j","Monika sprite/outfit/accessory metadata definitions","MAS/game/mod_assets/monika/j/hatana_clothes_yorha_2b_cosplay.json",".json",,,"1488","Use as reference for sprite renderer metadata; parse later if rebuilding layered Monika."
"character_definition_json","j","Monika sprite/outfit/accessory metadata definitions","MAS/game/mod_assets/monika/j/historyvariety_anchor_necklace.json",".json",,,"830","Use as reference for sprite renderer metadata; parse later if rebuilding layered Monika."
"character_definition_json","j","Monika sprite/outfit/accessory metadata definitions","MAS/game/mod_assets/monika/j/historyvariety_animalcrossing_necklace.json",".json",,,"811","Use as reference for sprite renderer metadata; parse later if rebuilding layered Monika."
"character_definition_json","j","Monika sprite/outfit/accessory metadata definitions","MAS/game/mod_assets/monika/j/historyvariety_cactus_necklace.json",".json",,,"773","Use as reference for sprite renderer metadata; parse later if rebuilding layered Monika."
"character_definition_json","j","Monika sprite/outfit/accessory metadata definitions","MAS/game/mod_assets/monika/j/historyvariety_goldchain_necklace.json",".json",,,"758","Use as reference for sprite renderer metadata; parse later if rebuilding layered Monika."
"character_definition_json","j","Monika sprite/outfit/accessory metadata definitions","MAS/game/mod_assets/monika/j/historyvariety_snailshell_necklace.json",".json",,,"774","Use as reference for sprite renderer metadata; parse later if rebuilding layered Monika."
"character_definition_json","j","Monika sprite/outfit/accessory metadata definitions","MAS/game/mod_assets/monika/j/historyvariety_star_necklace.json",".json",,,"747","Use as reference for sprite renderer metadata; parse later if rebuilding layered Monika."
"character_definition_json","j","Monika sprite/outfit/accessory metadata definitions","MAS/game/mod_assets/monika/j/historyvariety_sunflower_necklace.json",".json",,,"766","Use as reference for sprite renderer metadata; parse later if rebuilding layered Monika."
"character_definition_json","j","Monika sprite/outfit/accessory metadata definitions","MAS/game/mod_assets/monika/j/historyvariety_triforce_necklace.json",".json",,,"779","Use as reference for sprite renderer metadata; parse later if rebuilding layered Monika."
"character_definition_json","j","Monika sprite/outfit/accessory metadata definitions","MAS/game/mod_assets/monika/j/jmo_acs_hairclip_cherry.json",".json",,,"810","Use as reference for sprite renderer metadata; parse later if rebuilding layered Monika."
"character_definition_json","j","Monika sprite/outfit/accessory metadata definitions","MAS/game/mod_assets/monika/j/jmo_acs_hairclip_heart.json",".json",,,"785","Use as reference for sprite renderer metadata; parse later if rebuilding layered Monika."
"character_definition_json","j","Monika sprite/outfit/accessory metadata definitions","MAS/game/mod_assets/monika/j/jmo_acs_hairclip_musicnote.json",".json",,,"798","Use as reference for sprite renderer metadata; parse later if rebuilding layered Monika."
"character_definition_json","j","Monika sprite/outfit/accessory metadata definitions","MAS/game/mod_assets/monika/j/lanvallime_acs_ribbon_coffee.json",".json",,,"682","Use as reference for sprite renderer metadata; parse later if rebuilding layered Monika."
"character_definition_json","j","Monika sprite/outfit/accessory metadata definitions","MAS/game/mod_assets/monika/j/lanvallime_acs_ribbon_gold.json",".json",,,"649","Use as reference for sprite renderer metadata; parse later if rebuilding layered Monika."
"character_definition_json","j","Monika sprite/outfit/accessory metadata definitions","MAS/game/mod_assets/monika/j/lanvallime_acs_ribbon_hot_pink.json",".json",,,"649","Use as reference for sprite renderer metadata; parse later if rebuilding layered Monika."
"character_definition_json","j","Monika sprite/outfit/accessory metadata definitions","MAS/game/mod_assets/monika/j/lanvallime_acs_ribbon_lilac.json",".json",,,"658","Use as reference for sprite renderer metadata; parse later if rebuilding layered Monika."
"character_definition_json","j","Monika sprite/outfit/accessory metadata definitions","MAS/game/mod_assets/monika/j/lanvallime_acs_ribbon_lime_green.json",".json",,,"710","Use as reference for sprite renderer metadata; parse later if rebuilding layered Monika."
"character_definition_json","j","Monika sprite/outfit/accessory metadata definitions","MAS/game/mod_assets/monika/j/lanvallime_acs_ribbon_navy_blue.json",".json",,,"695","Use as reference for sprite renderer metadata; parse later if rebuilding layered Monika."
"character_definition_json","j","Monika sprite/outfit/accessory metadata definitions","MAS/game/mod_assets/monika/j/lanvallime_acs_ribbon_orange.json",".json",,,"679","Use as reference for sprite renderer metadata; parse later if rebuilding layered Monika."
"character_definition_json","j","Monika sprite/outfit/accessory metadata definitions","MAS/game/mod_assets/monika/j/lanvallime_acs_ribbon_royal_purple.json",".json",,,"696","Use as reference for sprite renderer metadata; parse later if rebuilding layered Monika."
"character_definition_json","j","Monika sprite/outfit/accessory metadata definitions","MAS/game/mod_assets/monika/j/lanvallime_acs_ribbon_sky_blue.json",".json",,,"759","Use as reference for sprite renderer metadata; parse later if rebuilding layered Monika."
"character_definition_json","j","Monika sprite/outfit/accessory metadata definitions","MAS/game/mod_assets/monika/j/mas_hair_bun.json",".json",,,"382","Use as reference for sprite renderer metadata; parse later if rebuilding layered Monika."
"character_definition_json","j","Monika sprite/outfit/accessory metadata definitions","MAS/game/mod_assets/monika/j/mayjay_clothes_pink_kimono.json",".json",,,"1653","Use as reference for sprite renderer metadata; parse later if rebuilding layered Monika."
"character_definition_json","j","Monika sprite/outfit/accessory metadata definitions","MAS/game/mod_assets/monika/j/mocca_bun_blackandwhitestripedpullover.json",".json",,,"1778","Use as reference for sprite renderer metadata; parse later if rebuilding layered Monika."
"character_definition_json","j","Monika sprite/outfit/accessory metadata definitions","MAS/game/mod_assets/monika/j/multimokia_acs_bow_black.json",".json",,,"759","Use as reference for sprite renderer metadata; parse later if rebuilding layered Monika."
"character_definition_json","j","Monika sprite/outfit/accessory metadata definitions","MAS/game/mod_assets/monika/j/multimokia_clothes_wine_asymmetrical_pullover.json",".json",,,"1850","Use as reference for sprite renderer metadata; parse later if rebuilding layered Monika."
"character_definition_json","j","Monika sprite/outfit/accessory metadata definitions","MAS/game/mod_assets/monika/j/orcaramelo_acs_hairflower_pink.json",".json",,,"634","Use as reference for sprite renderer metadata; parse later if rebuilding layered Monika."
"character_definition_json","j","Monika sprite/outfit/accessory metadata definitions","MAS/game/mod_assets/monika/j/orcaramelo_acs_sakuya_izayoi_headband.json",".json",,,"382","Use as reference for sprite renderer metadata; parse later if rebuilding layered Monika."
"character_definition_json","j","Monika sprite/outfit/accessory metadata definitions","MAS/game/mod_assets/monika/j/orcaramelo_acs_sakuya_izayoi_strandbow.json",".json",,,"388","Use as reference for sprite renderer metadata; parse later if rebuilding layered Monika."
"character_definition_json","j","Monika sprite/outfit/accessory metadata definitions","MAS/game/mod_assets/monika/j/orcaramelo_acs_twinribbon_blue.json",".json",,,"654","Use as reference for sprite renderer metadata; parse later if rebuilding layered Monika."
"character_definition_json","j","Monika sprite/outfit/accessory metadata definitions","MAS/game/mod_assets/monika/j/orcaramelo_acs_twinribbon_green.json",".json",,,"667","Use as reference for sprite renderer metadata; parse later if rebuilding layered Monika."
"character_definition_json","j","Monika sprite/outfit/accessory metadata definitions","MAS/game/mod_assets/monika/j/orcaramelo_acs_twinribbon_pink.json",".json",,,"678","Use as reference for sprite renderer metadata; parse later if rebuilding layered Monika."
"character_definition_json","j","Monika sprite/outfit/accessory metadata definitions","MAS/game/mod_assets/monika/j/orcaramelo_acs_twinribbon_yellow.json",".json",,,"673","Use as reference for sprite renderer metadata; parse later if rebuilding layered Monika."
"character_definition_json","j","Monika sprite/outfit/accessory metadata definitions","MAS/game/mod_assets/monika/j/orcaramelo_clothes_bikini_shell.json",".json",,,"685","Use as reference for sprite renderer metadata; parse later if rebuilding layered Monika."
"character_definition_json","j","Monika sprite/outfit/accessory metadata definitions","MAS/game/mod_assets/monika/j/orcaramelo_clothes_hatsune_miku.json",".json",,,"1685","Use as reference for sprite renderer metadata; parse later if rebuilding layered Monika."
"character_definition_json","j","Monika sprite/outfit/accessory metadata definitions","MAS/game/mod_assets/monika/j/orcaramelo_clothes_sakuya_izayoi.json",".json",,,"1693","Use as reference for sprite renderer metadata; parse later if rebuilding layered Monika."
"character_definition_json","j","Monika sprite/outfit/accessory metadata definitions","MAS/game/mod_assets/monika/j/orcaramelo_clothes_sweater_shoulderless.json",".json",,,"1619","Use as reference for sprite renderer metadata; parse later if rebuilding layered Monika."
"character_definition_json","j","Monika sprite/outfit/accessory metadata definitions","MAS/game/mod_assets/monika/j/orcaramelo_hair_bunbraid.json",".json",,,"521","Use as reference for sprite renderer metadata; parse later if rebuilding layered Monika."
"character_definition_json","j","Monika sprite/outfit/accessory metadata definitions","MAS/game/mod_assets/monika/j/orcaramelo_hair_ponytailbraid.json",".json",,,"520","Use as reference for sprite renderer metadata; parse later if rebuilding layered Monika."
"character_definition_json","j","Monika sprite/outfit/accessory metadata definitions","MAS/game/mod_assets/monika/j/orcaramelo_hair_twinbun.json",".json",,,"489","Use as reference for sprite renderer metadata; parse later if rebuilding layered Monika."
"character_definition_json","j","Monika sprite/outfit/accessory metadata definitions","MAS/game/mod_assets/monika/j/orcaramelo_hair_twintails.json",".json",,,"496","Use as reference for sprite renderer metadata; parse later if rebuilding layered Monika."
"character_definition_json","j","Monika sprite/outfit/accessory metadata definitions","MAS/game/mod_assets/monika/j/orcaramelo_hair_usagi.json",".json",,,"480","Use as reference for sprite renderer metadata; parse later if rebuilding layered Monika."
"character_definition_json","j","Monika sprite/outfit/accessory metadata definitions","MAS/game/mod_assets/monika/j/orcaramelo_hatsune_miku_headset.json",".json",,,"397","Use as reference for sprite renderer metadata; parse later if rebuilding layered Monika."
"character_definition_json","j","Monika sprite/outfit/accessory metadata definitions","MAS/game/mod_assets/monika/j/orcaramelo_hatsune_miku_twinsquares.json",".json",,,"530","Use as reference for sprite renderer metadata; parse later if rebuilding layered Monika."
"character_definition_json","j","Monika sprite/outfit/accessory metadata definitions","MAS/game/mod_assets/monika/j/retroadamshow_acs_bow_blue_retro.json",".json",,,"578","Use as reference for sprite renderer metadata; parse later if rebuilding layered Monika."
"character_definition_json","j","Monika sprite/outfit/accessory metadata definitions","MAS/game/mod_assets/monika/j/retroadamshow_acs_bow_emerald_retro.json",".json",,,"638","Use as reference for sprite renderer metadata; parse later if rebuilding layered Monika."
"character_definition_json","j","Monika sprite/outfit/accessory metadata definitions","MAS/game/mod_assets/monika/j/retroadamshow_acs_bow_retro.json",".json",,,"581","Use as reference for sprite renderer metadata; parse later if rebuilding layered Monika."
"character_definition_json","j","Monika sprite/outfit/accessory metadata definitions","MAS/game/mod_assets/monika/j/retroadamshow_acs_ribbon_amdek_amber_retro.json",".json",,,"615","Use as reference for sprite renderer metadata; parse later if rebuilding layered Monika."
"character_definition_json","j","Monika sprite/outfit/accessory metadata definitions","MAS/game/mod_assets/monika/j/retroadamshow_acs_ribbon_gb_green_retro.json",".json",,,"615","Use as reference for sprite renderer metadata; parse later if rebuilding layered Monika."
"character_definition_json","j","Monika sprite/outfit/accessory metadata definitions","MAS/game/mod_assets/monika/j/retroadamshow_acs_ribbon_purple_retro.json",".json",,,"593","Use as reference for sprite renderer metadata; parse later if rebuilding layered Monika."
"character_definition_json","j","Monika sprite/outfit/accessory metadata definitions","MAS/game/mod_assets/monika/j/retroadamshow_acs_ribbon_red_retro.json",".json",,,"575","Use as reference for sprite renderer metadata; parse later if rebuilding layered Monika."
"character_definition_json","j","Monika sprite/outfit/accessory metadata definitions","MAS/game/mod_assets/monika/j/retroadamshow_acs_ribbon_sgb_green_retro.json",".json",,,"636","Use as reference for sprite renderer metadata; parse later if rebuilding layered Monika."
"character_definition_json","j","Monika sprite/outfit/accessory metadata definitions","MAS/game/mod_assets/monika/j/sirnimblybottoms_acs_heart_choker.json",".json",,,"719","Use as reference for sprite renderer metadata; parse later if rebuilding layered Monika."
"character_definition_json","j","Monika sprite/outfit/accessory metadata definitions","MAS/game/mod_assets/monika/j/trilasent_acs_choker_flowered.json",".json",,,"635","Use as reference for sprite renderer metadata; parse later if rebuilding layered Monika."
"character_definition_json","j","Monika sprite/outfit/accessory metadata definitions","MAS/game/mod_assets/monika/j/trilasent_acs_choker_simple.json",".json",,,"616","Use as reference for sprite renderer metadata; parse later if rebuilding layered Monika."
"character_definition_json","j","Monika sprite/outfit/accessory metadata definitions","MAS/game/mod_assets/monika/j/velius94_acs_bunnyscrunchie_blue.json",".json",,,"621","Use as reference for sprite renderer metadata; parse later if rebuilding layered Monika."
"character_definition_json","j","Monika sprite/outfit/accessory metadata definitions","MAS/game/mod_assets/monika/j/velius94_acs_ribbon_black.json",".json",,,"568","Use as reference for sprite renderer metadata; parse later if rebuilding layered Monika."
"character_definition_json","j","Monika sprite/outfit/accessory metadata definitions","MAS/game/mod_assets/monika/j/velius94_acs_ribbon_blue.json",".json",,,"545","Use as reference for sprite renderer metadata; parse later if rebuilding layered Monika."
"character_definition_json","j","Monika sprite/outfit/accessory metadata definitions","MAS/game/mod_assets/monika/j/velius94_acs_ribbon_dark_purple.json",".json",,,"590","Use as reference for sprite renderer metadata; parse later if rebuilding layered Monika."
"character_definition_json","j","Monika sprite/outfit/accessory metadata definitions","MAS/game/mod_assets/monika/j/velius94_acs_ribbon_def.json",".json",,,"540","Use as reference for sprite renderer metadata; parse later if rebuilding layered Monika."
"character_definition_json","j","Monika sprite/outfit/accessory metadata definitions","MAS/game/mod_assets/monika/j/velius94_acs_ribbon_emerald.json",".json",,,"560","Use as reference for sprite renderer metadata; parse later if rebuilding layered Monika."
"character_definition_json","j","Monika sprite/outfit/accessory metadata definitions","MAS/game/mod_assets/monika/j/velius94_acs_ribbon_gray.json",".json",,,"561","Use as reference for sprite renderer metadata; parse later if rebuilding layered Monika."
"character_definition_json","j","Monika sprite/outfit/accessory metadata definitions","MAS/game/mod_assets/monika/j/velius94_acs_ribbon_green.json",".json",,,"552","Use as reference for sprite renderer metadata; parse later if rebuilding layered Monika."
"character_definition_json","j","Monika sprite/outfit/accessory metadata definitions","MAS/game/mod_assets/monika/j/velius94_acs_ribbon_light_purple.json",".json",,,"592","Use as reference for sprite renderer metadata; parse later if rebuilding layered Monika."
"character_definition_json","j","Monika sprite/outfit/accessory metadata definitions","MAS/game/mod_assets/monika/j/velius94_acs_ribbon_peach.json",".json",,,"553","Use as reference for sprite renderer metadata; parse later if rebuilding layered Monika."
"character_definition_json","j","Monika sprite/outfit/accessory metadata definitions","MAS/game/mod_assets/monika/j/velius94_acs_ribbon_pink.json",".json",,,"534","Use as reference for sprite renderer metadata; parse later if rebuilding layered Monika."
"character_definition_json","j","Monika sprite/outfit/accessory metadata definitions","MAS/game/mod_assets/monika/j/velius94_acs_ribbon_platinum.json",".json",,,"573","Use as reference for sprite renderer metadata; parse later if rebuilding layered Monika."
"character_definition_json","j","Monika sprite/outfit/accessory metadata definitions","MAS/game/mod_assets/monika/j/velius94_acs_ribbon_red.json",".json",,,"533","Use as reference for sprite renderer metadata; parse later if rebuilding layered Monika."
"character_definition_json","j","Monika sprite/outfit/accessory metadata definitions","MAS/game/mod_assets/monika/j/velius94_acs_ribbon_ruby.json",".json",,,"545","Use as reference for sprite renderer metadata; parse later if rebuilding layered Monika."
"character_definition_json","j","Monika sprite/outfit/accessory metadata definitions","MAS/game/mod_assets/monika/j/velius94_acs_ribbon_sapphire.json",".json",,,"564","Use as reference for sprite renderer metadata; parse later if rebuilding layered Monika."
"character_definition_json","j","Monika sprite/outfit/accessory metadata definitions","MAS/game/mod_assets/monika/j/velius94_acs_ribbon_silver.json",".json",,,"554","Use as reference for sprite renderer metadata; parse later if rebuilding layered Monika."
"character_definition_json","j","Monika sprite/outfit/accessory metadata definitions","MAS/game/mod_assets/monika/j/velius94_acs_ribbon_teal.json",".json",,,"545","Use as reference for sprite renderer metadata; parse later if rebuilding layered Monika."
"character_definition_json","j","Monika sprite/outfit/accessory metadata definitions","MAS/game/mod_assets/monika/j/velius94_acs_ribbon_wine.json",".json",,,"576","Use as reference for sprite renderer metadata; parse later if rebuilding layered Monika."
"character_definition_json","j","Monika sprite/outfit/accessory metadata definitions","MAS/game/mod_assets/monika/j/velius94_acs_ribbon_yellow.json",".json",,,"555","Use as reference for sprite renderer metadata; parse later if rebuilding layered Monika."
"character_definition_json","j","Monika sprite/outfit/accessory metadata definitions","MAS/game/mod_assets/monika/j/velius94_clothes_dress_whitenavyblue.json",".json",,,"1408","Use as reference for sprite renderer metadata; parse later if rebuilding layered Monika."
"character_definition_json","j","Monika sprite/outfit/accessory metadata definitions","MAS/game/mod_assets/monika/j/velius94_clothes_shirt_pink.json",".json",,,"573","Use as reference for sprite renderer metadata; parse later if rebuilding layered Monika."
"character_face_expression_layers","f","Expression and face layers","MAS/game/mod_assets/monika/f/face-blush-full.png",".png","1280","850","34696","High priority for emotion-to-expression mapping in GUI."
"character_face_expression_layers","f","Expression and face layers","MAS/game/mod_assets/monika/f/face-blush-lines.png",".png","1280","850","19841","High priority for emotion-to-expression mapping in GUI."
"character_face_expression_layers","f","Expression and face layers","MAS/game/mod_assets/monika/f/face-blush-shade.png",".png","1280","850","32711","High priority for emotion-to-expression mapping in GUI."
"character_face_expression_layers","f","Expression and face layers","MAS/game/mod_assets/monika/f/face-emote-confuse.png",".png","1280","850","15023","High priority for emotion-to-expression mapping in GUI."
"character_face_expression_layers","f","Expression and face layers","MAS/game/mod_assets/monika/f/face-eyebags-def.png",".png","1280","850","12764","High priority for emotion-to-expression mapping in GUI."
"character_face_expression_layers","f","Expression and face layers","MAS/game/mod_assets/monika/f/face-eyebrows-furrowed.png",".png","1280","850","7434","High priority for emotion-to-expression mapping in GUI."
"character_face_expression_layers","f","Expression and face layers","MAS/game/mod_assets/monika/f/face-eyebrows-knit.png",".png","1280","850","7581","High priority for emotion-to-expression mapping in GUI."
"character_face_expression_layers","f","Expression and face layers","MAS/game/mod_assets/monika/f/face-eyebrows-mid.png",".png","1280","850","6824","High priority for emotion-to-expression mapping in GUI."
"character_face_expression_layers","f","Expression and face layers","MAS/game/mod_assets/monika/f/face-eyebrows-think.png",".png","1280","850","7358","High priority for emotion-to-expression mapping in GUI."
"character_face_expression_layers","f","Expression and face layers","MAS/game/mod_assets/monika/f/face-eyebrows-up.png",".png","1280","850","7253","High priority for emotion-to-expression mapping in GUI."
"character_face_expression_layers","f","Expression and face layers","MAS/game/mod_assets/monika/f/face-eyes-closedhappy.png",".png","1280","850","8781","High priority for emotion-to-expression mapping in GUI."
"character_face_expression_layers","f","Expression and face layers","MAS/game/mod_assets/monika/f/face-eyes-closedsad.png",".png","1280","850","8114","High priority for emotion-to-expression mapping in GUI."
"character_face_expression_layers","f","Expression and face layers","MAS/game/mod_assets/monika/f/face-eyes-crazy.png",".png","1280","850","18671","High priority for emotion-to-expression mapping in GUI."
"character_face_expression_layers","f","Expression and face layers","MAS/game/mod_assets/monika/f/face-eyes-left.png",".png","1280","850","18909","High priority for emotion-to-expression mapping in GUI."
"character_face_expression_layers","f","Expression and face layers","MAS/game/mod_assets/monika/f/face-eyes-normal.png",".png","1280","850","16567","High priority for emotion-to-expression mapping in GUI."
"character_face_expression_layers","f","Expression and face layers","MAS/game/mod_assets/monika/f/face-eyes-right.png",".png","1280","850","16678","High priority for emotion-to-expression mapping in GUI."
"character_face_expression_layers","f","Expression and face layers","MAS/game/mod_assets/monika/f/face-eyes-smug.png",".png","1280","850","14402","High priority for emotion-to-expression mapping in GUI."
"character_face_expression_layers","f","Expression and face layers","MAS/game/mod_assets/monika/f/face-eyes-smugleft.png",".png","1280","850","15571","High priority for emotion-to-expression mapping in GUI."
"character_face_expression_layers","f","Expression and face layers","MAS/game/mod_assets/monika/f/face-eyes-smugright.png",".png","1280","850","15764","High priority for emotion-to-expression mapping in GUI."
"character_face_expression_layers","f","Expression and face layers","MAS/game/mod_assets/monika/f/face-eyes-soft.png",".png","1280","850","17815","High priority for emotion-to-expression mapping in GUI."
"character_face_expression_layers","f","Expression and face layers","MAS/game/mod_assets/monika/f/face-eyes-sparkle.png",".png","1280","850","18357","High priority for emotion-to-expression mapping in GUI."
"character_face_expression_layers","f","Expression and face layers","MAS/game/mod_assets/monika/f/face-eyes-wide.png",".png","1280","850","18208","High priority for emotion-to-expression mapping in GUI."
"character_face_expression_layers","f","Expression and face layers","MAS/game/mod_assets/monika/f/face-eyes-winkleft.png",".png","1280","850","12755","High priority for emotion-to-expression mapping in GUI."
"character_face_expression_layers","f","Expression and face layers","MAS/game/mod_assets/monika/f/face-eyes-winkright.png",".png","1280","850","12655","High priority for emotion-to-expression mapping in GUI."
"character_face_expression_layers","f","Expression and face layers","MAS/game/mod_assets/monika/f/face-leaning-def-blush-full.png",".png","1280","850","35941","High priority for emotion-to-expression mapping in GUI."
"character_face_expression_layers","f","Expression and face layers","MAS/game/mod_assets/monika/f/face-leaning-def-blush-lines.png",".png","1280","850","21004","High priority for emotion-to-expression mapping in GUI."
"character_face_expression_layers","f","Expression and face layers","MAS/game/mod_assets/monika/f/face-leaning-def-blush-shade.png",".png","1280","850","32903","High priority for emotion-to-expression mapping in GUI."
"character_face_expression_layers","f","Expression and face layers","MAS/game/mod_assets/monika/f/face-leaning-def-emote-confuse.png",".png","1280","850","10512","High priority for emotion-to-expression mapping in GUI."
"character_face_expression_layers","f","Expression and face layers","MAS/game/mod_assets/monika/f/face-leaning-def-eyebags-def.png",".png","1280","850","10276","High priority for emotion-to-expression mapping in GUI."
"character_face_expression_layers","f","Expression and face layers","MAS/game/mod_assets/monika/f/face-leaning-def-eyebrows-furrowed.png",".png","1280","850","7617","High priority for emotion-to-expression mapping in GUI."
"character_face_expression_layers","f","Expression and face layers","MAS/game/mod_assets/monika/f/face-leaning-def-eyebrows-knit.png",".png","1280","850","7679","High priority for emotion-to-expression mapping in GUI."
"character_face_expression_layers","f","Expression and face layers","MAS/game/mod_assets/monika/f/face-leaning-def-eyebrows-mid.png",".png","1280","850","7447","High priority for emotion-to-expression mapping in GUI."
"character_face_expression_layers","f","Expression and face layers","MAS/game/mod_assets/monika/f/face-leaning-def-eyebrows-think.png",".png","1280","850","7684","High priority for emotion-to-expression mapping in GUI."
"character_face_expression_layers","f","Expression and face layers","MAS/game/mod_assets/monika/f/face-leaning-def-eyebrows-up.png",".png","1280","850","7738","High priority for emotion-to-expression mapping in GUI."
"character_face_expression_layers","f","Expression and face layers","MAS/game/mod_assets/monika/f/face-leaning-def-eyes-closedhappy.png",".png","1280","850","9299","High priority for emotion-to-expression mapping in GUI."
"character_face_expression_layers","f","Expression and face layers","MAS/game/mod_assets/monika/f/face-leaning-def-eyes-closedsad.png",".png","1280","850","8577","High priority for emotion-to-expression mapping in GUI."
"character_face_expression_layers","f","Expression and face layers","MAS/game/mod_assets/monika/f/face-leaning-def-eyes-crazy.png",".png","1280","850","19603","High priority for emotion-to-expression mapping in GUI."
"character_face_expression_layers","f","Expression and face layers","MAS/game/mod_assets/monika/f/face-leaning-def-eyes-left.png",".png","1280","850","21499","High priority for emotion-to-expression mapping in GUI."
"character_face_expression_layers","f","Expression and face layers","MAS/game/mod_assets/monika/f/face-leaning-def-eyes-normal.png",".png","1280","850","17032","High priority for emotion-to-expression mapping in GUI."
"character_face_expression_layers","f","Expression and face layers","MAS/game/mod_assets/monika/f/face-leaning-def-eyes-right.png",".png","1280","850","17225","High priority for emotion-to-expression mapping in GUI."
"character_face_expression_layers","f","Expression and face layers","MAS/game/mod_assets/monika/f/face-leaning-def-eyes-smug.png",".png","1280","850","15328","High priority for emotion-to-expression mapping in GUI."
"character_face_expression_layers","f","Expression and face layers","MAS/game/mod_assets/monika/f/face-leaning-def-eyes-smugleft.png",".png","1280","850","41973","High priority for emotion-to-expression mapping in GUI."
"character_face_expression_layers","f","Expression and face layers","MAS/game/mod_assets/monika/f/face-leaning-def-eyes-smugright.png",".png","1280","850","31882","High priority for emotion-to-expression mapping in GUI."
"character_face_expression_layers","f","Expression and face layers","MAS/game/mod_assets/monika/f/face-leaning-def-eyes-soft.png",".png","1280","850","18696","High priority for emotion-to-expression mapping in GUI."
"character_face_expression_layers","f","Expression and face layers","MAS/game/mod_assets/monika/f/face-leaning-def-eyes-sparkle.png",".png","1280","850","18742","High priority for emotion-to-expression mapping in GUI."
"character_face_expression_layers","f","Expression and face layers","MAS/game/mod_assets/monika/f/face-leaning-def-eyes-wide.png",".png","1280","850","18642","High priority for emotion-to-expression mapping in GUI."
"character_face_expression_layers","f","Expression and face layers","MAS/game/mod_assets/monika/f/face-leaning-def-eyes-winkleft.png",".png","1280","850","13097","High priority for emotion-to-expression mapping in GUI."
"character_face_expression_layers","f","Expression and face layers","MAS/game/mod_assets/monika/f/face-leaning-def-eyes-winkright.png",".png","1280","850","12977","High priority for emotion-to-expression mapping in GUI."
"character_face_expression_layers","f","Expression and face layers","MAS/game/mod_assets/monika/f/face-leaning-def-mouth-angry.png",".png","1280","850","7270","High priority for emotion-to-expression mapping in GUI."
"character_face_expression_layers","f","Expression and face layers","MAS/game/mod_assets/monika/f/face-leaning-def-mouth-big.png",".png","1280","850","7423","High priority for emotion-to-expression mapping in GUI."
"character_face_expression_layers","f","Expression and face layers","MAS/game/mod_assets/monika/f/face-leaning-def-mouth-disgust.png",".png","1280","850","12083","High priority for emotion-to-expression mapping in GUI."
"character_face_expression_layers","f","Expression and face layers","MAS/game/mod_assets/monika/f/face-leaning-def-mouth-gasp.png",".png","1280","850","7244","High priority for emotion-to-expression mapping in GUI."
"character_face_expression_layers","f","Expression and face layers","MAS/game/mod_assets/monika/f/face-leaning-def-mouth-pout.png",".png","1280","850","7426","High priority for emotion-to-expression mapping in GUI."
"character_face_expression_layers","f","Expression and face layers","MAS/game/mod_assets/monika/f/face-leaning-def-mouth-small.png",".png","1280","850","6569","High priority for emotion-to-expression mapping in GUI."
"character_face_expression_layers","f","Expression and face layers","MAS/game/mod_assets/monika/f/face-leaning-def-mouth-smile.png",".png","1280","850","5917","High priority for emotion-to-expression mapping in GUI."
"character_face_expression_layers","f","Expression and face layers","MAS/game/mod_assets/monika/f/face-leaning-def-mouth-smirk.png",".png","1280","850","5528","High priority for emotion-to-expression mapping in GUI."
"character_face_expression_layers","f","Expression and face layers","MAS/game/mod_assets/monika/f/face-leaning-def-mouth-smug.png",".png","1280","850","5862","High priority for emotion-to-expression mapping in GUI."
"character_face_expression_layers","f","Expression and face layers","MAS/game/mod_assets/monika/f/face-leaning-def-mouth-triangle.png",".png","1280","850","5368","High priority for emotion-to-expression mapping in GUI."
"character_face_expression_layers","f","Expression and face layers","MAS/game/mod_assets/monika/f/face-leaning-def-mouth-wide.png",".png","1280","850","8352","High priority for emotion-to-expression mapping in GUI."
"character_face_expression_layers","f","Expression and face layers","MAS/game/mod_assets/monika/f/face-leaning-def-nose-def.png",".png","1280","850","5610","High priority for emotion-to-expression mapping in GUI."
"character_face_expression_layers","f","Expression and face layers","MAS/game/mod_assets/monika/f/face-leaning-def-sweatdrop-def.png",".png","1280","850","5222","High priority for emotion-to-expression mapping in GUI."
"character_face_expression_layers","f","Expression and face layers","MAS/game/mod_assets/monika/f/face-leaning-def-sweatdrop-right.png",".png","1280","850","5238","High priority for emotion-to-expression mapping in GUI."
"character_face_expression_layers","f","Expression and face layers","MAS/game/mod_assets/monika/f/face-leaning-def-tears-dried.png",".png","1280","850","8932","High priority for emotion-to-expression mapping in GUI."
"character_face_expression_layers","f","Expression and face layers","MAS/game/mod_assets/monika/f/face-leaning-def-tears-pooled.png",".png","1280","850","6336","High priority for emotion-to-expression mapping in GUI."
"character_face_expression_layers","f","Expression and face layers","MAS/game/mod_assets/monika/f/face-leaning-def-tears-pooledclosedhappy.png",".png","1280","850","6378","High priority for emotion-to-expression mapping in GUI."
"character_face_expression_layers","f","Expression and face layers","MAS/game/mod_assets/monika/f/face-leaning-def-tears-streaming.png",".png","1280","850","12684","High priority for emotion-to-expression mapping in GUI."
"character_face_expression_layers","f","Expression and face layers","MAS/game/mod_assets/monika/f/face-leaning-def-tears-streamingclosedhappy.png",".png","1280","850","15725","High priority for emotion-to-expression mapping in GUI."
"character_face_expression_layers","f","Expression and face layers","MAS/game/mod_assets/monika/f/face-leaning-def-tears-streamingclosedsad.png",".png","1280","850","15100","High priority for emotion-to-expression mapping in GUI."
"character_face_expression_layers","f","Expression and face layers","MAS/game/mod_assets/monika/f/face-leaning-def-tears-streamingwinkleft.png",".png","1280","850","15793","High priority for emotion-to-expression mapping in GUI."
"character_face_expression_layers","f","Expression and face layers","MAS/game/mod_assets/monika/f/face-leaning-def-tears-streamingwinkright.png",".png","1280","850","15541","High priority for emotion-to-expression mapping in GUI."
"character_face_expression_layers","f","Expression and face layers","MAS/game/mod_assets/monika/f/face-leaning-def-tears-up.png",".png","1280","850","9889","High priority for emotion-to-expression mapping in GUI."
"character_face_expression_layers","f","Expression and face layers","MAS/game/mod_assets/monika/f/face-leaning-def-tears-upclosedhappy.png",".png","1280","850","9521","High priority for emotion-to-expression mapping in GUI."
"character_face_expression_layers","f","Expression and face layers","MAS/game/mod_assets/monika/f/face-leaning-def-tears-upclosedsad.png",".png","1280","850","9759","High priority for emotion-to-expression mapping in GUI."
"character_face_expression_layers","f","Expression and face layers","MAS/game/mod_assets/monika/f/face-leaning-def-tears-upwinkleft.png",".png","1280","850","9575","High priority for emotion-to-expression mapping in GUI."
"character_face_expression_layers","f","Expression and face layers","MAS/game/mod_assets/monika/f/face-leaning-def-tears-upwinkright.png",".png","1280","850","9788","High priority for emotion-to-expression mapping in GUI."
"character_face_expression_layers","f","Expression and face layers","MAS/game/mod_assets/monika/f/face-mouth-angry.png",".png","1280","850","6363","High priority for emotion-to-expression mapping in GUI."
"character_face_expression_layers","f","Expression and face layers","MAS/game/mod_assets/monika/f/face-mouth-big.png",".png","1280","850","6781","High priority for emotion-to-expression mapping in GUI."
"character_face_expression_layers","f","Expression and face layers","MAS/game/mod_assets/monika/f/face-mouth-gasp.png",".png","1280","850","6695","High priority for emotion-to-expression mapping in GUI."
"character_face_expression_layers","f","Expression and face layers","MAS/game/mod_assets/monika/f/face-mouth-pout.png",".png","1280","850","7112","High priority for emotion-to-expression mapping in GUI."
"character_face_expression_layers","f","Expression and face layers","MAS/game/mod_assets/monika/f/face-mouth-small.png",".png","1280","850","5952","High priority for emotion-to-expression mapping in GUI."
"character_face_expression_layers","f","Expression and face layers","MAS/game/mod_assets/monika/f/face-mouth-smile.png",".png","1280","850","5398","High priority for emotion-to-expression mapping in GUI."
"character_face_expression_layers","f","Expression and face layers","MAS/game/mod_assets/monika/f/face-mouth-smirk.png",".png","1280","850","4978","High priority for emotion-to-expression mapping in GUI."
"character_face_expression_layers","f","Expression and face layers","MAS/game/mod_assets/monika/f/face-mouth-smug.png",".png","1280","850","5387","High priority for emotion-to-expression mapping in GUI."
"character_face_expression_layers","f","Expression and face layers","MAS/game/mod_assets/monika/f/face-mouth-triangle.png",".png","1280","850","4903","High priority for emotion-to-expression mapping in GUI."
"character_face_expression_layers","f","Expression and face layers","MAS/game/mod_assets/monika/f/face-mouth-wide.png",".png","1280","850","7771","High priority for emotion-to-expression mapping in GUI."
"character_face_expression_layers","f","Expression and face layers","MAS/game/mod_assets/monika/f/face-nose-def.png",".png","1280","850","5197","High priority for emotion-to-expression mapping in GUI."
"character_face_expression_layers","f","Expression and face layers","MAS/game/mod_assets/monika/f/face-sweatdrop-def.png",".png","1280","850","5244","High priority for emotion-to-expression mapping in GUI."
"character_face_expression_layers","f","Expression and face layers","MAS/game/mod_assets/monika/f/face-sweatdrop-right.png",".png","1280","850","5330","High priority for emotion-to-expression mapping in GUI."
"character_face_expression_layers","f","Expression and face layers","MAS/game/mod_assets/monika/f/face-tears-dried.png",".png","1280","850","8690","High priority for emotion-to-expression mapping in GUI."
"character_face_expression_layers","f","Expression and face layers","MAS/game/mod_assets/monika/f/face-tears-pooled.png",".png","1280","850","6262","High priority for emotion-to-expression mapping in GUI."
"character_face_expression_layers","f","Expression and face layers","MAS/game/mod_assets/monika/f/face-tears-pooledclosedhappy.png",".png","1280","850","6344","High priority for emotion-to-expression mapping in GUI."
"character_face_expression_layers","f","Expression and face layers","MAS/game/mod_assets/monika/f/face-tears-streaming.png",".png","1280","850","13167","High priority for emotion-to-expression mapping in GUI."
"character_face_expression_layers","f","Expression and face layers","MAS/game/mod_assets/monika/f/face-tears-streamingclosedhappy.png",".png","1280","850","13111","High priority for emotion-to-expression mapping in GUI."
"character_face_expression_layers","f","Expression and face layers","MAS/game/mod_assets/monika/f/face-tears-streamingclosedsad.png",".png","1280","850","12967","High priority for emotion-to-expression mapping in GUI."
"character_face_expression_layers","f","Expression and face layers","MAS/game/mod_assets/monika/f/face-tears-streamingwinkleft.png",".png","1280","850","13364","High priority for emotion-to-expression mapping in GUI."
"character_face_expression_layers","f","Expression and face layers","MAS/game/mod_assets/monika/f/face-tears-streamingwinkright.png",".png","1280","850","12990","High priority for emotion-to-expression mapping in GUI."
"character_face_expression_layers","f","Expression and face layers","MAS/game/mod_assets/monika/f/face-tears-up.png",".png","1280","850","9363","High priority for emotion-to-expression mapping in GUI."
"character_face_expression_layers","f","Expression and face layers","MAS/game/mod_assets/monika/f/face-tears-upclosedhappy.png",".png","1280","850","8879","High priority for emotion-to-expression mapping in GUI."
"character_face_expression_layers","f","Expression and face layers","MAS/game/mod_assets/monika/f/face-tears-upclosedsad.png",".png","1280","850","9107","High priority for emotion-to-expression mapping in GUI."
"character_face_expression_layers","f","Expression and face layers","MAS/game/mod_assets/monika/f/face-tears-upwinkleft.png",".png","1280","850","9069","High priority for emotion-to-expression mapping in GUI."
"character_face_expression_layers","f","Expression and face layers","MAS/game/mod_assets/monika/f/face-tears-upwinkright.png",".png","1280","850","9237","High priority for emotion-to-expression mapping in GUI."
"character_hair_layers","h/braided","Hair layers and hairstyle variants","MAS/game/mod_assets/monika/h/braided/0.png",".png","1280","850","129771","Useful for hairstyle variants and sprite compositing."
"character_hair_layers","h/braided","Hair layers and hairstyle variants","MAS/game/mod_assets/monika/h/braided/10.png",".png","1280","850","183363","Useful for hairstyle variants and sprite compositing."
"character_hair_layers","h/braided","Hair layers and hairstyle variants","MAS/game/mod_assets/monika/h/braided/def-0.png",".png","1280","850","134647","Useful for hairstyle variants and sprite compositing."
"character_hair_layers","h/braided","Hair layers and hairstyle variants","MAS/game/mod_assets/monika/h/braided/def-10.png",".png","1280","850","181262","Useful for hairstyle variants and sprite compositing."
"character_hair_layers","h/def","Hair layers and hairstyle variants","MAS/game/mod_assets/monika/h/def/0.png",".png","1280","850","146529","Useful for hairstyle variants and sprite compositing."
"character_hair_layers","h/def","Hair layers and hairstyle variants","MAS/game/mod_assets/monika/h/def/10.png",".png","1280","850","143054","Useful for hairstyle variants and sprite compositing."
"character_hair_layers","h/def","Hair layers and hairstyle variants","MAS/game/mod_assets/monika/h/def/def-0.png",".png","1280","850","133178","Useful for hairstyle variants and sprite compositing."
"character_hair_layers","h/def","Hair layers and hairstyle variants","MAS/game/mod_assets/monika/h/def/def-10.png",".png","1280","850","156713","Useful for hairstyle variants and sprite compositing."
"character_hair_layers","h/down","Hair layers and hairstyle variants","MAS/game/mod_assets/monika/h/down/0.png",".png","1280","850","245674","Useful for hairstyle variants and sprite compositing."
"character_hair_layers","h/down","Hair layers and hairstyle variants","MAS/game/mod_assets/monika/h/down/10.png",".png","1280","850","205141","Useful for hairstyle variants and sprite compositing."
"character_hair_layers","h/down","Hair layers and hairstyle variants","MAS/game/mod_assets/monika/h/down/def-0.png",".png","1280","850","141437","Useful for hairstyle variants and sprite compositing."
"character_hair_layers","h/down","Hair layers and hairstyle variants","MAS/game/mod_assets/monika/h/down/def-10.png",".png","1280","850","172458","Useful for hairstyle variants and sprite compositing."
"character_hair_layers","h/downtiedstrand","Hair layers and hairstyle variants","MAS/game/mod_assets/monika/h/downtiedstrand/0.png",".png","1280","850","245675","Useful for hairstyle variants and sprite compositing."
"character_hair_layers","h/downtiedstrand","Hair layers and hairstyle variants","MAS/game/mod_assets/monika/h/downtiedstrand/10.png",".png","1280","850","156424","Useful for hairstyle variants and sprite compositing."
"character_hair_layers","h/downtiedstrand","Hair layers and hairstyle variants","MAS/game/mod_assets/monika/h/downtiedstrand/def-0.png",".png","1280","850","141837","Useful for hairstyle variants and sprite compositing."
"character_hair_layers","h/downtiedstrand","Hair layers and hairstyle variants","MAS/game/mod_assets/monika/h/downtiedstrand/def-10.png",".png","1280","850","144919","Useful for hairstyle variants and sprite compositing."
"character_hair_layers","h","Hair layers and hairstyle variants","MAS/game/mod_assets/monika/h/hair-briaryoung_braid-back.PNG",".png","1280","850","93444","Useful for hairstyle variants and sprite compositing."
"character_hair_layers","h","Hair layers and hairstyle variants","MAS/game/mod_assets/monika/h/hair-briaryoung_braid-front.PNG",".png","1280","850","141690","Useful for hairstyle variants and sprite compositing."
"character_hair_layers","h","Hair layers and hairstyle variants","MAS/game/mod_assets/monika/h/hair-briaryoung_bun_middle-back.PNG",".png","1280","850","53896","Useful for hairstyle variants and sprite compositing."
"character_hair_layers","h","Hair layers and hairstyle variants","MAS/game/mod_assets/monika/h/hair-briaryoung_bun_middle-front.PNG",".png","1280","850","164649","Useful for hairstyle variants and sprite compositing."
"character_hair_layers","h","Hair layers and hairstyle variants","MAS/game/mod_assets/monika/h/hair-briaryoung_down_straight_bangs-back.png",".png","1280","850","245674","Useful for hairstyle variants and sprite compositing."
"character_hair_layers","h","Hair layers and hairstyle variants","MAS/game/mod_assets/monika/h/hair-briaryoung_down_straight_bangs-front.png",".png","1280","850","194060","Useful for hairstyle variants and sprite compositing."
"character_hair_layers","h","Hair layers and hairstyle variants","MAS/game/mod_assets/monika/h/hair-briaryoung_hair_down_ponytail-back.PNG",".png","1280","850","297892","Useful for hairstyle variants and sprite compositing."
"character_hair_layers","h","Hair layers and hairstyle variants","MAS/game/mod_assets/monika/h/hair-briaryoung_hair_down_ponytail-front.PNG",".png","1280","850","164649","Useful for hairstyle variants and sprite compositing."
"character_hair_layers","h","Hair layers and hairstyle variants","MAS/game/mod_assets/monika/h/hair-briaryoung_hair_down_twin_buns-back.PNG",".png","1280","850","281170","Useful for hairstyle variants and sprite compositing."
"character_hair_layers","h","Hair layers and hairstyle variants","MAS/game/mod_assets/monika/h/hair-briaryoung_hair_down_twin_buns-front.PNG",".png","1280","850","165009","Useful for hairstyle variants and sprite compositing."
"character_hair_layers","h","Hair layers and hairstyle variants","MAS/game/mod_assets/monika/h/hair-briaryoung_hair_down_with_bun-back.PNG",".png","1280","850","262196","Useful for hairstyle variants and sprite compositing."
"character_hair_layers","h","Hair layers and hairstyle variants","MAS/game/mod_assets/monika/h/hair-briaryoung_hair_down_with_bun-front.PNG",".png","1280","850","165009","Useful for hairstyle variants and sprite compositing."
"character_hair_layers","h","Hair layers and hairstyle variants","MAS/game/mod_assets/monika/h/hair-briaryoung_low_bun-back.PNG",".png","1280","850","47026","Useful for hairstyle variants and sprite compositing."
"character_hair_layers","h","Hair layers and hairstyle variants","MAS/game/mod_assets/monika/h/hair-briaryoung_low_bun-front.PNG",".png","1280","850","165009","Useful for hairstyle variants and sprite compositing."
"character_hair_layers","h","Hair layers and hairstyle variants","MAS/game/mod_assets/monika/h/hair-briaryoung_pigtails-back.PNG",".png","1280","850","192019","Useful for hairstyle variants and sprite compositing."
"character_hair_layers","h","Hair layers and hairstyle variants","MAS/game/mod_assets/monika/h/hair-briaryoung_pigtails-front.PNG",".png","1280","850","165009","Useful for hairstyle variants and sprite compositing."
"character_hair_layers","h","Hair layers and hairstyle variants","MAS/game/mod_assets/monika/h/hair-briaryoung_ponytail_middle-back.PNG",".png","1280","850","150499","Useful for hairstyle variants and sprite compositing."
"character_hair_layers","h","Hair layers and hairstyle variants","MAS/game/mod_assets/monika/h/hair-briaryoung_ponytail_middle-front.PNG",".png","1280","850","141304","Useful for hairstyle variants and sprite compositing."
"character_hair_layers","h","Hair layers and hairstyle variants","MAS/game/mod_assets/monika/h/hair-briaryoung_short-back.PNG",".png","1280","850","14451","Useful for hairstyle variants and sprite compositing."
"character_hair_layers","h","Hair layers and hairstyle variants","MAS/game/mod_assets/monika/h/hair-briaryoung_short-front.PNG",".png","1280","850","115061","Useful for hairstyle variants and sprite compositing."
"character_hair_layers","h","Hair layers and hairstyle variants","MAS/game/mod_assets/monika/h/hair-briaryoung_twin_braids-back.PNG",".png","1280","850","149435","Useful for hairstyle variants and sprite compositing."
"character_hair_layers","h","Hair layers and hairstyle variants","MAS/game/mod_assets/monika/h/hair-briaryoung_twin_braids-front.PNG",".png","1280","850","165009","Useful for hairstyle variants and sprite compositing."
"character_hair_layers","h","Hair layers and hairstyle variants","MAS/game/mod_assets/monika/h/hair-briaryoung_usagi_braided-back.PNG",".png","1280","850","186231","Useful for hairstyle variants and sprite compositing."
"character_hair_layers","h","Hair layers and hairstyle variants","MAS/game/mod_assets/monika/h/hair-briaryoung_usagi_braided-front.PNG",".png","1280","850","165009","Useful for hairstyle variants and sprite compositing."
"character_hair_layers","h","Hair layers and hairstyle variants","MAS/game/mod_assets/monika/h/hair-bun-back.png",".png","1280","850","48374","Useful for hairstyle variants and sprite compositing."
"character_hair_layers","h","Hair layers and hairstyle variants","MAS/game/mod_assets/monika/h/hair-bun-front.png",".png","1280","850","172542","Useful for hairstyle variants and sprite compositing."
"character_hair_layers","h","Hair layers and hairstyle variants","MAS/game/mod_assets/monika/h/hair-echo_downshort-back.png",".png","1280","850","186341","Useful for hairstyle variants and sprite compositing."
"character_hair_layers","h","Hair layers and hairstyle variants","MAS/game/mod_assets/monika/h/hair-echo_downshort-front.png",".png","1280","850","157248","Useful for hairstyle variants and sprite compositing."
"character_hair_layers","h","Hair layers and hairstyle variants","MAS/game/mod_assets/monika/h/hair-echo_ponytailshort-back.png",".png","1280","850","91711","Useful for hairstyle variants and sprite compositing."
"character_hair_layers","h","Hair layers and hairstyle variants","MAS/game/mod_assets/monika/h/hair-echo_ponytailshort-front.png",".png","1280","850","144076","Useful for hairstyle variants and sprite compositing."
"character_hair_layers","h","Hair layers and hairstyle variants","MAS/game/mod_assets/monika/h/hair-leaning-def-briaryoung_braid-back.PNG",".png","1280","850","94420","Useful for hairstyle variants and sprite compositing."
"character_hair_layers","h","Hair layers and hairstyle variants","MAS/game/mod_assets/monika/h/hair-leaning-def-briaryoung_braid-front.PNG",".png","1280","850","150598","Useful for hairstyle variants and sprite compositing."
"character_hair_layers","h","Hair layers and hairstyle variants","MAS/game/mod_assets/monika/h/hair-leaning-def-briaryoung_bun_middle-back.PNG",".png","1280","850","55402","Useful for hairstyle variants and sprite compositing."
"character_hair_layers","h","Hair layers and hairstyle variants","MAS/game/mod_assets/monika/h/hair-leaning-def-briaryoung_bun_middle-front.PNG",".png","1280","850","174392","Useful for hairstyle variants and sprite compositing."
"character_hair_layers","h","Hair layers and hairstyle variants","MAS/game/mod_assets/monika/h/hair-leaning-def-briaryoung_down_straight_bangs-back.png",".png","1280","850","141437","Useful for hairstyle variants and sprite compositing."
"character_hair_layers","h","Hair layers and hairstyle variants","MAS/game/mod_assets/monika/h/hair-leaning-def-briaryoung_down_straight_bangs-front.png",".png","1280","850","197423","Useful for hairstyle variants and sprite compositing."
"character_hair_layers","h","Hair layers and hairstyle variants","MAS/game/mod_assets/monika/h/hair-leaning-def-briaryoung_hair_down_ponytail-back.PNG",".png","1280","850","155257","Useful for hairstyle variants and sprite compositing."
"character_hair_layers","h","Hair layers and hairstyle variants","MAS/game/mod_assets/monika/h/hair-leaning-def-briaryoung_hair_down_ponytail-front.PNG",".png","1280","850","174392","Useful for hairstyle variants and sprite compositing."
"character_hair_layers","h","Hair layers and hairstyle variants","MAS/game/mod_assets/monika/h/hair-leaning-def-briaryoung_hair_down_twin_buns-back.PNG",".png","1280","850","189638","Useful for hairstyle variants and sprite compositing."
"character_hair_layers","h","Hair layers and hairstyle variants","MAS/game/mod_assets/monika/h/hair-leaning-def-briaryoung_hair_down_twin_buns-front.PNG",".png","1280","850","175739","Useful for hairstyle variants and sprite compositing."
"character_hair_layers","h","Hair layers and hairstyle variants","MAS/game/mod_assets/monika/h/hair-leaning-def-briaryoung_hair_down_with_bun-back.PNG",".png","1280","850","167089","Useful for hairstyle variants and sprite compositing."
"character_hair_layers","h","Hair layers and hairstyle variants","MAS/game/mod_assets/monika/h/hair-leaning-def-briaryoung_hair_down_with_bun-front.PNG",".png","1280","850","175739","Useful for hairstyle variants and sprite compositing."
"character_hair_layers","h","Hair layers and hairstyle variants","MAS/game/mod_assets/monika/h/hair-leaning-def-briaryoung_low_bun-back.png",".png","1280","850","47358","Useful for hairstyle variants and sprite compositing."
"character_hair_layers","h","Hair layers and hairstyle variants","MAS/game/mod_assets/monika/h/hair-leaning-def-briaryoung_low_bun-front.png",".png","1280","850","175739","Useful for hairstyle variants and sprite compositing."
"character_hair_layers","h","Hair layers and hairstyle variants","MAS/game/mod_assets/monika/h/hair-leaning-def-briaryoung_pigtails-back.PNG",".png","1280","850","192532","Useful for hairstyle variants and sprite compositing."
"character_hair_layers","h","Hair layers and hairstyle variants","MAS/game/mod_assets/monika/h/hair-leaning-def-briaryoung_pigtails-front.PNG",".png","1280","850","175739","Useful for hairstyle variants and sprite compositing."
"character_hair_layers","h","Hair layers and hairstyle variants","MAS/game/mod_assets/monika/h/hair-leaning-def-briaryoung_ponytail_middle-back.PNG",".png","1280","850","141227","Useful for hairstyle variants and sprite compositing."
"character_hair_layers","h","Hair layers and hairstyle variants","MAS/game/mod_assets/monika/h/hair-leaning-def-briaryoung_ponytail_middle-front.PNG",".png","1280","850","149618","Useful for hairstyle variants and sprite compositing."
"character_hair_layers","h","Hair layers and hairstyle variants","MAS/game/mod_assets/monika/h/hair-leaning-def-briaryoung_short-back.png",".png","1280","850","15004","Useful for hairstyle variants and sprite compositing."
"character_hair_layers","h","Hair layers and hairstyle variants","MAS/game/mod_assets/monika/h/hair-leaning-def-briaryoung_short-front.png",".png","1280","850","115366","Useful for hairstyle variants and sprite compositing."
"character_hair_layers","h","Hair layers and hairstyle variants","MAS/game/mod_assets/monika/h/hair-leaning-def-briaryoung_twin_braids-back.PNG",".png","1280","850","163438","Useful for hairstyle variants and sprite compositing."
"character_hair_layers","h","Hair layers and hairstyle variants","MAS/game/mod_assets/monika/h/hair-leaning-def-briaryoung_twin_braids-front.PNG",".png","1280","850","175739","Useful for hairstyle variants and sprite compositing."
"character_hair_layers","h","Hair layers and hairstyle variants","MAS/game/mod_assets/monika/h/hair-leaning-def-briaryoung_usagi_braided-back.PNG",".png","1280","850","198828","Useful for hairstyle variants and sprite compositing."
"character_hair_layers","h","Hair layers and hairstyle variants","MAS/game/mod_assets/monika/h/hair-leaning-def-briaryoung_usagi_braided-front.PNG",".png","1280","850","175739","Useful for hairstyle variants and sprite compositing."
"character_hair_layers","h","Hair layers and hairstyle variants","MAS/game/mod_assets/monika/h/hair-leaning-def-bun-back.png",".png","1280","850","51357","Useful for hairstyle variants and sprite compositing."
"character_hair_layers","h","Hair layers and hairstyle variants","MAS/game/mod_assets/monika/h/hair-leaning-def-bun-front.png",".png","1280","850","184865","Useful for hairstyle variants and sprite compositing."
"character_hair_layers","h","Hair layers and hairstyle variants","MAS/game/mod_assets/monika/h/hair-leaning-def-echo_downshort-back.png",".png","1280","850","161638","Useful for hairstyle variants and sprite compositing."
"character_hair_layers","h","Hair layers and hairstyle variants","MAS/game/mod_assets/monika/h/hair-leaning-def-echo_downshort-front.png",".png","1280","850","206543","Useful for hairstyle variants and sprite compositing."
"character_hair_layers","h","Hair layers and hairstyle variants","MAS/game/mod_assets/monika/h/hair-leaning-def-echo_ponytailshort-back.png",".png","1280","850","102451","Useful for hairstyle variants and sprite compositing."
"character_hair_layers","h","Hair layers and hairstyle variants","MAS/game/mod_assets/monika/h/hair-leaning-def-echo_ponytailshort-front.png",".png","1280","850","151927","Useful for hairstyle variants and sprite compositing."
"character_hair_layers","h","Hair layers and hairstyle variants","MAS/game/mod_assets/monika/h/hair-leaning-def-orcaramelo_bunbraid-back.png",".png","1280","850","51360","Useful for hairstyle variants and sprite compositing."
"character_hair_layers","h","Hair layers and hairstyle variants","MAS/game/mod_assets/monika/h/hair-leaning-def-orcaramelo_bunbraid-front.png",".png","1280","850","190977","Useful for hairstyle variants and sprite compositing."
"character_hair_layers","h","Hair layers and hairstyle variants","MAS/game/mod_assets/monika/h/hair-leaning-def-orcaramelo_ponytailbraid-back.png",".png","1280","850","135639","Useful for hairstyle variants and sprite compositing."
"character_hair_layers","h","Hair layers and hairstyle variants","MAS/game/mod_assets/monika/h/hair-leaning-def-orcaramelo_ponytailbraid-front.png",".png","1280","850","159741","Useful for hairstyle variants and sprite compositing."
"character_hair_layers","h","Hair layers and hairstyle variants","MAS/game/mod_assets/monika/h/hair-leaning-def-orcaramelo_twinbun-back.png",".png","1280","850","71836","Useful for hairstyle variants and sprite compositing."
"character_hair_layers","h","Hair layers and hairstyle variants","MAS/game/mod_assets/monika/h/hair-leaning-def-orcaramelo_twinbun-front.png",".png","1280","850","184864","Useful for hairstyle variants and sprite compositing."
"character_hair_layers","h","Hair layers and hairstyle variants","MAS/game/mod_assets/monika/h/hair-leaning-def-orcaramelo_twintails-back.png",".png","1280","850","244616","Useful for hairstyle variants and sprite compositing."
"character_hair_layers","h","Hair layers and hairstyle variants","MAS/game/mod_assets/monika/h/hair-leaning-def-orcaramelo_twintails-front.png",".png","1280","850","184865","Useful for hairstyle variants and sprite compositing."
"character_hair_layers","h","Hair layers and hairstyle variants","MAS/game/mod_assets/monika/h/hair-leaning-def-orcaramelo_usagi-back.png",".png","1280","850","276022","Useful for hairstyle variants and sprite compositing."
"character_hair_layers","h","Hair layers and hairstyle variants","MAS/game/mod_assets/monika/h/hair-leaning-def-orcaramelo_usagi-front.png",".png","1280","850","184864","Useful for hairstyle variants and sprite compositing."
"character_hair_layers","h","Hair layers and hairstyle variants","MAS/game/mod_assets/monika/h/hair-orcaramelo_bunbraid-back.png",".png","1280","850","48372","Useful for hairstyle variants and sprite compositing."
"character_hair_layers","h","Hair layers and hairstyle variants","MAS/game/mod_assets/monika/h/hair-orcaramelo_bunbraid-front.png",".png","1280","850","176813","Useful for hairstyle variants and sprite compositing."
"character_hair_layers","h","Hair layers and hairstyle variants","MAS/game/mod_assets/monika/h/hair-orcaramelo_ponytailbraid-back.png",".png","1280","850","157914","Useful for hairstyle variants and sprite compositing."
"character_hair_layers","h","Hair layers and hairstyle variants","MAS/game/mod_assets/monika/h/hair-orcaramelo_ponytailbraid-front.png",".png","1280","850","151273","Useful for hairstyle variants and sprite compositing."
"character_hair_layers","h","Hair layers and hairstyle variants","MAS/game/mod_assets/monika/h/hair-orcaramelo_twinbun-back.png",".png","1280","850","67995","Useful for hairstyle variants and sprite compositing."
"character_hair_layers","h","Hair layers and hairstyle variants","MAS/game/mod_assets/monika/h/hair-orcaramelo_twinbun-front.png",".png","1280","850","172863","Useful for hairstyle variants and sprite compositing."
"character_hair_layers","h","Hair layers and hairstyle variants","MAS/game/mod_assets/monika/h/hair-orcaramelo_twintails-back.png",".png","1280","850","248376","Useful for hairstyle variants and sprite compositing."
"character_hair_layers","h","Hair layers and hairstyle variants","MAS/game/mod_assets/monika/h/hair-orcaramelo_twintails-front.png",".png","1280","850","174026","Useful for hairstyle variants and sprite compositing."
"character_hair_layers","h","Hair layers and hairstyle variants","MAS/game/mod_assets/monika/h/hair-orcaramelo_usagi-back.png",".png","1280","850","271566","Useful for hairstyle variants and sprite compositing."
"character_hair_layers","h","Hair layers and hairstyle variants","MAS/game/mod_assets/monika/h/hair-orcaramelo_usagi-front.png",".png","1280","850","173114","Useful for hairstyle variants and sprite compositing."
"character_hair_layers","h/wet","Hair layers and hairstyle variants","MAS/game/mod_assets/monika/h/wet/0.png",".png","1280","850","66958","Useful for hairstyle variants and sprite compositing."
"character_hair_layers","h/wet","Hair layers and hairstyle variants","MAS/game/mod_assets/monika/h/wet/10.png",".png","1280","850","162166","Useful for hairstyle variants and sprite compositing."
"character_hair_layers","h/wet","Hair layers and hairstyle variants","MAS/game/mod_assets/monika/h/wet/def-0.png",".png","1280","850","81407","Useful for hairstyle variants and sprite compositing."
"character_hair_layers","h/wet","Hair layers and hairstyle variants","MAS/game/mod_assets/monika/h/wet/def-10.png",".png","1280","850","160430","Useful for hairstyle variants and sprite compositing."
"character_table_pose_layers","t","Pose/table/foreground character layers","MAS/game/mod_assets/monika/t/chair-def.png",".png","1280","850","36857","Useful for foreground/table pose composition."
"character_table_pose_layers","t","Pose/table/foreground character layers","MAS/game/mod_assets/monika/t/table-def.png",".png","1280","850","33918","Useful for foreground/table pose composition."
"character_table_pose_layers","t","Pose/table/foreground character layers","MAS/game/mod_assets/monika/t/table-def-s.png",".png","1280","850","50579","Useful for foreground/table pose composition."
"console_assets","cn_frame.png/console","Visual/UI resource","MAS/game/mod_assets/console/cn_frame.png",".png","619","438","1853","Review manually before use."
"custom_button_assets","checkbox","Visual/UI resource","MAS/game/mod_assets/buttons/checkbox/check_fg.png",".png","31","34","575","Review manually before use."
"custom_button_assets","checkbox","Visual/UI resource","MAS/game/mod_assets/buttons/checkbox/check_fg_d.png",".png","31","34","586","Review manually before use."
"custom_button_assets","checkbox","Visual/UI resource","MAS/game/mod_assets/buttons/checkbox/fancy_check.png",".png","28","28","2251","Review manually before use."
"custom_button_assets","checkbox","Visual/UI resource","MAS/game/mod_assets/buttons/checkbox/insensitive_check_fg.png",".png","31","34","585","Review manually before use."
"custom_button_assets","checkbox","Visual/UI resource","MAS/game/mod_assets/buttons/checkbox/insensitive_check_fg_d.png",".png","31","34","584","Review manually before use."
"custom_button_assets","checkbox","Visual/UI resource","MAS/game/mod_assets/buttons/checkbox/insensitive_fancy_check.png",".png","28","28","3219","Review manually before use."
"custom_button_assets","checkbox","Visual/UI resource","MAS/game/mod_assets/buttons/checkbox/selected_check_fg.png",".png","31","34","609","Review manually before use."
"custom_button_assets","checkbox","Visual/UI resource","MAS/game/mod_assets/buttons/checkbox/selected_check_fg_d.png",".png","31","34","606","Review manually before use."
"custom_button_assets","checkbox","Visual/UI resource","MAS/game/mod_assets/buttons/checkbox/selected_fancy_check.png",".png","28","28","2433","Review manually before use."
"custom_button_assets","checkbox","Visual/UI resource","MAS/game/mod_assets/buttons/checkbox/selected_insensitive_check_fg.png",".png","31","34","596","Review manually before use."
"custom_button_assets","checkbox","Visual/UI resource","MAS/game/mod_assets/buttons/checkbox/selected_insensitive_check_fg_d.png",".png","31","34","594","Review manually before use."
"custom_button_assets","checkbox","Visual/UI resource","MAS/game/mod_assets/buttons/checkbox/selected_insensitive_fancy_check.png",".png","28","28","2983","Review manually before use."
"custom_button_assets","dropdown","Visual/UI resource","MAS/game/mod_assets/buttons/dropdown/arrow.png",".png","25","25","568","Review manually before use."
"custom_button_assets","dropdown","Visual/UI resource","MAS/game/mod_assets/buttons/dropdown/arrow_d.png",".png","25","25","550","Review manually before use."
"custom_button_assets","dropdown","Visual/UI resource","MAS/game/mod_assets/buttons/dropdown/arrow_hover.png",".png","25","25","527","Review manually before use."
"custom_button_assets","dropdown","Visual/UI resource","MAS/game/mod_assets/buttons/dropdown/arrow_hover_d.png",".png","25","25","524","Review manually before use."
"custom_button_assets","generic","Visual/UI resource","MAS/game/mod_assets/buttons/generic/hover_bg.png",".png","35","35","230","Review manually before use."
"custom_button_assets","generic","Visual/UI resource","MAS/game/mod_assets/buttons/generic/hover_bg_d.png",".png","35","35","237","Review manually before use."
"custom_button_assets","generic","Visual/UI resource","MAS/game/mod_assets/buttons/generic/idle_bg.png",".png","35","35","214","Review manually before use."
"custom_button_assets","generic","Visual/UI resource","MAS/game/mod_assets/buttons/generic/idle_bg_d.png",".png","35","35","219","Review manually before use."
"custom_button_assets","generic","Visual/UI resource","MAS/game/mod_assets/buttons/generic/insensitive_bg.png",".png","35","35","210","Review manually before use."
"custom_button_assets","generic","Visual/UI resource","MAS/game/mod_assets/buttons/generic/insensitive_bg_d.png",".png","35","35","209","Review manually before use."
"custom_button_assets","generic","Visual/UI resource","MAS/game/mod_assets/buttons/generic/selected_bg.png",".png","35","35","8462","Review manually before use."
"custom_button_assets","generic","Visual/UI resource","MAS/game/mod_assets/buttons/generic/selected_bg_d.png",".png","35","35","8870","Review manually before use."
"custom_button_assets","squares","Visual/UI resource","MAS/game/mod_assets/buttons/squares/square_disabled.png",".png","35","35","190","Review manually before use."
"custom_button_assets","squares","Visual/UI resource","MAS/game/mod_assets/buttons/squares/square_disabled_d.png",".png","35","35","202","Review manually before use."
"custom_button_assets","squares","Visual/UI resource","MAS/game/mod_assets/buttons/squares/square_hover.png",".png","35","35","212","Review manually before use."
"custom_button_assets","squares","Visual/UI resource","MAS/game/mod_assets/buttons/squares/square_hover_d.png",".png","35","35","212","Review manually before use."
"custom_button_assets","squares","Visual/UI resource","MAS/game/mod_assets/buttons/squares/square_idle.png",".png","35","35","195","Review manually before use."
"custom_button_assets","squares","Visual/UI resource","MAS/game/mod_assets/buttons/squares/square_idle_d.png",".png","35","35","211","Review manually before use."
"desk_and_table_props","desk","Visual/UI resource","MAS/game/mod_assets/other/desk/natsukidesk.png",".png","2562","1700","1132192","Review manually before use."
"desk_and_table_props","desk","Visual/UI resource","MAS/game/mod_assets/other/desk/natsukidesk-n.png",".png","2560","1701","1229426","Review manually before use."
"desk_and_table_props","desk","Visual/UI resource","MAS/game/mod_assets/other/desk/sayoridesk_happy.png",".png","1280","850","284273","Review manually before use."
"desk_and_table_props","desk","Visual/UI resource","MAS/game/mod_assets/other/desk/sayoridesk_sad.png",".png","1280","850","290343","Review manually before use."
"desk_and_table_props","desk","Visual/UI resource","MAS/game/mod_assets/other/desk/yuridesk.png",".png","1009","670","202919","Review manually before use."
"event_birthday_room_decor","spaceroom/bday","Birthday seasonal room overlays and cake props","MAS/game/mod_assets/location/spaceroom/bday/birthday_decorations.png",".png","1280","850","90349","Use as birthday event overlays triggered by calendar/event system."
"event_birthday_room_decor","spaceroom/bday","Birthday seasonal room overlays and cake props","MAS/game/mod_assets/location/spaceroom/bday/birthday_decorations_balloons.png",".png","1280","850","193917","Use as birthday event overlays triggered by calendar/event system."
"event_birthday_room_decor","spaceroom/bday","Birthday seasonal room overlays and cake props","MAS/game/mod_assets/location/spaceroom/bday/birthday_decorations_balloons-n.png",".png","1280","850","175148","Use as birthday event overlays triggered by calendar/event system."
"event_birthday_room_decor","spaceroom/bday","Birthday seasonal room overlays and cake props","MAS/game/mod_assets/location/spaceroom/bday/birthday_decorations-n.png",".png","1280","850","82392","Use as birthday event overlays triggered by calendar/event system."
"event_birthday_room_decor","spaceroom/bday","Birthday seasonal room overlays and cake props","MAS/game/mod_assets/location/spaceroom/bday/monika_birthday_cake.png",".png","1280","850","57552","Use as birthday event overlays triggered by calendar/event system."
"event_birthday_room_decor","spaceroom/bday","Birthday seasonal room overlays and cake props","MAS/game/mod_assets/location/spaceroom/bday/monika_birthday_cake_lights.png",".png","1280","850","83281","Use as birthday event overlays triggered by calendar/event system."
"event_birthday_room_decor","spaceroom/bday","Birthday seasonal room overlays and cake props","MAS/game/mod_assets/location/spaceroom/bday/monika_birthday_cake_lit.png",".png","1280","850","100208","Use as birthday event overlays triggered by calendar/event system."
"event_birthday_room_decor","spaceroom/bday","Birthday seasonal room overlays and cake props","MAS/game/mod_assets/location/spaceroom/bday/monika_birthday_cake_lit-n.png",".png","1280","850","98496","Use as birthday event overlays triggered by calendar/event system."
"event_birthday_room_decor","spaceroom/bday","Birthday seasonal room overlays and cake props","MAS/game/mod_assets/location/spaceroom/bday/monika_birthday_cake-n.png",".png","1280","850","53119","Use as birthday event overlays triggered by calendar/event system."
"event_birthday_room_decor","spaceroom/bday","Birthday seasonal room overlays and cake props","MAS/game/mod_assets/location/spaceroom/bday/player_birthday_cake.png",".png","1280","850","57048","Use as birthday event overlays triggered by calendar/event system."
"event_birthday_room_decor","spaceroom/bday","Birthday seasonal room overlays and cake props","MAS/game/mod_assets/location/spaceroom/bday/player_birthday_cake_lights.png",".png","1280","850","54652","Use as birthday event overlays triggered by calendar/event system."
"event_birthday_room_decor","spaceroom/bday","Birthday seasonal room overlays and cake props","MAS/game/mod_assets/location/spaceroom/bday/player_birthday_cake_lit.png",".png","1280","850","65921","Use as birthday event overlays triggered by calendar/event system."
"event_birthday_room_decor","spaceroom/bday","Birthday seasonal room overlays and cake props","MAS/game/mod_assets/location/spaceroom/bday/player_birthday_cake_lit-n.png",".png","1280","850","62798","Use as birthday event overlays triggered by calendar/event system."
"event_birthday_room_decor","spaceroom/bday","Birthday seasonal room overlays and cake props","MAS/game/mod_assets/location/spaceroom/bday/player_birthday_cake-n.png",".png","1280","850","51065","Use as birthday event overlays triggered by calendar/event system."
"event_christmas_room_decor","spaceroom/d25","Christmas seasonal room overlays","MAS/game/mod_assets/location/spaceroom/d25/bgdeco.png",".png","1280","850","31958","Use as Christmas seasonal overlays."
"event_christmas_room_decor","spaceroom/d25","Christmas seasonal room overlays","MAS/game/mod_assets/location/spaceroom/d25/bgdeco-n.png",".png","1280","850","30075","Use as Christmas seasonal overlays."
"event_christmas_room_decor","spaceroom/d25","Christmas seasonal room overlays","MAS/game/mod_assets/location/spaceroom/d25/garland.png",".png","1280","850","153812","Use as Christmas seasonal overlays."
"event_christmas_room_decor","spaceroom/d25","Christmas seasonal room overlays","MAS/game/mod_assets/location/spaceroom/d25/garland_on_1.png",".png","1280","850","153219","Use as Christmas seasonal overlays."
"event_christmas_room_decor","spaceroom/d25","Christmas seasonal room overlays","MAS/game/mod_assets/location/spaceroom/d25/garland_on_2.png",".png","1280","850","152795","Use as Christmas seasonal overlays."
"event_christmas_room_decor","spaceroom/d25","Christmas seasonal room overlays","MAS/game/mod_assets/location/spaceroom/d25/gifts_0.png",".png","1280","850","6341","Use as Christmas seasonal overlays."
"event_christmas_room_decor","spaceroom/d25","Christmas seasonal room overlays","MAS/game/mod_assets/location/spaceroom/d25/gifts_1.png",".png","1280","850","28065","Use as Christmas seasonal overlays."
"event_christmas_room_decor","spaceroom/d25","Christmas seasonal room overlays","MAS/game/mod_assets/location/spaceroom/d25/gifts_1-n.png",".png","1280","850","25244","Use as Christmas seasonal overlays."
"event_christmas_room_decor","spaceroom/d25","Christmas seasonal room overlays","MAS/game/mod_assets/location/spaceroom/d25/gifts_2.png",".png","1280","850","48873","Use as Christmas seasonal overlays."
"event_christmas_room_decor","spaceroom/d25","Christmas seasonal room overlays","MAS/game/mod_assets/location/spaceroom/d25/gifts_2-n.png",".png","1280","850","41771","Use as Christmas seasonal overlays."
"event_christmas_room_decor","spaceroom/d25","Christmas seasonal room overlays","MAS/game/mod_assets/location/spaceroom/d25/gifts_3.png",".png","1280","850","59354","Use as Christmas seasonal overlays."
"event_christmas_room_decor","spaceroom/d25","Christmas seasonal room overlays","MAS/game/mod_assets/location/spaceroom/d25/gifts_3-n.png",".png","1280","850","51191","Use as Christmas seasonal overlays."
"event_christmas_room_decor","spaceroom/d25","Christmas seasonal room overlays","MAS/game/mod_assets/location/spaceroom/d25/lights_off.png",".png","1280","850","23462","Use as Christmas seasonal overlays."
"event_christmas_room_decor","spaceroom/d25","Christmas seasonal room overlays","MAS/game/mod_assets/location/spaceroom/d25/lights_on_1.png",".png","1280","850","112333","Use as Christmas seasonal overlays."
"event_christmas_room_decor","spaceroom/d25","Christmas seasonal room overlays","MAS/game/mod_assets/location/spaceroom/d25/lights_on_2.png",".png","1280","850","108794","Use as Christmas seasonal overlays."
"event_christmas_room_decor","spaceroom/d25","Christmas seasonal room overlays","MAS/game/mod_assets/location/spaceroom/d25/lights_on_3.png",".png","1280","850","116235","Use as Christmas seasonal overlays."
"event_christmas_room_decor","spaceroom/d25","Christmas seasonal room overlays","MAS/game/mod_assets/location/spaceroom/d25/mistletoe.png",".png","1280","850","17623","Use as Christmas seasonal overlays."
"event_christmas_room_decor","spaceroom/d25","Christmas seasonal room overlays","MAS/game/mod_assets/location/spaceroom/d25/mistletoe-n.png",".png","1280","850","16641","Use as Christmas seasonal overlays."
"event_christmas_room_decor","spaceroom/d25","Christmas seasonal room overlays","MAS/game/mod_assets/location/spaceroom/d25/tree_lights_off.png",".png","1280","850","201532","Use as Christmas seasonal overlays."
"event_christmas_room_decor","spaceroom/d25","Christmas seasonal room overlays","MAS/game/mod_assets/location/spaceroom/d25/tree_lights_on_1.png",".png","1280","850","210936","Use as Christmas seasonal overlays."
"event_christmas_room_decor","spaceroom/d25","Christmas seasonal room overlays","MAS/game/mod_assets/location/spaceroom/d25/tree_lights_on_2.png",".png","1280","850","211403","Use as Christmas seasonal overlays."
"event_christmas_room_decor","spaceroom/d25","Christmas seasonal room overlays","MAS/game/mod_assets/location/spaceroom/d25/tree_lights_on_3.png",".png","1280","850","211153","Use as Christmas seasonal overlays."
"event_halloween_room_decor","spaceroom/o31/ATL","Halloween seasonal room overlays and effects","MAS/game/mod_assets/location/spaceroom/o31/ATL/cat_0.png",".png","1280","720","50239","Use as Halloween seasonal overlays."
"event_halloween_room_decor","spaceroom/o31/ATL","Halloween seasonal room overlays and effects","MAS/game/mod_assets/location/spaceroom/o31/ATL/cat_01.png",".png","1280","720","41091","Use as Halloween seasonal overlays."
"event_halloween_room_decor","spaceroom/o31/ATL","Halloween seasonal room overlays and effects","MAS/game/mod_assets/location/spaceroom/o31/ATL/cat_01-1.png",".png","1280","720","41002","Use as Halloween seasonal overlays."
"event_halloween_room_decor","spaceroom/o31/ATL","Halloween seasonal room overlays and effects","MAS/game/mod_assets/location/spaceroom/o31/ATL/cat_01-2.png",".png","1280","720","41940","Use as Halloween seasonal overlays."
"event_halloween_room_decor","spaceroom/o31/ATL","Halloween seasonal room overlays and effects","MAS/game/mod_assets/location/spaceroom/o31/ATL/cat_01-3.png",".png","1280","720","42219","Use as Halloween seasonal overlays."
"event_halloween_room_decor","spaceroom/o31/ATL","Halloween seasonal room overlays and effects","MAS/game/mod_assets/location/spaceroom/o31/ATL/cat_02.png",".png","1280","720","41005","Use as Halloween seasonal overlays."
"event_halloween_room_decor","spaceroom/o31/ATL","Halloween seasonal room overlays and effects","MAS/game/mod_assets/location/spaceroom/o31/ATL/cat_02-1.png",".png","1280","720","40914","Use as Halloween seasonal overlays."
"event_halloween_room_decor","spaceroom/o31/ATL","Halloween seasonal room overlays and effects","MAS/game/mod_assets/location/spaceroom/o31/ATL/cat_02-2.png",".png","1280","720","41796","Use as Halloween seasonal overlays."
"event_halloween_room_decor","spaceroom/o31/ATL","Halloween seasonal room overlays and effects","MAS/game/mod_assets/location/spaceroom/o31/ATL/cat_02-3.png",".png","1280","720","42089","Use as Halloween seasonal overlays."
"event_halloween_room_decor","spaceroom/o31","Halloween seasonal room overlays and effects","MAS/game/mod_assets/location/spaceroom/o31/candles.png",".png","1280","720","39701","Use as Halloween seasonal overlays."
"event_halloween_room_decor","spaceroom/o31","Halloween seasonal room overlays and effects","MAS/game/mod_assets/location/spaceroom/o31/candles-h0.png",".png","1280","720","16089","Use as Halloween seasonal overlays."
"event_halloween_room_decor","spaceroom/o31","Halloween seasonal room overlays and effects","MAS/game/mod_assets/location/spaceroom/o31/ceiling_deco.png",".png","1280","720","46544","Use as Halloween seasonal overlays."
"event_halloween_room_decor","spaceroom/o31","Halloween seasonal room overlays and effects","MAS/game/mod_assets/location/spaceroom/o31/ceiling_lights.png",".png","1280","720","119466","Use as Halloween seasonal overlays."
"event_halloween_room_decor","spaceroom/o31","Halloween seasonal room overlays and effects","MAS/game/mod_assets/location/spaceroom/o31/ceiling_lights-h0.png",".png","1280","720","229583","Use as Halloween seasonal overlays."
"event_halloween_room_decor","spaceroom/o31","Halloween seasonal room overlays and effects","MAS/game/mod_assets/location/spaceroom/o31/floor_outline.png",".png","1280","720","33886","Use as Halloween seasonal overlays."
"event_halloween_room_decor","spaceroom/o31","Halloween seasonal room overlays and effects","MAS/game/mod_assets/location/spaceroom/o31/garland.png",".png","1280","720","99665","Use as Halloween seasonal overlays."
"event_halloween_room_decor","spaceroom/o31","Halloween seasonal room overlays and effects","MAS/game/mod_assets/location/spaceroom/o31/jackolantern.png",".png","1280","720","50278","Use as Halloween seasonal overlays."
"event_halloween_room_decor","spaceroom/o31","Halloween seasonal room overlays and effects","MAS/game/mod_assets/location/spaceroom/o31/jackolantern-h0.png",".png","1280","720","15289","Use as Halloween seasonal overlays."
"event_halloween_room_decor","spaceroom/o31","Halloween seasonal room overlays and effects","MAS/game/mod_assets/location/spaceroom/o31/vignette.png",".png","1280","720","364948","Use as Halloween seasonal overlays."
"event_halloween_room_decor","spaceroom/o31","Halloween seasonal room overlays and effects","MAS/game/mod_assets/location/spaceroom/o31/wall_bats.png",".png","1280","720","22926","Use as Halloween seasonal overlays."
"event_halloween_room_decor","spaceroom/o31","Halloween seasonal room overlays and effects","MAS/game/mod_assets/location/spaceroom/o31/wall_candle.png",".png","1280","720","17046","Use as Halloween seasonal overlays."
"event_halloween_room_decor","spaceroom/o31","Halloween seasonal room overlays and effects","MAS/game/mod_assets/location/spaceroom/o31/wall_candle-h0.png",".png","1280","720","11399","Use as Halloween seasonal overlays."
"event_halloween_room_decor","spaceroom/o31","Halloween seasonal room overlays and effects","MAS/game/mod_assets/location/spaceroom/o31/wall_webs.png",".png","1280","720","119862","Use as Halloween seasonal overlays."
"event_halloween_room_decor","spaceroom/o31","Halloween seasonal room overlays and effects","MAS/game/mod_assets/location/spaceroom/o31/window_ghost.png",".png","1280","720","10667","Use as Halloween seasonal overlays."
"font_assets","m1_fixed.ttf/font","Fonts for UI typography","MAS/game/mod_assets/font/m1_fixed.ttf",".ttf",,,"130412","Use for UI font candidates."
"font_assets","mplus-1mn-medium.ttf/font","Fonts for UI typography","MAS/game/mod_assets/font/mplus-1mn-medium.ttf",".ttf",,,"1615236","Use for UI font candidates."
"font_assets","mplus-2p-regular.ttf/font","Fonts for UI typography","MAS/game/mod_assets/font/mplus-2p-regular.ttf",".ttf",,,"1745776","Use for UI font candidates."
"font_assets","SourceHanSansK-Regular.otf/font","Fonts for UI typography","MAS/game/mod_assets/font/SourceHanSansK-Regular.otf",".otf",,,"17277104","Use for UI font candidates."
"font_assets","SourceHanSansSC-Regular.otf/font","Fonts for UI typography","MAS/game/mod_assets/font/SourceHanSansSC-Regular.otf",".otf",,,"17281372","Use for UI font candidates."
"frame_assets","black70_pinkborder100.png/frames","Visual/UI resource","MAS/game/mod_assets/frames/black70_pinkborder100.png",".png","35","35","194","Review manually before use."
"frame_assets","black70_pinkborder100_2px.png/frames","Visual/UI resource","MAS/game/mod_assets/frames/black70_pinkborder100_2px.png",".png","35","35","193","Review manually before use."
"frame_assets","black70_pinkborder100_2px_d.png/frames","Visual/UI resource","MAS/game/mod_assets/frames/black70_pinkborder100_2px_d.png",".png","35","35","208","Review manually before use."
"frame_assets","black70_pinkborder100_5px.png/frames","Visual/UI resource","MAS/game/mod_assets/frames/black70_pinkborder100_5px.png",".png","35","35","194","Review manually before use."
"frame_assets","black70_pinkborder100_5px_d.png/frames","Visual/UI resource","MAS/game/mod_assets/frames/black70_pinkborder100_5px_d.png",".png","35","35","211","Review manually before use."
"frame_assets","black70_pinkborder100_d.png/frames","Visual/UI resource","MAS/game/mod_assets/frames/black70_pinkborder100_d.png",".png","35","35","209","Review manually before use."
"frame_assets","modebar.png/frames","Visual/UI resource","MAS/game/mod_assets/frames/modebar.png",".png","70","490","830","Review manually before use."
"frame_assets","modebar_d.png/frames","Visual/UI resource","MAS/game/mod_assets/frames/modebar_d.png",".png","70","490","814","Review manually before use."
"frame_assets","selector_overlay.png/frames","Visual/UI resource","MAS/game/mod_assets/frames/selector_overlay.png",".png","180","180","554","Review manually before use."
"frame_assets","selector_overlay_d.png/frames","Visual/UI resource","MAS/game/mod_assets/frames/selector_overlay_d.png",".png","180","180","507","Review manually before use."
"frame_assets","selector_overlay_disabled.png/frames","Visual/UI resource","MAS/game/mod_assets/frames/selector_overlay_disabled.png",".png","180","180","563","Review manually before use."
"frame_assets","selector_overlay_disabled_d.png/frames","Visual/UI resource","MAS/game/mod_assets/frames/selector_overlay_disabled_d.png",".png","180","180","504","Review manually before use."
"frame_assets","selector_top_frame.png/frames","Visual/UI resource","MAS/game/mod_assets/frames/selector_top_frame.png",".png","180","38","290","Review manually before use."
"frame_assets","selector_top_frame_d.png/frames","Visual/UI resource","MAS/game/mod_assets/frames/selector_top_frame_d.png",".png","180","38","267","Review manually before use."
"frame_assets","selector_top_frame_disabled.png/frames","Visual/UI resource","MAS/game/mod_assets/frames/selector_top_frame_disabled.png",".png","180","38","286","Review manually before use."
"frame_assets","selector_top_frame_disabled_d.png/frames","Visual/UI resource","MAS/game/mod_assets/frames/selector_top_frame_disabled_d.png",".png","180","38","256","Review manually before use."
"frame_assets","selector_top_frame_selected.png/frames","Visual/UI resource","MAS/game/mod_assets/frames/selector_top_frame_selected.png",".png","180","38","290","Review manually before use."
"frame_assets","selector_top_frame_selected_d.png/frames","Visual/UI resource","MAS/game/mod_assets/frames/selector_top_frame_selected_d.png",".png","180","38","273","Review manually before use."
"frame_assets","trans_pink2pxborder100.png/frames","Visual/UI resource","MAS/game/mod_assets/frames/trans_pink2pxborder100.png",".png","35","35","198","Review manually before use."
"frame_assets","trans_pink2pxborder100_d.png/frames","Visual/UI resource","MAS/game/mod_assets/frames/trans_pink2pxborder100_d.png",".png","35","35","199","Review manually before use."
"minigame_assets","chess","Chess/hangman/NOU/piano/pong resources","MAS/game/mod_assets/games/chess/chess_board.png",".png","486","486","16288","Optional later modules; not needed for v0.8 GUI MVP."
"minigame_assets","chess","Chess/hangman/NOU/piano/pong resources","MAS/game/mod_assets/games/chess/move_indicator_monika.png",".png","60","96","1459","Optional later modules; not needed for v0.8 GUI MVP."
"minigame_assets","chess","Chess/hangman/NOU/piano/pong resources","MAS/game/mod_assets/games/chess/move_indicator_player.png",".png","60","96","1380","Optional later modules; not needed for v0.8 GUI MVP."
"minigame_assets","chess","Chess/hangman/NOU/piano/pong resources","MAS/game/mod_assets/games/chess/piece_highlight_green.png",".png","57","57","232","Optional later modules; not needed for v0.8 GUI MVP."
"minigame_assets","chess","Chess/hangman/NOU/piano/pong resources","MAS/game/mod_assets/games/chess/piece_highlight_magenta.png",".png","57","57","239","Optional later modules; not needed for v0.8 GUI MVP."
"minigame_assets","chess","Chess/hangman/NOU/piano/pong resources","MAS/game/mod_assets/games/chess/piece_highlight_red.png",".png","57","57","236","Optional later modules; not needed for v0.8 GUI MVP."
"minigame_assets","chess","Chess/hangman/NOU/piano/pong resources","MAS/game/mod_assets/games/chess/piece_highlight_yellow.png",".png","57","57","233","Optional later modules; not needed for v0.8 GUI MVP."
"minigame_assets","chess/pieces","Chess/hangman/NOU/piano/pong resources","MAS/game/mod_assets/games/chess/pieces/bb.png",".png","57","57","2077","Optional later modules; not needed for v0.8 GUI MVP."
"minigame_assets","chess/pieces","Chess/hangman/NOU/piano/pong resources","MAS/game/mod_assets/games/chess/pieces/bk.png",".png","57","57","2609","Optional later modules; not needed for v0.8 GUI MVP."
"minigame_assets","chess/pieces","Chess/hangman/NOU/piano/pong resources","MAS/game/mod_assets/games/chess/pieces/bn.png",".png","57","57","2031","Optional later modules; not needed for v0.8 GUI MVP."
"minigame_assets","chess/pieces","Chess/hangman/NOU/piano/pong resources","MAS/game/mod_assets/games/chess/pieces/bp.png",".png","57","57","1504","Optional later modules; not needed for v0.8 GUI MVP."
"minigame_assets","chess/pieces","Chess/hangman/NOU/piano/pong resources","MAS/game/mod_assets/games/chess/pieces/bq.png",".png","57","57","11060","Optional later modules; not needed for v0.8 GUI MVP."
"minigame_assets","chess/pieces","Chess/hangman/NOU/piano/pong resources","MAS/game/mod_assets/games/chess/pieces/br.png",".png","57","57","1465","Optional later modules; not needed for v0.8 GUI MVP."
"minigame_assets","chess/pieces","Chess/hangman/NOU/piano/pong resources","MAS/game/mod_assets/games/chess/pieces/wB.png",".png","57","57","2749","Optional later modules; not needed for v0.8 GUI MVP."
"minigame_assets","chess/pieces","Chess/hangman/NOU/piano/pong resources","MAS/game/mod_assets/games/chess/pieces/wK.png",".png","57","57","2576","Optional later modules; not needed for v0.8 GUI MVP."
"minigame_assets","chess/pieces","Chess/hangman/NOU/piano/pong resources","MAS/game/mod_assets/games/chess/pieces/wN.png",".png","57","57","2384","Optional later modules; not needed for v0.8 GUI MVP."
"minigame_assets","chess/pieces","Chess/hangman/NOU/piano/pong resources","MAS/game/mod_assets/games/chess/pieces/wP.png",".png","57","57","1882","Optional later modules; not needed for v0.8 GUI MVP."
"minigame_assets","chess/pieces","Chess/hangman/NOU/piano/pong resources","MAS/game/mod_assets/games/chess/pieces/wQ.png",".png","57","57","3217","Optional later modules; not needed for v0.8 GUI MVP."
"minigame_assets","chess/pieces","Chess/hangman/NOU/piano/pong resources","MAS/game/mod_assets/games/chess/pieces/wR.png",".png","57","57","1828","Optional later modules; not needed for v0.8 GUI MVP."
"minigame_assets","chess","Chess/hangman/NOU/piano/pong resources","MAS/game/mod_assets/games/chess/stockfish_8_linux_x64","",,,"1163544","Optional later modules; not needed for v0.8 GUI MVP."
"minigame_assets","chess","Chess/hangman/NOU/piano/pong resources","MAS/game/mod_assets/games/chess/stockfish_8_macosx_x64","",,,"306800","Optional later modules; not needed for v0.8 GUI MVP."
"minigame_assets","chess","Chess/hangman/NOU/piano/pong resources","MAS/game/mod_assets/games/chess/stockfish_8_windows_x32.exe",".exe",,,"1344526","Optional later modules; not needed for v0.8 GUI MVP."
"minigame_assets","chess","Chess/hangman/NOU/piano/pong resources","MAS/game/mod_assets/games/chess/stockfish_8_windows_x64.exe",".exe",,,"1190400","Optional later modules; not needed for v0.8 GUI MVP."
"minigame_assets","hangman","Chess/hangman/NOU/piano/pong resources","MAS/game/mod_assets/games/hangman/1000poemwords.txt",".txt",,,"16419","Optional later modules; not needed for v0.8 GUI MVP."
"minigame_assets","hangman","Chess/hangman/NOU/piano/pong resources","MAS/game/mod_assets/games/hangman/hm_0.png",".png","278","355","19613","Optional later modules; not needed for v0.8 GUI MVP."
"minigame_assets","hangman","Chess/hangman/NOU/piano/pong resources","MAS/game/mod_assets/games/hangman/hm_1.png",".png","278","355","18298","Optional later modules; not needed for v0.8 GUI MVP."
"minigame_assets","hangman","Chess/hangman/NOU/piano/pong resources","MAS/game/mod_assets/games/hangman/hm_2.png",".png","278","355","16931","Optional later modules; not needed for v0.8 GUI MVP."
"minigame_assets","hangman","Chess/hangman/NOU/piano/pong resources","MAS/game/mod_assets/games/hangman/hm_3.png",".png","278","355","15947","Optional later modules; not needed for v0.8 GUI MVP."
"minigame_assets","hangman","Chess/hangman/NOU/piano/pong resources","MAS/game/mod_assets/games/hangman/hm_4.png",".png","278","355","14929","Optional later modules; not needed for v0.8 GUI MVP."
"minigame_assets","hangman","Chess/hangman/NOU/piano/pong resources","MAS/game/mod_assets/games/hangman/hm_5.png",".png","278","355","13565","Optional later modules; not needed for v0.8 GUI MVP."
"minigame_assets","hangman","Chess/hangman/NOU/piano/pong resources","MAS/game/mod_assets/games/hangman/hm_6.png",".png","278","355","9933","Optional later modules; not needed for v0.8 GUI MVP."
"minigame_assets","hangman","Chess/hangman/NOU/piano/pong resources","MAS/game/mod_assets/games/hangman/hm_frame.png",".png","600","438","337712","Optional later modules; not needed for v0.8 GUI MVP."
"minigame_assets","hangman","Chess/hangman/NOU/piano/pong resources","MAS/game/mod_assets/games/hangman/hm_frame_d.png",".png","600","438","281912","Optional later modules; not needed for v0.8 GUI MVP."
"minigame_assets","hangman","Chess/hangman/NOU/piano/pong resources","MAS/game/mod_assets/games/hangman/hm_s1.png",".png","278","355","34886","Optional later modules; not needed for v0.8 GUI MVP."
"minigame_assets","hangman","Chess/hangman/NOU/piano/pong resources","MAS/game/mod_assets/games/hangman/hm_s2.png",".png","278","355","28559","Optional later modules; not needed for v0.8 GUI MVP."
"minigame_assets","hangman","Chess/hangman/NOU/piano/pong resources","MAS/game/mod_assets/games/hangman/hm_sm_0.png",".png","278","355","12882","Optional later modules; not needed for v0.8 GUI MVP."
"minigame_assets","hangman","Chess/hangman/NOU/piano/pong resources","MAS/game/mod_assets/games/hangman/hm_sm_1.png",".png","278","355","12487","Optional later modules; not needed for v0.8 GUI MVP."
"minigame_assets","hangman","Chess/hangman/NOU/piano/pong resources","MAS/game/mod_assets/games/hangman/hm_sm_2.png",".png","278","355","12817","Optional later modules; not needed for v0.8 GUI MVP."
"minigame_assets","hangman","Chess/hangman/NOU/piano/pong resources","MAS/game/mod_assets/games/hangman/hm_sm_3.png",".png","278","355","12787","Optional later modules; not needed for v0.8 GUI MVP."
"minigame_assets","hangman","Chess/hangman/NOU/piano/pong resources","MAS/game/mod_assets/games/hangman/hm_sm_4.png",".png","278","355","12681","Optional later modules; not needed for v0.8 GUI MVP."
"minigame_assets","hangman","Chess/hangman/NOU/piano/pong resources","MAS/game/mod_assets/games/hangman/hm_sm_5.png",".png","278","355","12586","Optional later modules; not needed for v0.8 GUI MVP."
"minigame_assets","hangman","Chess/hangman/NOU/piano/pong resources","MAS/game/mod_assets/games/hangman/hm_sm_6.png",".png","278","355","12785","Optional later modules; not needed for v0.8 GUI MVP."
"minigame_assets","hangman","Chess/hangman/NOU/piano/pong resources","MAS/game/mod_assets/games/hangman/MASpoemwords.txt",".txt",,,"4843","Optional later modules; not needed for v0.8 GUI MVP."
"minigame_assets","nou/cards","Chess/hangman/NOU/piano/pong resources","MAS/game/mod_assets/games/nou/cards/b0.png",".png","150","214","33009","Optional later modules; not needed for v0.8 GUI MVP."
"minigame_assets","nou/cards","Chess/hangman/NOU/piano/pong resources","MAS/game/mod_assets/games/nou/cards/b1.png",".png","150","214","28921","Optional later modules; not needed for v0.8 GUI MVP."
"minigame_assets","nou/cards","Chess/hangman/NOU/piano/pong resources","MAS/game/mod_assets/games/nou/cards/b2.png",".png","150","214","32465","Optional later modules; not needed for v0.8 GUI MVP."
"minigame_assets","nou/cards","Chess/hangman/NOU/piano/pong resources","MAS/game/mod_assets/games/nou/cards/b3.png",".png","150","214","32357","Optional later modules; not needed for v0.8 GUI MVP."
"minigame_assets","nou/cards","Chess/hangman/NOU/piano/pong resources","MAS/game/mod_assets/games/nou/cards/b4.png",".png","150","214","30848","Optional later modules; not needed for v0.8 GUI MVP."
"minigame_assets","nou/cards","Chess/hangman/NOU/piano/pong resources","MAS/game/mod_assets/games/nou/cards/b5.png",".png","150","214","32066","Optional later modules; not needed for v0.8 GUI MVP."
"minigame_assets","nou/cards","Chess/hangman/NOU/piano/pong resources","MAS/game/mod_assets/games/nou/cards/b6.png",".png","150","214","33036","Optional later modules; not needed for v0.8 GUI MVP."
"minigame_assets","nou/cards","Chess/hangman/NOU/piano/pong resources","MAS/game/mod_assets/games/nou/cards/b7.png",".png","150","214","31079","Optional later modules; not needed for v0.8 GUI MVP."
"minigame_assets","nou/cards","Chess/hangman/NOU/piano/pong resources","MAS/game/mod_assets/games/nou/cards/b8.png",".png","150","214","33086","Optional later modules; not needed for v0.8 GUI MVP."
"minigame_assets","nou/cards","Chess/hangman/NOU/piano/pong resources","MAS/game/mod_assets/games/nou/cards/b9.png",".png","150","214","33118","Optional later modules; not needed for v0.8 GUI MVP."
"minigame_assets","nou/cards","Chess/hangman/NOU/piano/pong resources","MAS/game/mod_assets/games/nou/cards/back.png",".png","150","214","37259","Optional later modules; not needed for v0.8 GUI MVP."
"minigame_assets","nou/cards","Chess/hangman/NOU/piano/pong resources","MAS/game/mod_assets/games/nou/cards/bd2.png",".png","150","214","30359","Optional later modules; not needed for v0.8 GUI MVP."
"minigame_assets","nou/cards","Chess/hangman/NOU/piano/pong resources","MAS/game/mod_assets/games/nou/cards/br.png",".png","150","214","33100","Optional later modules; not needed for v0.8 GUI MVP."
"minigame_assets","nou/cards","Chess/hangman/NOU/piano/pong resources","MAS/game/mod_assets/games/nou/cards/bs.png",".png","150","214","35622","Optional later modules; not needed for v0.8 GUI MVP."
"minigame_assets","nou/cards","Chess/hangman/NOU/piano/pong resources","MAS/game/mod_assets/games/nou/cards/g0.png",".png","150","214","34008","Optional later modules; not needed for v0.8 GUI MVP."
"minigame_assets","nou/cards","Chess/hangman/NOU/piano/pong resources","MAS/game/mod_assets/games/nou/cards/g1.png",".png","150","214","29976","Optional later modules; not needed for v0.8 GUI MVP."
"minigame_assets","nou/cards","Chess/hangman/NOU/piano/pong resources","MAS/game/mod_assets/games/nou/cards/g2.png",".png","150","214","33504","Optional later modules; not needed for v0.8 GUI MVP."
"minigame_assets","nou/cards","Chess/hangman/NOU/piano/pong resources","MAS/game/mod_assets/games/nou/cards/g3.png",".png","150","214","33373","Optional later modules; not needed for v0.8 GUI MVP."
"minigame_assets","nou/cards","Chess/hangman/NOU/piano/pong resources","MAS/game/mod_assets/games/nou/cards/g4.png",".png","150","214","31825","Optional later modules; not needed for v0.8 GUI MVP."
"minigame_assets","nou/cards","Chess/hangman/NOU/piano/pong resources","MAS/game/mod_assets/games/nou/cards/g5.png",".png","150","214","33075","Optional later modules; not needed for v0.8 GUI MVP."
"minigame_assets","nou/cards","Chess/hangman/NOU/piano/pong resources","MAS/game/mod_assets/games/nou/cards/g6.png",".png","150","214","33562","Optional later modules; not needed for v0.8 GUI MVP."
"minigame_assets","nou/cards","Chess/hangman/NOU/piano/pong resources","MAS/game/mod_assets/games/nou/cards/g7.png",".png","150","214","32113","Optional later modules; not needed for v0.8 GUI MVP."
"minigame_assets","nou/cards","Chess/hangman/NOU/piano/pong resources","MAS/game/mod_assets/games/nou/cards/g8.png",".png","150","214","34046","Optional later modules; not needed for v0.8 GUI MVP."
"minigame_assets","nou/cards","Chess/hangman/NOU/piano/pong resources","MAS/game/mod_assets/games/nou/cards/g9.png",".png","150","214","34097","Optional later modules; not needed for v0.8 GUI MVP."
"minigame_assets","nou/cards","Chess/hangman/NOU/piano/pong resources","MAS/game/mod_assets/games/nou/cards/gd2.png",".png","150","214","31382","Optional later modules; not needed for v0.8 GUI MVP."
"minigame_assets","nou/cards","Chess/hangman/NOU/piano/pong resources","MAS/game/mod_assets/games/nou/cards/gr.png",".png","150","214","34099","Optional later modules; not needed for v0.8 GUI MVP."
"minigame_assets","nou/cards","Chess/hangman/NOU/piano/pong resources","MAS/game/mod_assets/games/nou/cards/gs.png",".png","150","214","36640","Optional later modules; not needed for v0.8 GUI MVP."
"minigame_assets","nou/cards","Chess/hangman/NOU/piano/pong resources","MAS/game/mod_assets/games/nou/cards/r0.png",".png","150","214","32890","Optional later modules; not needed for v0.8 GUI MVP."
"minigame_assets","nou/cards","Chess/hangman/NOU/piano/pong resources","MAS/game/mod_assets/games/nou/cards/r1.png",".png","150","214","28728","Optional later modules; not needed for v0.8 GUI MVP."
"minigame_assets","nou/cards","Chess/hangman/NOU/piano/pong resources","MAS/game/mod_assets/games/nou/cards/r2.png",".png","150","214","32257","Optional later modules; not needed for v0.8 GUI MVP."
"minigame_assets","nou/cards","Chess/hangman/NOU/piano/pong resources","MAS/game/mod_assets/games/nou/cards/r3.png",".png","150","214","32176","Optional later modules; not needed for v0.8 GUI MVP."
"minigame_assets","nou/cards","Chess/hangman/NOU/piano/pong resources","MAS/game/mod_assets/games/nou/cards/r4.png",".png","150","214","30588","Optional later modules; not needed for v0.8 GUI MVP."
"minigame_assets","nou/cards","Chess/hangman/NOU/piano/pong resources","MAS/game/mod_assets/games/nou/cards/r5.png",".png","150","214","31843","Optional later modules; not needed for v0.8 GUI MVP."
"minigame_assets","nou/cards","Chess/hangman/NOU/piano/pong resources","MAS/game/mod_assets/games/nou/cards/r6.png",".png","150","214","32832","Optional later modules; not needed for v0.8 GUI MVP."
"minigame_assets","nou/cards","Chess/hangman/NOU/piano/pong resources","MAS/game/mod_assets/games/nou/cards/r7.png",".png","150","214","30861","Optional later modules; not needed for v0.8 GUI MVP."
"minigame_assets","nou/cards","Chess/hangman/NOU/piano/pong resources","MAS/game/mod_assets/games/nou/cards/r8.png",".png","150","214","32953","Optional later modules; not needed for v0.8 GUI MVP."
"minigame_assets","nou/cards","Chess/hangman/NOU/piano/pong resources","MAS/game/mod_assets/games/nou/cards/r9.png",".png","150","214","32934","Optional later modules; not needed for v0.8 GUI MVP."
"minigame_assets","nou/cards","Chess/hangman/NOU/piano/pong resources","MAS/game/mod_assets/games/nou/cards/rd2.png",".png","150","214","30102","Optional later modules; not needed for v0.8 GUI MVP."
"minigame_assets","nou/cards","Chess/hangman/NOU/piano/pong resources","MAS/game/mod_assets/games/nou/cards/rr.png",".png","150","214","32731","Optional later modules; not needed for v0.8 GUI MVP."
"minigame_assets","nou/cards","Chess/hangman/NOU/piano/pong resources","MAS/game/mod_assets/games/nou/cards/rs.png",".png","150","214","35482","Optional later modules; not needed for v0.8 GUI MVP."
"minigame_assets","nou/cards","Chess/hangman/NOU/piano/pong resources","MAS/game/mod_assets/games/nou/cards/wcc.png",".png","150","214","36755","Optional later modules; not needed for v0.8 GUI MVP."
"minigame_assets","nou/cards","Chess/hangman/NOU/piano/pong resources","MAS/game/mod_assets/games/nou/cards/wd4.png",".png","150","214","29675","Optional later modules; not needed for v0.8 GUI MVP."
"minigame_assets","nou/cards","Chess/hangman/NOU/piano/pong resources","MAS/game/mod_assets/games/nou/cards/y0.png",".png","150","214","32843","Optional later modules; not needed for v0.8 GUI MVP."
"minigame_assets","nou/cards","Chess/hangman/NOU/piano/pong resources","MAS/game/mod_assets/games/nou/cards/y1.png",".png","150","214","28777","Optional later modules; not needed for v0.8 GUI MVP."
"minigame_assets","nou/cards","Chess/hangman/NOU/piano/pong resources","MAS/game/mod_assets/games/nou/cards/y2.png",".png","150","214","32270","Optional later modules; not needed for v0.8 GUI MVP."
"minigame_assets","nou/cards","Chess/hangman/NOU/piano/pong resources","MAS/game/mod_assets/games/nou/cards/y3.png",".png","150","214","32221","Optional later modules; not needed for v0.8 GUI MVP."
"minigame_assets","nou/cards","Chess/hangman/NOU/piano/pong resources","MAS/game/mod_assets/games/nou/cards/y4.png",".png","150","214","30684","Optional later modules; not needed for v0.8 GUI MVP."
"minigame_assets","nou/cards","Chess/hangman/NOU/piano/pong resources","MAS/game/mod_assets/games/nou/cards/y5.png",".png","150","214","31904","Optional later modules; not needed for v0.8 GUI MVP."
"minigame_assets","nou/cards","Chess/hangman/NOU/piano/pong resources","MAS/game/mod_assets/games/nou/cards/y6.png",".png","150","214","32895","Optional later modules; not needed for v0.8 GUI MVP."
"minigame_assets","nou/cards","Chess/hangman/NOU/piano/pong resources","MAS/game/mod_assets/games/nou/cards/y7.png",".png","150","214","30965","Optional later modules; not needed for v0.8 GUI MVP."
"minigame_assets","nou/cards","Chess/hangman/NOU/piano/pong resources","MAS/game/mod_assets/games/nou/cards/y8.png",".png","150","214","32967","Optional later modules; not needed for v0.8 GUI MVP."
"minigame_assets","nou/cards","Chess/hangman/NOU/piano/pong resources","MAS/game/mod_assets/games/nou/cards/y9.png",".png","150","214","33010","Optional later modules; not needed for v0.8 GUI MVP."
"minigame_assets","nou/cards","Chess/hangman/NOU/piano/pong resources","MAS/game/mod_assets/games/nou/cards/yd2.png",".png","150","214","30244","Optional later modules; not needed for v0.8 GUI MVP."
"minigame_assets","nou/cards","Chess/hangman/NOU/piano/pong resources","MAS/game/mod_assets/games/nou/cards/yr.png",".png","150","214","32869","Optional later modules; not needed for v0.8 GUI MVP."
"minigame_assets","nou/cards","Chess/hangman/NOU/piano/pong resources","MAS/game/mod_assets/games/nou/cards/ys.png",".png","150","214","35467","Optional later modules; not needed for v0.8 GUI MVP."
"minigame_assets","nou/desks","Chess/hangman/NOU/piano/pong resources","MAS/game/mod_assets/games/nou/desks/spaceroom.png",".png","1280","720","114318","Optional later modules; not needed for v0.8 GUI MVP."
"minigame_assets","nou","Chess/hangman/NOU/piano/pong resources","MAS/game/mod_assets/games/nou/note.png",".png","262","350","19345","Optional later modules; not needed for v0.8 GUI MVP."
"minigame_assets","nou","Chess/hangman/NOU/piano/pong resources","MAS/game/mod_assets/games/nou/pen.png",".png","338","402","29203","Optional later modules; not needed for v0.8 GUI MVP."
"minigame_assets","nou/sfx","Chess/hangman/NOU/piano/pong resources","MAS/game/mod_assets/games/nou/sfx/move_deck_0.mp3",".mp3",,,"19953","Optional later modules; not needed for v0.8 GUI MVP."
"minigame_assets","nou/sfx","Chess/hangman/NOU/piano/pong resources","MAS/game/mod_assets/games/nou/sfx/place_0.mp3",".mp3",,,"23080","Optional later modules; not needed for v0.8 GUI MVP."
"minigame_assets","nou/sfx","Chess/hangman/NOU/piano/pong resources","MAS/game/mod_assets/games/nou/sfx/place_1.mp3",".mp3",,,"20992","Optional later modules; not needed for v0.8 GUI MVP."
"minigame_assets","nou/sfx","Chess/hangman/NOU/piano/pong resources","MAS/game/mod_assets/games/nou/sfx/place_2.mp3",".mp3",,,"20958","Optional later modules; not needed for v0.8 GUI MVP."
"minigame_assets","nou/sfx","Chess/hangman/NOU/piano/pong resources","MAS/game/mod_assets/games/nou/sfx/place_3.mp3",".mp3",,,"12633","Optional later modules; not needed for v0.8 GUI MVP."
"minigame_assets","nou/sfx","Chess/hangman/NOU/piano/pong resources","MAS/game/mod_assets/games/nou/sfx/shove_0.mp3",".mp3",,,"18902","Optional later modules; not needed for v0.8 GUI MVP."
"minigame_assets","nou/sfx","Chess/hangman/NOU/piano/pong resources","MAS/game/mod_assets/games/nou/sfx/shove_1.mp3",".mp3",,,"13677","Optional later modules; not needed for v0.8 GUI MVP."
"minigame_assets","nou/sfx","Chess/hangman/NOU/piano/pong resources","MAS/game/mod_assets/games/nou/sfx/shove_2.mp3",".mp3",,,"12632","Optional later modules; not needed for v0.8 GUI MVP."
"minigame_assets","nou/sfx","Chess/hangman/NOU/piano/pong resources","MAS/game/mod_assets/games/nou/sfx/shove_3.mp3",".mp3",,,"14722","Optional later modules; not needed for v0.8 GUI MVP."
"minigame_assets","nou/sfx","Chess/hangman/NOU/piano/pong resources","MAS/game/mod_assets/games/nou/sfx/shuffle_0.mp3",".mp3",,,"125483","Optional later modules; not needed for v0.8 GUI MVP."
"minigame_assets","nou/sfx","Chess/hangman/NOU/piano/pong resources","MAS/game/mod_assets/games/nou/sfx/slide_0.mp3",".mp3",,,"11553","Optional later modules; not needed for v0.8 GUI MVP."
"minigame_assets","nou/sfx","Chess/hangman/NOU/piano/pong resources","MAS/game/mod_assets/games/nou/sfx/slide_1.mp3",".mp3",,,"12632","Optional later modules; not needed for v0.8 GUI MVP."
"minigame_assets","nou/sfx","Chess/hangman/NOU/piano/pong resources","MAS/game/mod_assets/games/nou/sfx/slide_2.mp3",".mp3",,,"15767","Optional later modules; not needed for v0.8 GUI MVP."
"minigame_assets","nou/sfx","Chess/hangman/NOU/piano/pong resources","MAS/game/mod_assets/games/nou/sfx/slide_3.mp3",".mp3",,,"11588","Optional later modules; not needed for v0.8 GUI MVP."
"minigame_assets","nou/sfx","Chess/hangman/NOU/piano/pong resources","MAS/game/mod_assets/games/nou/sfx/slide_4.mp3",".mp3",,,"15768","Optional later modules; not needed for v0.8 GUI MVP."
"minigame_assets","nou/sfx","Chess/hangman/NOU/piano/pong resources","MAS/game/mod_assets/games/nou/sfx/slide_5.mp3",".mp3",,,"12633","Optional later modules; not needed for v0.8 GUI MVP."
"minigame_assets","piano","Chess/hangman/NOU/piano/pong resources","MAS/game/mod_assets/games/piano/board.png",".png","545","322","26658","Optional later modules; not needed for v0.8 GUI MVP."
"minigame_assets","piano","Chess/hangman/NOU/piano/pong resources","MAS/game/mod_assets/games/piano/lyrical_bar.png",".png","1280","50","528","Optional later modules; not needed for v0.8 GUI MVP."
"minigame_assets","piano/ovl","Chess/hangman/NOU/piano/pong resources","MAS/game/mod_assets/games/piano/ovl/ebony.png",".png","29","152","1014","Optional later modules; not needed for v0.8 GUI MVP."
"minigame_assets","piano/ovl","Chess/hangman/NOU/piano/pong resources","MAS/game/mod_assets/games/piano/ovl/ivory_center.png",".png","36","214","1260","Optional later modules; not needed for v0.8 GUI MVP."
"minigame_assets","piano/ovl","Chess/hangman/NOU/piano/pong resources","MAS/game/mod_assets/games/piano/ovl/ivory_left.png",".png","36","214","433","Optional later modules; not needed for v0.8 GUI MVP."
"minigame_assets","piano/ovl","Chess/hangman/NOU/piano/pong resources","MAS/game/mod_assets/games/piano/ovl/ivory_plain.png",".png","36","214","344","Optional later modules; not needed for v0.8 GUI MVP."
"minigame_assets","piano/ovl","Chess/hangman/NOU/piano/pong resources","MAS/game/mod_assets/games/piano/ovl/ivory_right.png",".png","36","214","999","Optional later modules; not needed for v0.8 GUI MVP."
"minigame_assets","piano","Chess/hangman/NOU/piano/pong resources","MAS/game/mod_assets/games/piano/piano.png",".png","443","214","2316","Optional later modules; not needed for v0.8 GUI MVP."
"minigame_assets","piano/songs","Chess/hangman/NOU/piano/pong resources","MAS/game/mod_assets/games/piano/songs/happybirthday.json",".json",,,"1801","Optional later modules; not needed for v0.8 GUI MVP."
"minigame_assets","piano/songs","Chess/hangman/NOU/piano/pong resources","MAS/game/mod_assets/games/piano/songs/yourreality.json",".json",,,"16395","Optional later modules; not needed for v0.8 GUI MVP."
"minigame_assets","pong","Chess/hangman/NOU/piano/pong resources","MAS/game/mod_assets/games/pong/pong.png",".png","10","79","150","Optional later modules; not needed for v0.8 GUI MVP."
"minigame_assets","pong","Chess/hangman/NOU/piano/pong resources","MAS/game/mod_assets/games/pong/pong_ball.png",".png","15","15","316","Optional later modules; not needed for v0.8 GUI MVP."
"minigame_assets","pong","Chess/hangman/NOU/piano/pong resources","MAS/game/mod_assets/games/pong/pong_field.png",".png","1280","720","6873","Optional later modules; not needed for v0.8 GUI MVP."
"poem_assets","poem_d25.png/poem_assets","Visual/UI resource","MAS/game/mod_assets/poem_assets/poem_d25.png",".png","800","720","8826","Review manually before use."
"poem_assets","poem_finalfarewell.png/poem_assets","Visual/UI resource","MAS/game/mod_assets/poem_assets/poem_finalfarewell.png",".png","800","720","665852","Review manually before use."
"poem_assets","poem_pbday_1.png/poem_assets","Visual/UI resource","MAS/game/mod_assets/poem_assets/poem_pbday_1.png",".png","800","720","411717","Review manually before use."
"poem_assets","poem_pbday_10.png/poem_assets","Visual/UI resource","MAS/game/mod_assets/poem_assets/poem_pbday_10.png",".png","800","720","251986","Review manually before use."
"poem_assets","poem_pbday_11.png/poem_assets","Visual/UI resource","MAS/game/mod_assets/poem_assets/poem_pbday_11.png",".png","800","720","250680","Review manually before use."
"poem_assets","poem_pbday_12.png/poem_assets","Visual/UI resource","MAS/game/mod_assets/poem_assets/poem_pbday_12.png",".png","800","720","252808","Review manually before use."
"poem_assets","poem_pbday_2.png/poem_assets","Visual/UI resource","MAS/game/mod_assets/poem_assets/poem_pbday_2.png",".png","800","720","411836","Review manually before use."
"poem_assets","poem_pbday_3.png/poem_assets","Visual/UI resource","MAS/game/mod_assets/poem_assets/poem_pbday_3.png",".png","800","720","259678","Review manually before use."
"poem_assets","poem_pbday_4.png/poem_assets","Visual/UI resource","MAS/game/mod_assets/poem_assets/poem_pbday_4.png",".png","800","720","143011","Review manually before use."
"poem_assets","poem_pbday_5.png/poem_assets","Visual/UI resource","MAS/game/mod_assets/poem_assets/poem_pbday_5.png",".png","800","720","257569","Review manually before use."
"poem_assets","poem_pbday_6.png/poem_assets","Visual/UI resource","MAS/game/mod_assets/poem_assets/poem_pbday_6.png",".png","800","720","256431","Review manually before use."
"poem_assets","poem_pbday_7.png/poem_assets","Visual/UI resource","MAS/game/mod_assets/poem_assets/poem_pbday_7.png",".png","800","720","258105","Review manually before use."
"poem_assets","poem_pbday_8.png/poem_assets","Visual/UI resource","MAS/game/mod_assets/poem_assets/poem_pbday_8.png",".png","800","720","259735","Review manually before use."
"poem_assets","poem_pbday_9.png/poem_assets","Visual/UI resource","MAS/game/mod_assets/poem_assets/poem_pbday_9.png",".png","800","720","210529","Review manually before use."
"poem_assets","poem_vday.jpg/poem_assets","Visual/UI resource","MAS/game/mod_assets/poem_assets/poem_vday.jpg",".jpg","800","720","94068","Review manually before use."
"props_effects_misc","chibi_peek.png/other","Visual/UI resource","MAS/game/mod_assets/other/chibi_peek.png",".png","1280","720","3694151","Review manually before use."
"props_effects_misc","chibi_peek-n.png/other","Visual/UI resource","MAS/game/mod_assets/other/chibi_peek-n.png",".png","1280","720","7287","Review manually before use."
"props_effects_misc","ghost_monika.png/other","Visual/UI resource","MAS/game/mod_assets/other/ghost_monika.png",".png","1281","850","369849","Review manually before use."
"props_effects_misc","lantern.png/other","Visual/UI resource","MAS/game/mod_assets/other/lantern.png",".png","450","450","58655","Review manually before use."
"props_effects_misc","m_sticker_sad.png/other","Visual/UI resource","MAS/game/mod_assets/other/m_sticker_sad.png",".png","119","168","24996","Review manually before use."
"props_effects_misc","mas_piano.png/other","Visual/UI resource","MAS/game/mod_assets/other/mas_piano.png",".png","1734","1088","190726","Review manually before use."
"props_effects_misc","mas_piano-n.png/other","Visual/UI resource","MAS/game/mod_assets/other/mas_piano-n.png",".png","1734","1088","112463","Review manually before use."
"props_effects_misc","mujina.png/other","Visual/UI resource","MAS/game/mod_assets/other/mujina.png",".png","1280","850","260510","Review manually before use."
"props_effects_misc","stab-wound.png/other","Visual/UI resource","MAS/game/mod_assets/other/stab-wound.png",".png","1281","850","37664","Review manually before use."
"props_effects_misc","thunder.png/other","Visual/UI resource","MAS/game/mod_assets/other/thunder.png",".png","1280","850","6604","Review manually before use."
"props_effects_misc","transparent.png/other","Visual/UI resource","MAS/game/mod_assets/other/transparent.png",".png","1280","720","3748","Review manually before use."
"props_effects_misc","tree_sil.png/other","Visual/UI resource","MAS/game/mod_assets/other/tree_sil.png",".png","320","180","6602","Review manually before use."
"renpy_gui_assets","check_foreground_d.png/button","RenPy GUI skin, textboxes, buttons, overlays","MAS/game/gui/button/check_foreground_d.png",".png","25","36","97","Reference or reuse for buttons, textbox, namebox, menus; may need redesign for independent GUI."
"renpy_gui_assets","check_selected_foreground_d.png/button","RenPy GUI skin, textboxes, buttons, overlays","MAS/game/gui/button/check_selected_foreground_d.png",".png","28","28","3264","Reference or reuse for buttons, textbox, namebox, menus; may need redesign for independent GUI."
"renpy_gui_assets","choice_dark_hover_background.png/button","RenPy GUI skin, textboxes, buttons, overlays","MAS/game/gui/button/choice_dark_hover_background.png",".png","400","35","318","Reference or reuse for buttons, textbox, namebox, menus; may need redesign for independent GUI."
"renpy_gui_assets","choice_dark_idle_background.png/button","RenPy GUI skin, textboxes, buttons, overlays","MAS/game/gui/button/choice_dark_idle_background.png",".png","400","35","292","Reference or reuse for buttons, textbox, namebox, menus; may need redesign for independent GUI."
"renpy_gui_assets","scrollable_menu_dark_disable_background.png/button","RenPy GUI skin, textboxes, buttons, overlays","MAS/game/gui/button/scrollable_menu_dark_disable_background.png",".png","400","35","281","Reference or reuse for buttons, textbox, namebox, menus; may need redesign for independent GUI."
"renpy_gui_assets","scrollable_menu_dark_hover_background.png/button","RenPy GUI skin, textboxes, buttons, overlays","MAS/game/gui/button/scrollable_menu_dark_hover_background.png",".png","400","35","318","Reference or reuse for buttons, textbox, namebox, menus; may need redesign for independent GUI."
"renpy_gui_assets","scrollable_menu_dark_idle_background.png/button","RenPy GUI skin, textboxes, buttons, overlays","MAS/game/gui/button/scrollable_menu_dark_idle_background.png",".png","400","35","292","Reference or reuse for buttons, textbox, namebox, menus; may need redesign for independent GUI."
"renpy_gui_assets","scrollable_menu_disable_background.png/button","RenPy GUI skin, textboxes, buttons, overlays","MAS/game/gui/button/scrollable_menu_disable_background.png",".png","400","35","269","Reference or reuse for buttons, textbox, namebox, menus; may need redesign for independent GUI."
"renpy_gui_assets","scrollable_menu_hover_background.png/button","RenPy GUI skin, textboxes, buttons, overlays","MAS/game/gui/button/scrollable_menu_hover_background.png",".png","400","35","15126","Reference or reuse for buttons, textbox, namebox, menus; may need redesign for independent GUI."
"renpy_gui_assets","scrollable_menu_idle_background.png/button","RenPy GUI skin, textboxes, buttons, overlays","MAS/game/gui/button/scrollable_menu_idle_background.png",".png","400","35","15106","Reference or reuse for buttons, textbox, namebox, menus; may need redesign for independent GUI."
"renpy_gui_assets","twopane_scrollable_menu_dark_hover_background.png/button","RenPy GUI skin, textboxes, buttons, overlays","MAS/game/gui/button/twopane_scrollable_menu_dark_hover_background.png",".png","400","35","318","Reference or reuse for buttons, textbox, namebox, menus; may need redesign for independent GUI."
"renpy_gui_assets","twopane_scrollable_menu_dark_idle_background.png/button","RenPy GUI skin, textboxes, buttons, overlays","MAS/game/gui/button/twopane_scrollable_menu_dark_idle_background.png",".png","400","35","292","Reference or reuse for buttons, textbox, namebox, menus; may need redesign for independent GUI."
"renpy_gui_assets","twopane_scrollable_menu_hover_background.png/button","RenPy GUI skin, textboxes, buttons, overlays","MAS/game/gui/button/twopane_scrollable_menu_hover_background.png",".png","400","35","15126","Reference or reuse for buttons, textbox, namebox, menus; may need redesign for independent GUI."
"renpy_gui_assets","twopane_scrollable_menu_idle_background.png/button","RenPy GUI skin, textboxes, buttons, overlays","MAS/game/gui/button/twopane_scrollable_menu_idle_background.png",".png","400","35","15106","Reference or reuse for buttons, textbox, namebox, menus; may need redesign for independent GUI."
"renpy_gui_assets","","RenPy GUI skin, textboxes, buttons, overlays","MAS/game/gui/frame_d.png",".png","600","250","1148","Reference or reuse for buttons, textbox, namebox, menus; may need redesign for independent GUI."
"renpy_gui_assets","","RenPy GUI skin, textboxes, buttons, overlays","MAS/game/gui/menu_bg_d.png",".png","1380","1320","46501","Reference or reuse for buttons, textbox, namebox, menus; may need redesign for independent GUI."
"renpy_gui_assets","","RenPy GUI skin, textboxes, buttons, overlays","MAS/game/gui/namebox_d.png",".png","168","39","564","Reference or reuse for buttons, textbox, namebox, menus; may need redesign for independent GUI."
"renpy_gui_assets","confirm_d.png/overlay","RenPy GUI skin, textboxes, buttons, overlays","MAS/game/gui/overlay/confirm_d.png",".png","1280","720","5376","Reference or reuse for buttons, textbox, namebox, menus; may need redesign for independent GUI."
"renpy_gui_assets","game_menu_d.png/overlay","RenPy GUI skin, textboxes, buttons, overlays","MAS/game/gui/overlay/game_menu_d.png",".png","1280","720","16511","Reference or reuse for buttons, textbox, namebox, menus; may need redesign for independent GUI."
"renpy_gui_assets","main_menu_d.png/overlay","RenPy GUI skin, textboxes, buttons, overlays","MAS/game/gui/overlay/main_menu_d.png",".png","1280","720","14573","Reference or reuse for buttons, textbox, namebox, menus; may need redesign for independent GUI."
"renpy_gui_assets","horizontal_poem_bar_d.png/scrollbar","RenPy GUI skin, textboxes, buttons, overlays","MAS/game/gui/scrollbar/horizontal_poem_bar_d.png",".png","716","18","61968","Reference or reuse for buttons, textbox, namebox, menus; may need redesign for independent GUI."
"renpy_gui_assets","vertical_poem_bar_d.png/scrollbar","RenPy GUI skin, textboxes, buttons, overlays","MAS/game/gui/scrollbar/vertical_poem_bar_d.png",".png","18","716","62813","Reference or reuse for buttons, textbox, namebox, menus; may need redesign for independent GUI."
"renpy_gui_assets","","RenPy GUI skin, textboxes, buttons, overlays","MAS/game/gui/textbox_d.png",".png","816","146","9260","Reference or reuse for buttons, textbox, namebox, menus; may need redesign for independent GUI."
"renpy_gui_assets","","RenPy GUI skin, textboxes, buttons, overlays","MAS/game/gui/textbox_monika_d.png",".png","900","146","13425","Reference or reuse for buttons, textbox, namebox, menus; may need redesign for independent GUI."
"room_backgrounds","spaceroom","Spaceroom base backgrounds and weather variants","MAS/game/mod_assets/location/spaceroom/spaceroom.png",".png","1280","720","1269297","High priority for first GUI background scene."
"room_backgrounds","spaceroom","Spaceroom base backgrounds and weather variants","MAS/game/mod_assets/location/spaceroom/spaceroom_rain.png",".png","1280","720","1126639","High priority for first GUI background scene."
"room_backgrounds","spaceroom","Spaceroom base backgrounds and weather variants","MAS/game/mod_assets/location/spaceroom/spaceroom_snow.png",".png","1280","720","1156875","High priority for first GUI background scene."
"room_backgrounds","spaceroom","Spaceroom base backgrounds and weather variants","MAS/game/mod_assets/location/spaceroom/spaceroom_snow-n.png",".png","1280","720","973398","High priority for first GUI background scene."
"room_backgrounds","spaceroom","Spaceroom base backgrounds and weather variants","MAS/game/mod_assets/location/spaceroom/spaceroom_ss_snow.png",".png","1280","850","1320990","High priority for first GUI background scene."
"room_backgrounds","spaceroom","Spaceroom base backgrounds and weather variants","MAS/game/mod_assets/location/spaceroom/spaceroom-n.png",".png","1280","720","952370","High priority for first GUI background scene."
"rpa_archive","game archive","RenPy packed archive; may contain additional images/audio/fonts/scripts","MAS/game/audio.rpa",".rpa",,,"65683283","Optional extraction target if current loose assets are not enough; keep original untouched."
"rpa_archive","game archive","RenPy packed archive; may contain additional images/audio/fonts/scripts","MAS/game/fonts.rpa",".rpa",,,"1831581","Optional extraction target if current loose assets are not enough; keep original untouched."
"rpa_archive","game archive","RenPy packed archive; may contain additional images/audio/fonts/scripts","MAS/game/images.rpa",".rpa",,,"137750644","Optional extraction target if current loose assets are not enough; keep original untouched."
"rpa_archive","game archive","RenPy packed archive; may contain additional images/audio/fonts/scripts","MAS/game/scripts.rpa",".rpa",,,"2708885","Optional extraction target if current loose assets are not enough; keep original untouched."
"sfx_audio","amb","Sound effects candidates","MAS/game/mod_assets/sounds/amb/rain_2.ogg",".ogg",,,"385493","Optional UI/event feedback sounds."
"sfx_audio","amb","Sound effects candidates","MAS/game/mod_assets/sounds/amb/thunder.wav",".wav",,,"1147336","Optional UI/event feedback sounds."
"sfx_audio","amb","Sound effects candidates","MAS/game/mod_assets/sounds/amb/thunder_1.wav",".wav",,,"2646736","Optional UI/event feedback sounds."
"sfx_audio","effects","Sound effects candidates","MAS/game/mod_assets/sounds/effects/kissing.ogg",".ogg",,,"7388","Optional UI/event feedback sounds."
"sfx_audio","effects","Sound effects candidates","MAS/game/mod_assets/sounds/effects/light-switch-sound-effect.mp3",".mp3",,,"44930","Optional UI/event feedback sounds."
"sfx_audio","effects","Sound effects candidates","MAS/game/mod_assets/sounds/effects/notif.wav",".wav",,,"776592","Optional UI/event feedback sounds."
"sfx_audio","piano_keys","Sound effects candidates","MAS/game/mod_assets/sounds/piano_keys/A4.ogg",".ogg",,,"62646","Optional UI/event feedback sounds."
"sfx_audio","piano_keys","Sound effects candidates","MAS/game/mod_assets/sounds/piano_keys/A4sh.ogg",".ogg",,,"63230","Optional UI/event feedback sounds."
"sfx_audio","piano_keys","Sound effects candidates","MAS/game/mod_assets/sounds/piano_keys/A5.ogg",".ogg",,,"60173","Optional UI/event feedback sounds."
"sfx_audio","piano_keys","Sound effects candidates","MAS/game/mod_assets/sounds/piano_keys/A5sh.ogg",".ogg",,,"62763","Optional UI/event feedback sounds."
"sfx_audio","piano_keys","Sound effects candidates","MAS/game/mod_assets/sounds/piano_keys/B4.ogg",".ogg",,,"63255","Optional UI/event feedback sounds."
"sfx_audio","piano_keys","Sound effects candidates","MAS/game/mod_assets/sounds/piano_keys/B5.ogg",".ogg",,,"60457","Optional UI/event feedback sounds."
"sfx_audio","piano_keys","Sound effects candidates","MAS/game/mod_assets/sounds/piano_keys/C5.ogg",".ogg",,,"63292","Optional UI/event feedback sounds."
"sfx_audio","piano_keys","Sound effects candidates","MAS/game/mod_assets/sounds/piano_keys/C5sh.ogg",".ogg",,,"62685","Optional UI/event feedback sounds."
"sfx_audio","piano_keys","Sound effects candidates","MAS/game/mod_assets/sounds/piano_keys/C6.ogg",".ogg",,,"59683","Optional UI/event feedback sounds."
"sfx_audio","piano_keys","Sound effects candidates","MAS/game/mod_assets/sounds/piano_keys/D5.ogg",".ogg",,,"63582","Optional UI/event feedback sounds."
"sfx_audio","piano_keys","Sound effects candidates","MAS/game/mod_assets/sounds/piano_keys/D5sh.ogg",".ogg",,,"63782","Optional UI/event feedback sounds."
"sfx_audio","piano_keys","Sound effects candidates","MAS/game/mod_assets/sounds/piano_keys/E5.ogg",".ogg",,,"61446","Optional UI/event feedback sounds."
"sfx_audio","piano_keys","Sound effects candidates","MAS/game/mod_assets/sounds/piano_keys/F4.ogg",".ogg",,,"64393","Optional UI/event feedback sounds."
"sfx_audio","piano_keys","Sound effects candidates","MAS/game/mod_assets/sounds/piano_keys/F4sh.ogg",".ogg",,,"67515","Optional UI/event feedback sounds."
"sfx_audio","piano_keys","Sound effects candidates","MAS/game/mod_assets/sounds/piano_keys/F5.ogg",".ogg",,,"61447","Optional UI/event feedback sounds."
"sfx_audio","piano_keys","Sound effects candidates","MAS/game/mod_assets/sounds/piano_keys/F5sh.ogg",".ogg",,,"64625","Optional UI/event feedback sounds."
"sfx_audio","piano_keys","Sound effects candidates","MAS/game/mod_assets/sounds/piano_keys/G4.ogg",".ogg",,,"65481","Optional UI/event feedback sounds."
"sfx_audio","piano_keys","Sound effects candidates","MAS/game/mod_assets/sounds/piano_keys/G4sh.ogg",".ogg",,,"64344","Optional UI/event feedback sounds."
"sfx_audio","piano_keys","Sound effects candidates","MAS/game/mod_assets/sounds/piano_keys/G5.ogg",".ogg",,,"61463","Optional UI/event feedback sounds."
"sfx_audio","piano_keys","Sound effects candidates","MAS/game/mod_assets/sounds/piano_keys/G5sh.ogg",".ogg",,,"60862","Optional UI/event feedback sounds."
"sfx_audio","pong_sounds","Sound effects candidates","MAS/game/mod_assets/sounds/pong_sounds/pong_beep.wav",".wav",,,"4454","Optional UI/event feedback sounds."
"sfx_audio","pong_sounds","Sound effects candidates","MAS/game/mod_assets/sounds/pong_sounds/pong_boop.wav",".wav",,,"4454","Optional UI/event feedback sounds."
"special_location_backgrounds","special","Visual/UI resource","MAS/game/mod_assets/location/special/our_reality","",,,"40892064","Review manually before use."
"thumbnail_assets","acs-anonymioo_ribbon_bisexualpride.png/thumbs","Visual/UI resource","MAS/game/mod_assets/thumbs/acs-anonymioo_ribbon_bisexualpride.png",".png","180","180","39279","Review manually before use."
"thumbnail_assets","acs-anonymioo_ribbon_blackandwhite.png/thumbs","Visual/UI resource","MAS/game/mod_assets/thumbs/acs-anonymioo_ribbon_blackandwhite.png",".png","180","180","34734","Review manually before use."
"thumbnail_assets","acs-anonymioo_ribbon_bronze.png/thumbs","Visual/UI resource","MAS/game/mod_assets/thumbs/acs-anonymioo_ribbon_bronze.png",".png","180","180","39192","Review manually before use."
"thumbnail_assets","acs-anonymioo_ribbon_brown.png/thumbs","Visual/UI resource","MAS/game/mod_assets/thumbs/acs-anonymioo_ribbon_brown.png",".png","180","180","36427","Review manually before use."
"thumbnail_assets","acs-anonymioo_ribbon_gradient.png/thumbs","Visual/UI resource","MAS/game/mod_assets/thumbs/acs-anonymioo_ribbon_gradient.png",".png","180","180","44579","Review manually before use."
"thumbnail_assets","acs-anonymioo_ribbon_gradient_lowpoly.png/thumbs","Visual/UI resource","MAS/game/mod_assets/thumbs/acs-anonymioo_ribbon_gradient_lowpoly.png",".png","180","180","43264","Review manually before use."
"thumbnail_assets","acs-anonymioo_ribbon_gradient_rainbow.png/thumbs","Visual/UI resource","MAS/game/mod_assets/thumbs/acs-anonymioo_ribbon_gradient_rainbow.png",".png","180","180","41820","Review manually before use."
"thumbnail_assets","acs-anonymioo_ribbon_polkadots_whiteonred.png/thumbs","Visual/UI resource","MAS/game/mod_assets/thumbs/acs-anonymioo_ribbon_polkadots_whiteonred.png",".png","180","180","38733","Review manually before use."
"thumbnail_assets","acs-anonymioo_ribbon_starsky_black.png/thumbs","Visual/UI resource","MAS/game/mod_assets/thumbs/acs-anonymioo_ribbon_starsky_black.png",".png","180","180","43008","Review manually before use."
"thumbnail_assets","acs-anonymioo_ribbon_starsky_red.png/thumbs","Visual/UI resource","MAS/game/mod_assets/thumbs/acs-anonymioo_ribbon_starsky_red.png",".png","180","180","45134","Review manually before use."
"thumbnail_assets","acs-anonymioo_ribbon_striped_blueandwhite.png/thumbs","Visual/UI resource","MAS/game/mod_assets/thumbs/acs-anonymioo_ribbon_striped_blueandwhite.png",".png","180","180","42624","Review manually before use."
"thumbnail_assets","acs-anonymioo_ribbon_striped_pinkandwhite.png/thumbs","Visual/UI resource","MAS/game/mod_assets/thumbs/acs-anonymioo_ribbon_striped_pinkandwhite.png",".png","180","180","44153","Review manually before use."
"thumbnail_assets","acs-anonymioo_ribbon_transexualpride.png/thumbs","Visual/UI resource","MAS/game/mod_assets/thumbs/acs-anonymioo_ribbon_transexualpride.png",".png","180","180","42709","Review manually before use."
"thumbnail_assets","acs-bellmandi86_hairclip_bat.png/thumbs","Visual/UI resource","MAS/game/mod_assets/thumbs/acs-bellmandi86_hairclip_bat.png",".png","180","180","5063","Review manually before use."
"thumbnail_assets","acs-bellmandi86_hairclip_crescentmoon.png/thumbs","Visual/UI resource","MAS/game/mod_assets/thumbs/acs-bellmandi86_hairclip_crescentmoon.png",".png","180","180","6214","Review manually before use."
"thumbnail_assets","acs-bellmandi86_hairclip_ghost.png/thumbs","Visual/UI resource","MAS/game/mod_assets/thumbs/acs-bellmandi86_hairclip_ghost.png",".png","180","180","5462","Review manually before use."
"thumbnail_assets","acs-bellmandi86_hairclip_pumpkin.png/thumbs","Visual/UI resource","MAS/game/mod_assets/thumbs/acs-bellmandi86_hairclip_pumpkin.png",".png","180","180","6317","Review manually before use."
"thumbnail_assets","acs-briaryoung_blacksilver_piercings.png/thumbs","Visual/UI resource","MAS/game/mod_assets/thumbs/acs-briaryoung_blacksilver_piercings.png",".png","180","180","55479","Review manually before use."
"thumbnail_assets","acs-briaryoung_choker_chain_silver.png/thumbs","Visual/UI resource","MAS/game/mod_assets/thumbs/acs-briaryoung_choker_chain_silver.png",".png","180","180","37671","Review manually before use."
"thumbnail_assets","acs-briaryoung_choker_daisy_white.png/thumbs","Visual/UI resource","MAS/game/mod_assets/thumbs/acs-briaryoung_choker_daisy_white.png",".png","180","180","38928","Review manually before use."
"thumbnail_assets","acs-briaryoung_choker_emerald_green.png/thumbs","Visual/UI resource","MAS/game/mod_assets/thumbs/acs-briaryoung_choker_emerald_green.png",".png","180","180","37554","Review manually before use."
"thumbnail_assets","acs-briaryoung_choker_glitter_bead_silver.png/thumbs","Visual/UI resource","MAS/game/mod_assets/thumbs/acs-briaryoung_choker_glitter_bead_silver.png",".png","180","180","38993","Review manually before use."
"thumbnail_assets","acs-briaryoung_choker_ribbon_red.png/thumbs","Visual/UI resource","MAS/game/mod_assets/thumbs/acs-briaryoung_choker_ribbon_red.png",".png","180","180","40016","Review manually before use."
"thumbnail_assets","acs-briaryoung_choker_ruffles_red.png/thumbs","Visual/UI resource","MAS/game/mod_assets/thumbs/acs-briaryoung_choker_ruffles_red.png",".png","180","180","39072","Review manually before use."
"thumbnail_assets","acs-briaryoung_choker_silk_white.png/thumbs","Visual/UI resource","MAS/game/mod_assets/thumbs/acs-briaryoung_choker_silk_white.png",".png","180","180","37555","Review manually before use."
"thumbnail_assets","acs-briaryoung_choker_spiked_star.png/thumbs","Visual/UI resource","MAS/game/mod_assets/thumbs/acs-briaryoung_choker_spiked_star.png",".png","180","180","38516","Review manually before use."
"thumbnail_assets","acs-briaryoung_choker_spiral_black.png/thumbs","Visual/UI resource","MAS/game/mod_assets/thumbs/acs-briaryoung_choker_spiral_black.png",".png","180","180","39397","Review manually before use."
"thumbnail_assets","acs-briaryoung_choker_thread_ribbon.png/thumbs","Visual/UI resource","MAS/game/mod_assets/thumbs/acs-briaryoung_choker_thread_ribbon.png",".png","180","180","40399","Review manually before use."
"thumbnail_assets","acs-briaryoung_earrings_pearls.png/thumbs","Visual/UI resource","MAS/game/mod_assets/thumbs/acs-briaryoung_earrings_pearls.png",".png","180","180","55331","Review manually before use."
"thumbnail_assets","acs-briaryoung_mini_ribbon_black.png/thumbs","Visual/UI resource","MAS/game/mod_assets/thumbs/acs-briaryoung_mini_ribbon_black.png",".png","180","180","52639","Review manually before use."
"thumbnail_assets","acs-briaryoung_mini_ribbon_dark_pink.png/thumbs","Visual/UI resource","MAS/game/mod_assets/thumbs/acs-briaryoung_mini_ribbon_dark_pink.png",".png","180","180","56835","Review manually before use."
"thumbnail_assets","acs-briaryoung_mini_ribbon_gray.png/thumbs","Visual/UI resource","MAS/game/mod_assets/thumbs/acs-briaryoung_mini_ribbon_gray.png",".png","180","180","54683","Review manually before use."
"thumbnail_assets","acs-briaryoung_mini_ribbon_orange.png/thumbs","Visual/UI resource","MAS/game/mod_assets/thumbs/acs-briaryoung_mini_ribbon_orange.png",".png","180","180","56868","Review manually before use."
"thumbnail_assets","acs-briaryoung_mini_ribbon_pale_green.png/thumbs","Visual/UI resource","MAS/game/mod_assets/thumbs/acs-briaryoung_mini_ribbon_pale_green.png",".png","180","180","57146","Review manually before use."
"thumbnail_assets","acs-briaryoung_mini_ribbon_pink.png/thumbs","Visual/UI resource","MAS/game/mod_assets/thumbs/acs-briaryoung_mini_ribbon_pink.png",".png","180","180","56657","Review manually before use."
"thumbnail_assets","acs-briaryoung_mini_ribbon_purple.png/thumbs","Visual/UI resource","MAS/game/mod_assets/thumbs/acs-briaryoung_mini_ribbon_purple.png",".png","180","180","56610","Review manually before use."
"thumbnail_assets","acs-briaryoung_mini_ribbon_red.png/thumbs","Visual/UI resource","MAS/game/mod_assets/thumbs/acs-briaryoung_mini_ribbon_red.png",".png","180","180","54559","Review manually before use."
"thumbnail_assets","acs-briaryoung_mini_ribbon_royal_blue.png/thumbs","Visual/UI resource","MAS/game/mod_assets/thumbs/acs-briaryoung_mini_ribbon_royal_blue.png",".png","180","180","56571","Review manually before use."
"thumbnail_assets","acs-briaryoung_mini_ribbon_sky_blue.png/thumbs","Visual/UI resource","MAS/game/mod_assets/thumbs/acs-briaryoung_mini_ribbon_sky_blue.png",".png","180","180","58405","Review manually before use."
"thumbnail_assets","acs-briaryoung_mini_ribbon_white.png/thumbs","Visual/UI resource","MAS/game/mod_assets/thumbs/acs-briaryoung_mini_ribbon_white.png",".png","180","180","58846","Review manually before use."
"thumbnail_assets","acs-briaryoung_mini_ribbon_yellow.png/thumbs","Visual/UI resource","MAS/game/mod_assets/thumbs/acs-briaryoung_mini_ribbon_yellow.png",".png","180","180","57136","Review manually before use."
"thumbnail_assets","acs-diamond_necklace_pink.png/thumbs","Visual/UI resource","MAS/game/mod_assets/thumbs/acs-diamond_necklace_pink.png",".png","180","180","9147","Review manually before use."
"thumbnail_assets","acs-earrings_diamond_pink.png/thumbs","Visual/UI resource","MAS/game/mod_assets/thumbs/acs-earrings_diamond_pink.png",".png","180","180","53451","Review manually before use."
"thumbnail_assets","acs-grayhearts_hairclip.png/thumbs","Visual/UI resource","MAS/game/mod_assets/thumbs/acs-grayhearts_hairclip.png",".png","180","180","8672","Review manually before use."
"thumbnail_assets","acs-historyvariety_anchor_necklace.png/thumbs","Visual/UI resource","MAS/game/mod_assets/thumbs/acs-historyvariety_anchor_necklace.png",".png","180","180","6637","Review manually before use."
"thumbnail_assets","acs-historyvariety_animalcrossing_necklace.png/thumbs","Visual/UI resource","MAS/game/mod_assets/thumbs/acs-historyvariety_animalcrossing_necklace.png",".png","180","180","8493","Review manually before use."
"thumbnail_assets","acs-historyvariety_cactus_necklace.png/thumbs","Visual/UI resource","MAS/game/mod_assets/thumbs/acs-historyvariety_cactus_necklace.png",".png","180","180","14186","Review manually before use."
"thumbnail_assets","acs-historyvariety_goldchain_necklace.png/thumbs","Visual/UI resource","MAS/game/mod_assets/thumbs/acs-historyvariety_goldchain_necklace.png",".png","180","180","10073","Review manually before use."
"thumbnail_assets","acs-historyvariety_snailshell_necklace.png/thumbs","Visual/UI resource","MAS/game/mod_assets/thumbs/acs-historyvariety_snailshell_necklace.png",".png","180","180","10686","Review manually before use."
"thumbnail_assets","acs-historyvariety_star_necklace.png/thumbs","Visual/UI resource","MAS/game/mod_assets/thumbs/acs-historyvariety_star_necklace.png",".png","180","180","12625","Review manually before use."
"thumbnail_assets","acs-historyvariety_sunflower_necklace.png/thumbs","Visual/UI resource","MAS/game/mod_assets/thumbs/acs-historyvariety_sunflower_necklace.png",".png","180","180","14718","Review manually before use."
"thumbnail_assets","acs-historyvariety_triforce_necklace.png/thumbs","Visual/UI resource","MAS/game/mod_assets/thumbs/acs-historyvariety_triforce_necklace.png",".png","180","180","12725","Review manually before use."
"thumbnail_assets","acs-holly_hairclip.png/thumbs","Visual/UI resource","MAS/game/mod_assets/thumbs/acs-holly_hairclip.png",".png","180","180","15140","Review manually before use."
"thumbnail_assets","acs-jmo_hairclip_cherry.png/thumbs","Visual/UI resource","MAS/game/mod_assets/thumbs/acs-jmo_hairclip_cherry.png",".png","180","180","9852","Review manually before use."
"thumbnail_assets","acs-jmo_hairclip_heart.png/thumbs","Visual/UI resource","MAS/game/mod_assets/thumbs/acs-jmo_hairclip_heart.png",".png","180","180","8302","Review manually before use."
"thumbnail_assets","acs-jmo_hairclip_musicnote.png/thumbs","Visual/UI resource","MAS/game/mod_assets/thumbs/acs-jmo_hairclip_musicnote.png",".png","180","180","9117","Review manually before use."
"thumbnail_assets","acs-lanvallime_ribbon_coffee.png/thumbs","Visual/UI resource","MAS/game/mod_assets/thumbs/acs-lanvallime_ribbon_coffee.png",".png","180","180","37665","Review manually before use."
"thumbnail_assets","acs-lanvallime_ribbon_gold.png/thumbs","Visual/UI resource","MAS/game/mod_assets/thumbs/acs-lanvallime_ribbon_gold.png",".png","180","180","41830","Review manually before use."
"thumbnail_assets","acs-lanvallime_ribbon_hot_pink.png/thumbs","Visual/UI resource","MAS/game/mod_assets/thumbs/acs-lanvallime_ribbon_hot_pink.png",".png","180","180","41051","Review manually before use."
"thumbnail_assets","acs-lanvallime_ribbon_lilac.png/thumbs","Visual/UI resource","MAS/game/mod_assets/thumbs/acs-lanvallime_ribbon_lilac.png",".png","180","180","41801","Review manually before use."
"thumbnail_assets","acs-lanvallime_ribbon_lime_green.png/thumbs","Visual/UI resource","MAS/game/mod_assets/thumbs/acs-lanvallime_ribbon_lime_green.png",".png","180","180","41586","Review manually before use."
"thumbnail_assets","acs-lanvallime_ribbon_navy_blue.png/thumbs","Visual/UI resource","MAS/game/mod_assets/thumbs/acs-lanvallime_ribbon_navy_blue.png",".png","180","180","37692","Review manually before use."
"thumbnail_assets","acs-lanvallime_ribbon_orange.png/thumbs","Visual/UI resource","MAS/game/mod_assets/thumbs/acs-lanvallime_ribbon_orange.png",".png","180","180","41348","Review manually before use."
"thumbnail_assets","acs-lanvallime_ribbon_royal_purple.png/thumbs","Visual/UI resource","MAS/game/mod_assets/thumbs/acs-lanvallime_ribbon_royal_purple.png",".png","180","180","38885","Review manually before use."
"thumbnail_assets","acs-lanvallime_ribbon_sky_blue.png/thumbs","Visual/UI resource","MAS/game/mod_assets/thumbs/acs-lanvallime_ribbon_sky_blue.png",".png","180","180","41479","Review manually before use."
"thumbnail_assets","acs-marisa_witchhat.png/thumbs","Visual/UI resource","MAS/game/mod_assets/thumbs/acs-marisa_witchhat.png",".png","180","180","56274","Review manually before use."
"thumbnail_assets","acs-multimokia_bow_black.png/thumbs","Visual/UI resource","MAS/game/mod_assets/thumbs/acs-multimokia_bow_black.png",".png","180","180","47225","Review manually before use."
"thumbnail_assets","acs-musicnote_necklace_gold.png/thumbs","Visual/UI resource","MAS/game/mod_assets/thumbs/acs-musicnote_necklace_gold.png",".png","180","180","14573","Review manually before use."
"thumbnail_assets","acs-orcaramelo_hairflower_pink.png/thumbs","Visual/UI resource","MAS/game/mod_assets/thumbs/acs-orcaramelo_hairflower_pink.png",".png","180","180","58894","Review manually before use."
"thumbnail_assets","acs-orcaramelo_twinribbon_blue.png/thumbs","Visual/UI resource","MAS/game/mod_assets/thumbs/acs-orcaramelo_twinribbon_blue.png",".png","180","180","36333","Review manually before use."
"thumbnail_assets","acs-orcaramelo_twinribbon_green.png/thumbs","Visual/UI resource","MAS/game/mod_assets/thumbs/acs-orcaramelo_twinribbon_green.png",".png","180","180","36511","Review manually before use."
"thumbnail_assets","acs-orcaramelo_twinribbon_pink.png/thumbs","Visual/UI resource","MAS/game/mod_assets/thumbs/acs-orcaramelo_twinribbon_pink.png",".png","180","180","36357","Review manually before use."
"thumbnail_assets","acs-orcaramelo_twinribbon_yellow.png/thumbs","Visual/UI resource","MAS/game/mod_assets/thumbs/acs-orcaramelo_twinribbon_yellow.png",".png","180","180","36526","Review manually before use."
"thumbnail_assets","acs-pinkdiamonds_hairclip.png/thumbs","Visual/UI resource","MAS/game/mod_assets/thumbs/acs-pinkdiamonds_hairclip.png",".png","180","180","4209","Review manually before use."
"thumbnail_assets","acs-retro_ribbon_amdek_amber.png/thumbs","Visual/UI resource","MAS/game/mod_assets/thumbs/acs-retro_ribbon_amdek_amber.png",".png","180","180","27300","Review manually before use."
"thumbnail_assets","acs-retro_ribbon_blue.png/thumbs","Visual/UI resource","MAS/game/mod_assets/thumbs/acs-retro_ribbon_blue.png",".png","180","180","28837","Review manually before use."
"thumbnail_assets","acs-retro_ribbon_emerald.png/thumbs","Visual/UI resource","MAS/game/mod_assets/thumbs/acs-retro_ribbon_emerald.png",".png","180","180","28716","Review manually before use."
"thumbnail_assets","acs-retro_ribbon_gb_green.png/thumbs","Visual/UI resource","MAS/game/mod_assets/thumbs/acs-retro_ribbon_gb_green.png",".png","180","180","27297","Review manually before use."
"thumbnail_assets","acs-retro_ribbon_normal.png/thumbs","Visual/UI resource","MAS/game/mod_assets/thumbs/acs-retro_ribbon_normal.png",".png","180","180","28801","Review manually before use."
"thumbnail_assets","acs-retro_ribbon_purple.png/thumbs","Visual/UI resource","MAS/game/mod_assets/thumbs/acs-retro_ribbon_purple.png",".png","180","180","28129","Review manually before use."
"thumbnail_assets","acs-retro_ribbon_red.png/thumbs","Visual/UI resource","MAS/game/mod_assets/thumbs/acs-retro_ribbon_red.png",".png","180","180","27977","Review manually before use."
"thumbnail_assets","acs-retro_ribbon_sgb_green.png/thumbs","Visual/UI resource","MAS/game/mod_assets/thumbs/acs-retro_ribbon_sgb_green.png",".png","180","180","27310","Review manually before use."
"thumbnail_assets","acs-ribbon_black.png/thumbs","Visual/UI resource","MAS/game/mod_assets/thumbs/acs-ribbon_black.png",".png","180","180","32720","Review manually before use."
"thumbnail_assets","acs-ribbon_black_gray.png/thumbs","Visual/UI resource","MAS/game/mod_assets/thumbs/acs-ribbon_black_gray.png",".png","180","180","34456","Review manually before use."
"thumbnail_assets","acs-ribbon_black_pink.png/thumbs","Visual/UI resource","MAS/game/mod_assets/thumbs/acs-ribbon_black_pink.png",".png","180","180","37409","Review manually before use."
"thumbnail_assets","acs-ribbon_blue.png/thumbs","Visual/UI resource","MAS/game/mod_assets/thumbs/acs-ribbon_blue.png",".png","180","180","39892","Review manually before use."
"thumbnail_assets","acs-ribbon_dark_purple.png/thumbs","Visual/UI resource","MAS/game/mod_assets/thumbs/acs-ribbon_dark_purple.png",".png","180","180","41577","Review manually before use."
"thumbnail_assets","acs-ribbon_def.png/thumbs","Visual/UI resource","MAS/game/mod_assets/thumbs/acs-ribbon_def.png",".png","180","180","43245","Review manually before use."
"thumbnail_assets","acs-ribbon_emerald.png/thumbs","Visual/UI resource","MAS/game/mod_assets/thumbs/acs-ribbon_emerald.png",".png","180","180","42043","Review manually before use."
"thumbnail_assets","acs-ribbon_gray.png/thumbs","Visual/UI resource","MAS/game/mod_assets/thumbs/acs-ribbon_gray.png",".png","180","180","35662","Review manually before use."
"thumbnail_assets","acs-ribbon_green.png/thumbs","Visual/UI resource","MAS/game/mod_assets/thumbs/acs-ribbon_green.png",".png","180","180","37469","Review manually before use."
"thumbnail_assets","acs-ribbon_light_purple.png/thumbs","Visual/UI resource","MAS/game/mod_assets/thumbs/acs-ribbon_light_purple.png",".png","180","180","42579","Review manually before use."
"thumbnail_assets","acs-ribbon_peach.png/thumbs","Visual/UI resource","MAS/game/mod_assets/thumbs/acs-ribbon_peach.png",".png","180","180","42493","Review manually before use."
"thumbnail_assets","acs-ribbon_pink.png/thumbs","Visual/UI resource","MAS/game/mod_assets/thumbs/acs-ribbon_pink.png",".png","180","180","42370","Review manually before use."
"thumbnail_assets","acs-ribbon_platinum.png/thumbs","Visual/UI resource","MAS/game/mod_assets/thumbs/acs-ribbon_platinum.png",".png","180","180","39295","Review manually before use."
"thumbnail_assets","acs-ribbon_red.png/thumbs","Visual/UI resource","MAS/game/mod_assets/thumbs/acs-ribbon_red.png",".png","180","180","39120","Review manually before use."
"thumbnail_assets","acs-ribbon_ruby.png/thumbs","Visual/UI resource","MAS/game/mod_assets/thumbs/acs-ribbon_ruby.png",".png","180","180","40149","Review manually before use."
"thumbnail_assets","acs-ribbon_sapphire.png/thumbs","Visual/UI resource","MAS/game/mod_assets/thumbs/acs-ribbon_sapphire.png",".png","180","180","39494","Review manually before use."
"thumbnail_assets","acs-ribbon_silver.png/thumbs","Visual/UI resource","MAS/game/mod_assets/thumbs/acs-ribbon_silver.png",".png","180","180","37223","Review manually before use."
"thumbnail_assets","acs-ribbon_teal.png/thumbs","Visual/UI resource","MAS/game/mod_assets/thumbs/acs-ribbon_teal.png",".png","180","180","40648","Review manually before use."
"thumbnail_assets","acs-ribbon_wine.png/thumbs","Visual/UI resource","MAS/game/mod_assets/thumbs/acs-ribbon_wine.png",".png","180","180","36128","Review manually before use."
"thumbnail_assets","acs-ribbon_yellow.png/thumbs","Visual/UI resource","MAS/game/mod_assets/thumbs/acs-ribbon_yellow.png",".png","180","180","42045","Review manually before use."
"thumbnail_assets","acs-sirnimblybottoms_heart_choker.png/thumbs","Visual/UI resource","MAS/game/mod_assets/thumbs/acs-sirnimblybottoms_heart_choker.png",".png","180","180","45572","Review manually before use."
"thumbnail_assets","acs-trilasent_choker_flowered.png/thumbs","Visual/UI resource","MAS/game/mod_assets/thumbs/acs-trilasent_choker_flowered.png",".png","180","180","43042","Review manually before use."
"thumbnail_assets","acs-trilasent_choker_simple.png/thumbs","Visual/UI resource","MAS/game/mod_assets/thumbs/acs-trilasent_choker_simple.png",".png","180","180","41510","Review manually before use."
"thumbnail_assets","acs-velius94_bunnyscrunchie_blue.png/thumbs","Visual/UI resource","MAS/game/mod_assets/thumbs/acs-velius94_bunnyscrunchie_blue.png",".png","180","180","43158","Review manually before use."
"thumbnail_assets","acs-velius94_ribbon_black.png/thumbs","Visual/UI resource","MAS/game/mod_assets/thumbs/acs-velius94_ribbon_black.png",".png","180","180","29444","Review manually before use."
"thumbnail_assets","acs-velius94_ribbon_blue.png/thumbs","Visual/UI resource","MAS/game/mod_assets/thumbs/acs-velius94_ribbon_blue.png",".png","180","180","35453","Review manually before use."
"thumbnail_assets","acs-velius94_ribbon_dark_purple.png/thumbs","Visual/UI resource","MAS/game/mod_assets/thumbs/acs-velius94_ribbon_dark_purple.png",".png","180","180","33734","Review manually before use."
"thumbnail_assets","acs-velius94_ribbon_def.png/thumbs","Visual/UI resource","MAS/game/mod_assets/thumbs/acs-velius94_ribbon_def.png",".png","180","180","36942","Review manually before use."
"thumbnail_assets","acs-velius94_ribbon_emerald.png/thumbs","Visual/UI resource","MAS/game/mod_assets/thumbs/acs-velius94_ribbon_emerald.png",".png","180","180","31651","Review manually before use."
"thumbnail_assets","acs-velius94_ribbon_gray.png/thumbs","Visual/UI resource","MAS/game/mod_assets/thumbs/acs-velius94_ribbon_gray.png",".png","180","180","32422","Review manually before use."
"thumbnail_assets","acs-velius94_ribbon_green.png/thumbs","Visual/UI resource","MAS/game/mod_assets/thumbs/acs-velius94_ribbon_green.png",".png","180","180","35553","Review manually before use."
"thumbnail_assets","acs-velius94_ribbon_light_purple.png/thumbs","Visual/UI resource","MAS/game/mod_assets/thumbs/acs-velius94_ribbon_light_purple.png",".png","180","180","35528","Review manually before use."
"thumbnail_assets","acs-velius94_ribbon_peach.png/thumbs","Visual/UI resource","MAS/game/mod_assets/thumbs/acs-velius94_ribbon_peach.png",".png","180","180","35908","Review manually before use."
"thumbnail_assets","acs-velius94_ribbon_pink.png/thumbs","Visual/UI resource","MAS/game/mod_assets/thumbs/acs-velius94_ribbon_pink.png",".png","180","180","35550","Review manually before use."
"thumbnail_assets","acs-velius94_ribbon_platinum.png/thumbs","Visual/UI resource","MAS/game/mod_assets/thumbs/acs-velius94_ribbon_platinum.png",".png","180","180","36162","Review manually before use."
"thumbnail_assets","acs-velius94_ribbon_red.png/thumbs","Visual/UI resource","MAS/game/mod_assets/thumbs/acs-velius94_ribbon_red.png",".png","180","180","35030","Review manually before use."
"thumbnail_assets","acs-velius94_ribbon_ruby.png/thumbs","Visual/UI resource","MAS/game/mod_assets/thumbs/acs-velius94_ribbon_ruby.png",".png","180","180","32568","Review manually before use."
"thumbnail_assets","acs-velius94_ribbon_sapphire.png/thumbs","Visual/UI resource","MAS/game/mod_assets/thumbs/acs-velius94_ribbon_sapphire.png",".png","180","180","33890","Review manually before use."
"thumbnail_assets","acs-velius94_ribbon_silver.png/thumbs","Visual/UI resource","MAS/game/mod_assets/thumbs/acs-velius94_ribbon_silver.png",".png","180","180","35785","Review manually before use."
"thumbnail_assets","acs-velius94_ribbon_teal.png/thumbs","Visual/UI resource","MAS/game/mod_assets/thumbs/acs-velius94_ribbon_teal.png",".png","180","180","32161","Review manually before use."
"thumbnail_assets","acs-velius94_ribbon_wine.png/thumbs","Visual/UI resource","MAS/game/mod_assets/thumbs/acs-velius94_ribbon_wine.png",".png","180","180","32257","Review manually before use."
"thumbnail_assets","acs-velius94_ribbon_yellow.png/thumbs","Visual/UI resource","MAS/game/mod_assets/thumbs/acs-velius94_ribbon_yellow.png",".png","180","180","35871","Review manually before use."
"thumbnail_assets","clothes-blackdress.png/thumbs","Visual/UI resource","MAS/game/mod_assets/thumbs/clothes-blackdress.png",".png","180","180","54307","Review manually before use."
"thumbnail_assets","clothes-blackpinkdress.png/thumbs","Visual/UI resource","MAS/game/mod_assets/thumbs/clothes-blackpinkdress.png",".png","180","180","52285","Review manually before use."
"thumbnail_assets","clothes-briaryoung_bralette_red_ruffles.png/thumbs","Visual/UI resource","MAS/game/mod_assets/thumbs/clothes-briaryoung_bralette_red_ruffles.png",".png","180","180","52516","Review manually before use."
"thumbnail_assets","clothes-briaryoung_button_up_flowered.png/thumbs","Visual/UI resource","MAS/game/mod_assets/thumbs/clothes-briaryoung_button_up_flowered.png",".png","180","180","55573","Review manually before use."
"thumbnail_assets","clothes-briaryoung_dress_dark_blue_sparkle.png/thumbs","Visual/UI resource","MAS/game/mod_assets/thumbs/clothes-briaryoung_dress_dark_blue_sparkle.png",".png","180","180","53858","Review manually before use."
"thumbnail_assets","clothes-briaryoung_heart_cut_bikini_black.png/thumbs","Visual/UI resource","MAS/game/mod_assets/thumbs/clothes-briaryoung_heart_cut_bikini_black.png",".png","180","180","52788","Review manually before use."
"thumbnail_assets","clothes-briaryoung_heart_cut_bikini_green.png/thumbs","Visual/UI resource","MAS/game/mod_assets/thumbs/clothes-briaryoung_heart_cut_bikini_green.png",".png","180","180","52788","Review manually before use."
"thumbnail_assets","clothes-briaryoung_heart_cut_bikini_pink.png/thumbs","Visual/UI resource","MAS/game/mod_assets/thumbs/clothes-briaryoung_heart_cut_bikini_pink.png",".png","180","180","52647","Review manually before use."
"thumbnail_assets","clothes-briaryoung_heart_cut_bikini_purple.png/thumbs","Visual/UI resource","MAS/game/mod_assets/thumbs/clothes-briaryoung_heart_cut_bikini_purple.png",".png","180","180","52691","Review manually before use."
"thumbnail_assets","clothes-briaryoung_heart_cut_bikini_white.png/thumbs","Visual/UI resource","MAS/game/mod_assets/thumbs/clothes-briaryoung_heart_cut_bikini_white.png",".png","180","180","52923","Review manually before use."
"thumbnail_assets","clothes-briaryoung_heart_cut_bikini_yellow.png/thumbs","Visual/UI resource","MAS/game/mod_assets/thumbs/clothes-briaryoung_heart_cut_bikini_yellow.png",".png","180","180","52633","Review manually before use."
"thumbnail_assets","clothes-briaryoung_shuchiin_academy_uniform.png/thumbs","Visual/UI resource","MAS/game/mod_assets/thumbs/clothes-briaryoung_shuchiin_academy_uniform.png",".png","180","180","38301","Review manually before use."
"thumbnail_assets","clothes-briaryoung_sleeveless_turtleneck.png/thumbs","Visual/UI resource","MAS/game/mod_assets/thumbs/clothes-briaryoung_sleeveless_turtleneck.png",".png","180","180","54931","Review manually before use."
"thumbnail_assets","clothes-briaryoung_sleeveless_turtleneck_black.png/thumbs","Visual/UI resource","MAS/game/mod_assets/thumbs/clothes-briaryoung_sleeveless_turtleneck_black.png",".png","180","180","51400","Review manually before use."
"thumbnail_assets","clothes-briaryoung_tshirt_jurassic_park.png/thumbs","Visual/UI resource","MAS/game/mod_assets/thumbs/clothes-briaryoung_tshirt_jurassic_park.png",".png","180","180","52786","Review manually before use."
"thumbnail_assets","clothes-briaryoung_tshirt_jurassic_world.png/thumbs","Visual/UI resource","MAS/game/mod_assets/thumbs/clothes-briaryoung_tshirt_jurassic_world.png",".png","180","180","52932","Review manually before use."
"thumbnail_assets","clothes-briaryoung_vcut_crossed_straps_tanktop_white.png/thumbs","Visual/UI resource","MAS/game/mod_assets/thumbs/clothes-briaryoung_vcut_crossed_straps_tanktop_white.png",".png","180","180","52470","Review manually before use."
"thumbnail_assets","clothes-finale_green_dress.png/thumbs","Visual/UI resource","MAS/game/mod_assets/thumbs/clothes-finale_green_dress.png",".png","180","180","52907","Review manually before use."
"thumbnail_assets","clothes-finale_hoodie_green.png/thumbs","Visual/UI resource","MAS/game/mod_assets/thumbs/clothes-finale_hoodie_green.png",".png","180","180","52447","Review manually before use."
"thumbnail_assets","clothes-finale_jacket_brown.png/thumbs","Visual/UI resource","MAS/game/mod_assets/thumbs/clothes-finale_jacket_brown.png",".png","180","180","49838","Review manually before use."
"thumbnail_assets","clothes-finale_putonahappyface_shirt.png/thumbs","Visual/UI resource","MAS/game/mod_assets/thumbs/clothes-finale_putonahappyface_shirt.png",".png","180","180","52888","Review manually before use."
"thumbnail_assets","clothes-finale_shirt_blue.png/thumbs","Visual/UI resource","MAS/game/mod_assets/thumbs/clothes-finale_shirt_blue.png",".png","180","180","52496","Review manually before use."
"thumbnail_assets","clothes-finale_shirt_resthere.png/thumbs","Visual/UI resource","MAS/game/mod_assets/thumbs/clothes-finale_shirt_resthere.png",".png","180","180","53019","Review manually before use."
"thumbnail_assets","clothes-finale_sweatervest_blue.png/thumbs","Visual/UI resource","MAS/game/mod_assets/thumbs/clothes-finale_sweatervest_blue.png",".png","180","180","53681","Review manually before use."
"thumbnail_assets","clothes-finale_tanktop.png/thumbs","Visual/UI resource","MAS/game/mod_assets/thumbs/clothes-finale_tanktop.png",".png","180","180","52249","Review manually before use."
"thumbnail_assets","clothes-finale_turtleneck_sweater_beige.png/thumbs","Visual/UI resource","MAS/game/mod_assets/thumbs/clothes-finale_turtleneck_sweater_beige.png",".png","180","180","50898","Review manually before use."
"thumbnail_assets","clothes-hatana_2b.png/thumbs","Visual/UI resource","MAS/game/mod_assets/thumbs/clothes-hatana_2b.png",".png","180","180","42673","Review manually before use."
"thumbnail_assets","clothes-marisa.png/thumbs","Visual/UI resource","MAS/game/mod_assets/thumbs/clothes-marisa.png",".png","180","180","47237","Review manually before use."
"thumbnail_assets","clothes-mayjay_pink_kimono.png/thumbs","Visual/UI resource","MAS/game/mod_assets/thumbs/clothes-mayjay_pink_kimono.png",".png","180","180","59694","Review manually before use."
"thumbnail_assets","clothes-mocca_bun_blackandwhitestripedpullover.png/thumbs","Visual/UI resource","MAS/game/mod_assets/thumbs/clothes-mocca_bun_blackandwhitestripedpullover.png",".png","180","180","52882","Review manually before use."
"thumbnail_assets","clothes-multimokia_wine_asymmetrical_pullover.png/thumbs","Visual/UI resource","MAS/game/mod_assets/thumbs/clothes-multimokia_wine_asymmetrical_pullover.png",".png","180","180","51424","Review manually before use."
"thumbnail_assets","clothes-new_years_dress.png/thumbs","Visual/UI resource","MAS/game/mod_assets/thumbs/clothes-new_years_dress.png",".png","180","180","45786","Review manually before use."
"thumbnail_assets","clothes-nou_shirt.png/thumbs","Visual/UI resource","MAS/game/mod_assets/thumbs/clothes-nou_shirt.png",".png","180","180","60068","Review manually before use."
"thumbnail_assets","clothes-orcaramelo_bikini_shell.png/thumbs","Visual/UI resource","MAS/game/mod_assets/thumbs/clothes-orcaramelo_bikini_shell.png",".png","180","180","52902","Review manually before use."
"thumbnail_assets","clothes-orcaramelo_hatsune_miku.png/thumbs","Visual/UI resource","MAS/game/mod_assets/thumbs/clothes-orcaramelo_hatsune_miku.png",".png","180","180","46578","Review manually before use."
"thumbnail_assets","clothes-orcaramelo_sakuya_izayoi.png/thumbs","Visual/UI resource","MAS/game/mod_assets/thumbs/clothes-orcaramelo_sakuya_izayoi.png",".png","180","180","41518","Review manually before use."
"thumbnail_assets","clothes-orcaramelo_sweater_shoulderless.png/thumbs","Visual/UI resource","MAS/game/mod_assets/thumbs/clothes-orcaramelo_sweater_shoulderless.png",".png","180","180","55342","Review manually before use."
"thumbnail_assets","clothes-rin.png/thumbs","Visual/UI resource","MAS/game/mod_assets/thumbs/clothes-rin.png",".png","180","180","45128","Review manually before use."
"thumbnail_assets","clothes-santa.png/thumbs","Visual/UI resource","MAS/game/mod_assets/thumbs/clothes-santa.png",".png","180","180","45888","Review manually before use."
"thumbnail_assets","clothes-santa_lingerie.png/thumbs","Visual/UI resource","MAS/game/mod_assets/thumbs/clothes-santa_lingerie.png",".png","180","180","47475","Review manually before use."
"thumbnail_assets","clothes-schooluniform.png/thumbs","Visual/UI resource","MAS/game/mod_assets/thumbs/clothes-schooluniform.png",".png","180","180","54306","Review manually before use."
"thumbnail_assets","clothes-schooluniform_blazerless.png/thumbs","Visual/UI resource","MAS/game/mod_assets/thumbs/clothes-schooluniform_blazerless.png",".png","180","180","54610","Review manually before use."
"thumbnail_assets","clothes-spider_lingerie.png/thumbs","Visual/UI resource","MAS/game/mod_assets/thumbs/clothes-spider_lingerie.png",".png","180","180","48445","Review manually before use."
"thumbnail_assets","clothes-sundress_white.png/thumbs","Visual/UI resource","MAS/game/mod_assets/thumbs/clothes-sundress_white.png",".png","180","180","53300","Review manually before use."
"thumbnail_assets","clothes-vday_lingerie.png/thumbs","Visual/UI resource","MAS/game/mod_assets/thumbs/clothes-vday_lingerie.png",".png","180","180","53111","Review manually before use."
"thumbnail_assets","clothes-velius94_dress_whitenavyblue.png/thumbs","Visual/UI resource","MAS/game/mod_assets/thumbs/clothes-velius94_dress_whitenavyblue.png",".png","180","180","50032","Review manually before use."
"thumbnail_assets","clothes-velius94_shirt_pink.png/thumbs","Visual/UI resource","MAS/game/mod_assets/thumbs/clothes-velius94_shirt_pink.png",".png","180","180","52101","Review manually before use."
"thumbnail_assets","hair-braided.png/thumbs","Visual/UI resource","MAS/game/mod_assets/thumbs/hair-braided.png",".png","180","180","52208","Review manually before use."
"thumbnail_assets","hair-briaryoung_braid.png/thumbs","Visual/UI resource","MAS/game/mod_assets/thumbs/hair-briaryoung_braid.png",".png","180","180","46970","Review manually before use."
"thumbnail_assets","hair-briaryoung_bun_middle.png/thumbs","Visual/UI resource","MAS/game/mod_assets/thumbs/hair-briaryoung_bun_middle.png",".png","180","180","45481","Review manually before use."
"thumbnail_assets","hair-briaryoung_down_straight_bangs.png/thumbs","Visual/UI resource","MAS/game/mod_assets/thumbs/hair-briaryoung_down_straight_bangs.png",".png","180","180","44592","Review manually before use."
"thumbnail_assets","hair-briaryoung_hair_down_ponytail.png/thumbs","Visual/UI resource","MAS/game/mod_assets/thumbs/hair-briaryoung_hair_down_ponytail.png",".png","180","180","49657","Review manually before use."
"thumbnail_assets","hair-briaryoung_hair_down_twin_buns.png/thumbs","Visual/UI resource","MAS/game/mod_assets/thumbs/hair-briaryoung_hair_down_twin_buns.png",".png","180","180","52639","Review manually before use."
"thumbnail_assets","hair-briaryoung_hair_down_with_bun.png/thumbs","Visual/UI resource","MAS/game/mod_assets/thumbs/hair-briaryoung_hair_down_with_bun.png",".png","180","180","49197","Review manually before use."
"thumbnail_assets","hair-briaryoung_low_bun.png/thumbs","Visual/UI resource","MAS/game/mod_assets/thumbs/hair-briaryoung_low_bun.png",".png","180","180","49118","Review manually before use."
"thumbnail_assets","hair-briaryoung_pigtails.png/thumbs","Visual/UI resource","MAS/game/mod_assets/thumbs/hair-briaryoung_pigtails.png",".png","180","180","48849","Review manually before use."
"thumbnail_assets","hair-briaryoung_ponytail_middle.png/thumbs","Visual/UI resource","MAS/game/mod_assets/thumbs/hair-briaryoung_ponytail_middle.png",".png","180","180","43848","Review manually before use."
"thumbnail_assets","hair-briaryoung_short.png/thumbs","Visual/UI resource","MAS/game/mod_assets/thumbs/hair-briaryoung_short.png",".png","180","180","39543","Review manually before use."
"thumbnail_assets","hair-briaryoung_twin_braids.png/thumbs","Visual/UI resource","MAS/game/mod_assets/thumbs/hair-briaryoung_twin_braids.png",".png","180","180","50412","Review manually before use."
"thumbnail_assets","hair-briaryoung_usagi_braided.png/thumbs","Visual/UI resource","MAS/game/mod_assets/thumbs/hair-briaryoung_usagi_braided.png",".png","180","180","55442","Review manually before use."
"thumbnail_assets","hair-bun.png/thumbs","Visual/UI resource","MAS/game/mod_assets/thumbs/hair-bun.png",".png","180","180","47461","Review manually before use."
"thumbnail_assets","hair-def.png/thumbs","Visual/UI resource","MAS/game/mod_assets/thumbs/hair-def.png",".png","180","180","49473","Review manually before use."
"thumbnail_assets","hair-down.png/thumbs","Visual/UI resource","MAS/game/mod_assets/thumbs/hair-down.png",".png","180","180","43622","Review manually before use."
"thumbnail_assets","hair-downtiedstrand.png/thumbs","Visual/UI resource","MAS/game/mod_assets/thumbs/hair-downtiedstrand.png",".png","180","180","46107","Review manually before use."
"thumbnail_assets","hair-echo_downshort.png/thumbs","Visual/UI resource","MAS/game/mod_assets/thumbs/hair-echo_downshort.png",".png","180","180","44638","Review manually before use."
"thumbnail_assets","hair-echo_ponytailshort.png/thumbs","Visual/UI resource","MAS/game/mod_assets/thumbs/hair-echo_ponytailshort.png",".png","180","180","45438","Review manually before use."
"thumbnail_assets","hair-orcaramelo_bunbraid.png/thumbs","Visual/UI resource","MAS/game/mod_assets/thumbs/hair-orcaramelo_bunbraid.png",".png","180","180","47150","Review manually before use."
"thumbnail_assets","hair-orcaramelo_ponytailbraid.png/thumbs","Visual/UI resource","MAS/game/mod_assets/thumbs/hair-orcaramelo_ponytailbraid.png",".png","180","180","49711","Review manually before use."
"thumbnail_assets","hair-orcaramelo_twinbun.png/thumbs","Visual/UI resource","MAS/game/mod_assets/thumbs/hair-orcaramelo_twinbun.png",".png","180","180","48885","Review manually before use."
"thumbnail_assets","hair-orcaramelo_twintails.png/thumbs","Visual/UI resource","MAS/game/mod_assets/thumbs/hair-orcaramelo_twintails.png",".png","180","180","53062","Review manually before use."
"thumbnail_assets","hair-orcaramelo_usagi.png/thumbs","Visual/UI resource","MAS/game/mod_assets/thumbs/hair-orcaramelo_usagi.png",".png","180","180","56399","Review manually before use."
"thumbnail_assets","locked.png/thumbs","Visual/UI resource","MAS/game/mod_assets/thumbs/locked.png",".png","180","180","1613","Review manually before use."
"thumbnail_assets","remove.png/thumbs","Visual/UI resource","MAS/game/mod_assets/thumbs/remove.png",".png","180","180","3748","Review manually before use."
"thumbnail_assets","unknown.png/thumbs","Visual/UI resource","MAS/game/mod_assets/thumbs/unknown.png",".png","180","180","2147","Review manually before use."
"uncategorized","","Visual/UI resource","MAS/game/mod_assets/ee_sayori.png",".png","320","180","89429","Review manually before use."
"uncategorized","","Visual/UI resource","MAS/game/mod_assets/emptydesk.png",".png","1601","850","98850","Review manually before use."
"uncategorized","","Visual/UI resource","MAS/game/mod_assets/emptydesk-n.png",".png","1601","850","82246","Review manually before use."
"uncategorized","","Visual/UI resource","MAS/game/mod_assets/hkb_disabled_background.png",".png","120","35","223","Review manually before use."
"uncategorized","","Visual/UI resource","MAS/game/mod_assets/hkb_disabled_background_d.png",".png","120","35","235","Review manually before use."
"uncategorized","","Visual/UI resource","MAS/game/mod_assets/hkb_hover_background.png",".png","120","35","243","Review manually before use."
"uncategorized","","Visual/UI resource","MAS/game/mod_assets/hkb_hover_background_d.png",".png","120","35","264","Review manually before use."
"uncategorized","","Visual/UI resource","MAS/game/mod_assets/hkb_idle_background.png",".png","120","35","227","Review manually before use."
"uncategorized","","Visual/UI resource","MAS/game/mod_assets/hkb_idle_background_d.png",".png","120","35","245","Review manually before use."
"uncategorized","","Visual/UI resource","MAS/game/mod_assets/menu_new.png",".png","512","512","133330","Review manually before use."
"uncategorized","mbase/monika","Visual/UI resource","MAS/game/mod_assets/monika/mbase","",,,"183472","Review manually before use."
"uncategorized","NjM2ODZmNjM2ZjZjNjE3NDY1NzM=/monika","Visual/UI resource","MAS/game/mod_assets/monika/NjM2ODZmNjM2ZjZjNjE3NDY1NzM=","",,,"76229","Review manually before use."
"uncategorized","","Audio resource","MAS/game/mod_assets/mus_zzz_c2.ogg",".ogg",,,"57136","Review manually before use."
"uncategorized","","Visual/UI resource","MAS/game/mod_assets/music_menu.png",".png","1280","720","11877","Review manually before use."
"uncategorized","","Visual/UI resource","MAS/game/mod_assets/music_menu_d.png",".png","1280","720","13927","Review manually before use."
"uncategorized","","Visual/UI resource","MAS/game/mod_assets/poem_finalfarewell_desk.png",".png","200","73","16828","Review manually before use."
"uncategorized","","Visual/UI resource","MAS/game/mod_assets/poem_finalfarewell_desk_select.png",".png","200","73","16929","Review manually before use."
"uncategorized","","Metadata/config resource","MAS/game/mod_assets/sprite_map.json",".json",,,"2287","Review manually before use."
"uncategorized","","Visual/UI resource","MAS/game/mod_assets/updateavailable.png",".png","639","35","8679","Review manually before use."
"uncategorized","","Visual/UI resource","MAS/game/mod_assets/updateavailable_d.png",".png","639","35","7237","Review manually before use."
"weather_window_masks","def_day_mask.mp4/window","Day/night/weather window masks for atmosphere","MAS/game/mod_assets/window/def_day_mask.mp4",".mp4",,,"1306472","Use for time/weather atmosphere overlays in GUI."
"weather_window_masks","def_day_mask_fb.png/window","Day/night/weather window masks for atmosphere","MAS/game/mod_assets/window/def_day_mask_fb.png",".png","1280","720","76967","Use for time/weather atmosphere overlays in GUI."
"weather_window_masks","def_night_mask.mp4/window","Day/night/weather window masks for atmosphere","MAS/game/mod_assets/window/def_night_mask.mp4",".mp4",,,"6334017","Use for time/weather atmosphere overlays in GUI."
"weather_window_masks","def_night_mask_fb.png/window","Day/night/weather window masks for atmosphere","MAS/game/mod_assets/window/def_night_mask_fb.png",".png","1280","720","1031541","Use for time/weather atmosphere overlays in GUI."
"weather_window_masks","def_sunset_mask.mp4/window","Day/night/weather window masks for atmosphere","MAS/game/mod_assets/window/def_sunset_mask.mp4",".mp4",,,"2290399","Use for time/weather atmosphere overlays in GUI."
"weather_window_masks","def_sunset_mask_fb.png/window","Day/night/weather window masks for atmosphere","MAS/game/mod_assets/window/def_sunset_mask_fb.png",".png","1280","720","427539","Use for time/weather atmosphere overlays in GUI."
"weather_window_masks","overcast_day_mask.mpg/window","Day/night/weather window masks for atmosphere","MAS/game/mod_assets/window/overcast_day_mask.mpg",".mpg",,,"19363844","Use for time/weather atmosphere overlays in GUI."
"weather_window_masks","overcast_day_mask_fb.png/window","Day/night/weather window masks for atmosphere","MAS/game/mod_assets/window/overcast_day_mask_fb.png",".png","1280","720","395328","Use for time/weather atmosphere overlays in GUI."
"weather_window_masks","overcast_night_mask.mpg/window","Day/night/weather window masks for atmosphere","MAS/game/mod_assets/window/overcast_night_mask.mpg",".mpg",,,"18833412","Use for time/weather atmosphere overlays in GUI."
"weather_window_masks","overcast_night_mask_fb.png/window","Day/night/weather window masks for atmosphere","MAS/game/mod_assets/window/overcast_night_mask_fb.png",".png","1280","720","399206","Use for time/weather atmosphere overlays in GUI."
"weather_window_masks","rain_day_mask.mpg/window","Day/night/weather window masks for atmosphere","MAS/game/mod_assets/window/rain_day_mask.mpg",".mpg",,,"18921476","Use for time/weather atmosphere overlays in GUI."
"weather_window_masks","rain_day_mask_fb.png/window","Day/night/weather window masks for atmosphere","MAS/game/mod_assets/window/rain_day_mask_fb.png",".png","1280","720","444132","Use for time/weather atmosphere overlays in GUI."
"weather_window_masks","rain_night_mask.mpg/window","Day/night/weather window masks for atmosphere","MAS/game/mod_assets/window/rain_night_mask.mpg",".mpg",,,"18989060","Use for time/weather atmosphere overlays in GUI."
"weather_window_masks","rain_night_mask_fb.png/window","Day/night/weather window masks for atmosphere","MAS/game/mod_assets/window/rain_night_mask_fb.png",".png","1280","720","567398","Use for time/weather atmosphere overlays in GUI."
"weather_window_masks","snow_day_mask.mp4/window","Day/night/weather window masks for atmosphere","MAS/game/mod_assets/window/snow_day_mask.mp4",".mp4",,,"7495587","Use for time/weather atmosphere overlays in GUI."
"weather_window_masks","snow_day_mask_fb.png/window","Day/night/weather window masks for atmosphere","MAS/game/mod_assets/window/snow_day_mask_fb.png",".png","1280","720","517620","Use for time/weather atmosphere overlays in GUI."
"weather_window_masks","snow_night_mask.mp4/window","Day/night/weather window masks for atmosphere","MAS/game/mod_assets/window/snow_night_mask.mp4",".mp4",,,"5016436","Use for time/weather atmosphere overlays in GUI."
"weather_window_masks","snow_night_mask_fb.png/window","Day/night/weather window masks for atmosphere","MAS/game/mod_assets/window/snow_night_mask_fb.png",".png","1280","720","413094","Use for time/weather atmosphere overlays in GUI."
"weather_window_masks","snow_sunset_mask.mp4/window","Day/night/weather window masks for atmosphere","MAS/game/mod_assets/window/snow_sunset_mask.mp4",".mp4",,,"7463906","Use for time/weather atmosphere overlays in GUI."
"weather_window_masks","snow_sunset_mask_fb.png/window","Day/night/weather window masks for atmosphere","MAS/game/mod_assets/window/snow_sunset_mask_fb.png",".png","1280","720","532811","Use for time/weather atmosphere overlays in GUI."
